[2026-04-06T05:33:42.023+0000] {processor.py:186} INFO - Started process (PID=177) to work on /opt/airflow/dags/dag_student_performance.py
[2026-04-06T05:33:42.025+0000] {processor.py:914} INFO - Processing file /opt/airflow/dags/dag_student_performance.py for tasks to queue
[2026-04-06T05:33:42.028+0000] {logging_mixin.py:190} INFO - [2026-04-06T05:33:42.028+0000] {dagbag.py:588} INFO - Filling up the DagBag from /opt/airflow/dags/dag_student_performance.py
[2026-04-06T05:33:42.072+0000] {processor.py:925} INFO - DAG(s) 'create_student_performance_mart' retrieved from /opt/airflow/dags/dag_student_performance.py
[2026-04-06T05:33:42.114+0000] {logging_mixin.py:190} INFO - [2026-04-06T05:33:42.114+0000] {dag.py:3239} INFO - Sync 1 DAGs
[2026-04-06T05:33:42.141+0000] {logging_mixin.py:190} INFO - [2026-04-06T05:33:42.141+0000] {dag.py:4180} INFO - Setting next_dagrun for create_student_performance_mart to None, run_after=None
[2026-04-06T05:33:42.169+0000] {processor.py:208} INFO - Processing /opt/airflow/dags/dag_student_performance.py took 0.156 seconds
[2026-04-06T05:34:12.597+0000] {processor.py:186} INFO - Started process (PID=195) to work on /opt/airflow/dags/dag_student_performance.py
[2026-04-06T05:34:12.598+0000] {processor.py:914} INFO - Processing file /opt/airflow/dags/dag_student_performance.py for tasks to queue
[2026-04-06T05:34:12.602+0000] {logging_mixin.py:190} INFO - [2026-04-06T05:34:12.602+0000] {dagbag.py:588} INFO - Filling up the DagBag from /opt/airflow/dags/dag_student_performance.py
[2026-04-06T05:34:12.661+0000] {processor.py:925} INFO - DAG(s) 'create_student_performance_mart' retrieved from /opt/airflow/dags/dag_student_performance.py
[2026-04-06T05:34:12.705+0000] {logging_mixin.py:190} INFO - [2026-04-06T05:34:12.705+0000] {dag.py:3239} INFO - Sync 1 DAGs
[2026-04-06T05:34:12.726+0000] {logging_mixin.py:190} INFO - [2026-04-06T05:34:12.726+0000] {dag.py:4180} INFO - Setting next_dagrun for create_student_performance_mart to None, run_after=None
[2026-04-06T05:34:12.789+0000] {processor.py:208} INFO - Processing /opt/airflow/dags/dag_student_performance.py took 0.202 seconds
[2026-04-06T05:34:43.655+0000] {processor.py:186} INFO - Started process (PID=211) to work on /opt/airflow/dags/dag_student_performance.py
[2026-04-06T05:34:43.657+0000] {processor.py:914} INFO - Processing file /opt/airflow/dags/dag_student_performance.py for tasks to queue
[2026-04-06T05:34:43.661+0000] {logging_mixin.py:190} INFO - [2026-04-06T05:34:43.661+0000] {dagbag.py:588} INFO - Filling up the DagBag from /opt/airflow/dags/dag_student_performance.py
[2026-04-06T05:34:43.717+0000] {processor.py:925} INFO - DAG(s) 'create_student_performance_mart' retrieved from /opt/airflow/dags/dag_student_performance.py
[2026-04-06T05:34:43.758+0000] {logging_mixin.py:190} INFO - [2026-04-06T05:34:43.757+0000] {dag.py:3239} INFO - Sync 1 DAGs
[2026-04-06T05:34:43.779+0000] {logging_mixin.py:190} INFO - [2026-04-06T05:34:43.779+0000] {dag.py:4180} INFO - Setting next_dagrun for create_student_performance_mart to None, run_after=None
[2026-04-06T05:34:43.808+0000] {processor.py:208} INFO - Processing /opt/airflow/dags/dag_student_performance.py took 0.164 seconds
[2026-04-06T05:35:14.326+0000] {processor.py:186} INFO - Started process (PID=226) to work on /opt/airflow/dags/dag_student_performance.py
[2026-04-06T05:35:14.328+0000] {processor.py:914} INFO - Processing file /opt/airflow/dags/dag_student_performance.py for tasks to queue
[2026-04-06T05:35:14.331+0000] {logging_mixin.py:190} INFO - [2026-04-06T05:35:14.331+0000] {dagbag.py:588} INFO - Filling up the DagBag from /opt/airflow/dags/dag_student_performance.py
[2026-04-06T05:35:14.394+0000] {processor.py:925} INFO - DAG(s) 'create_student_performance_mart' retrieved from /opt/airflow/dags/dag_student_performance.py
[2026-04-06T05:35:14.434+0000] {logging_mixin.py:190} INFO - [2026-04-06T05:35:14.434+0000] {dag.py:3239} INFO - Sync 1 DAGs
[2026-04-06T05:35:14.455+0000] {logging_mixin.py:190} INFO - [2026-04-06T05:35:14.455+0000] {dag.py:4180} INFO - Setting next_dagrun for create_student_performance_mart to None, run_after=None
[2026-04-06T05:35:14.484+0000] {processor.py:208} INFO - Processing /opt/airflow/dags/dag_student_performance.py took 0.168 seconds
[2026-04-06T05:35:44.984+0000] {processor.py:186} INFO - Started process (PID=242) to work on /opt/airflow/dags/dag_student_performance.py
[2026-04-06T05:35:44.986+0000] {processor.py:914} INFO - Processing file /opt/airflow/dags/dag_student_performance.py for tasks to queue
[2026-04-06T05:35:44.990+0000] {logging_mixin.py:190} INFO - [2026-04-06T05:35:44.989+0000] {dagbag.py:588} INFO - Filling up the DagBag from /opt/airflow/dags/dag_student_performance.py
[2026-04-06T05:35:45.037+0000] {processor.py:925} INFO - DAG(s) 'create_student_performance_mart' retrieved from /opt/airflow/dags/dag_student_performance.py
[2026-04-06T05:35:45.074+0000] {logging_mixin.py:190} INFO - [2026-04-06T05:35:45.073+0000] {dag.py:3239} INFO - Sync 1 DAGs
[2026-04-06T05:35:45.094+0000] {logging_mixin.py:190} INFO - [2026-04-06T05:35:45.094+0000] {dag.py:4180} INFO - Setting next_dagrun for create_student_performance_mart to None, run_after=None
[2026-04-06T05:35:45.159+0000] {processor.py:208} INFO - Processing /opt/airflow/dags/dag_student_performance.py took 0.185 seconds
[2026-04-06T05:36:47.430+0000] {processor.py:186} INFO - Started process (PID=176) to work on /opt/airflow/dags/dag_student_performance.py
[2026-04-06T05:36:47.432+0000] {processor.py:914} INFO - Processing file /opt/airflow/dags/dag_student_performance.py for tasks to queue
[2026-04-06T05:36:47.437+0000] {logging_mixin.py:190} INFO - [2026-04-06T05:36:47.436+0000] {dagbag.py:588} INFO - Filling up the DagBag from /opt/airflow/dags/dag_student_performance.py
[2026-04-06T05:36:47.497+0000] {processor.py:925} INFO - DAG(s) 'create_student_performance_mart' retrieved from /opt/airflow/dags/dag_student_performance.py
[2026-04-06T05:36:47.560+0000] {logging_mixin.py:190} INFO - [2026-04-06T05:36:47.560+0000] {dag.py:3239} INFO - Sync 1 DAGs
[2026-04-06T05:36:47.586+0000] {logging_mixin.py:190} INFO - [2026-04-06T05:36:47.585+0000] {dag.py:4180} INFO - Setting next_dagrun for create_student_performance_mart to None, run_after=None
[2026-04-06T05:36:47.614+0000] {processor.py:208} INFO - Processing /opt/airflow/dags/dag_student_performance.py took 0.196 seconds
[2026-04-06T05:37:18.093+0000] {processor.py:186} INFO - Started process (PID=191) to work on /opt/airflow/dags/dag_student_performance.py
[2026-04-06T05:37:18.095+0000] {processor.py:914} INFO - Processing file /opt/airflow/dags/dag_student_performance.py for tasks to queue
[2026-04-06T05:37:18.099+0000] {logging_mixin.py:190} INFO - [2026-04-06T05:37:18.098+0000] {dagbag.py:588} INFO - Filling up the DagBag from /opt/airflow/dags/dag_student_performance.py
[2026-04-06T05:37:18.159+0000] {processor.py:925} INFO - DAG(s) 'create_student_performance_mart' retrieved from /opt/airflow/dags/dag_student_performance.py
[2026-04-06T05:37:18.204+0000] {logging_mixin.py:190} INFO - [2026-04-06T05:37:18.204+0000] {dag.py:3239} INFO - Sync 1 DAGs
[2026-04-06T05:37:18.229+0000] {logging_mixin.py:190} INFO - [2026-04-06T05:37:18.229+0000] {dag.py:4180} INFO - Setting next_dagrun for create_student_performance_mart to None, run_after=None
[2026-04-06T05:37:18.262+0000] {processor.py:208} INFO - Processing /opt/airflow/dags/dag_student_performance.py took 0.179 seconds
[2026-04-06T05:37:49.024+0000] {processor.py:186} INFO - Started process (PID=207) to work on /opt/airflow/dags/dag_student_performance.py
[2026-04-06T05:37:49.026+0000] {processor.py:914} INFO - Processing file /opt/airflow/dags/dag_student_performance.py for tasks to queue
[2026-04-06T05:37:49.031+0000] {logging_mixin.py:190} INFO - [2026-04-06T05:37:49.030+0000] {dagbag.py:588} INFO - Filling up the DagBag from /opt/airflow/dags/dag_student_performance.py
[2026-04-06T05:37:49.085+0000] {processor.py:925} INFO - DAG(s) 'create_student_performance_mart' retrieved from /opt/airflow/dags/dag_student_performance.py
[2026-04-06T05:37:49.125+0000] {logging_mixin.py:190} INFO - [2026-04-06T05:37:49.124+0000] {dag.py:3239} INFO - Sync 1 DAGs
[2026-04-06T05:37:49.147+0000] {logging_mixin.py:190} INFO - [2026-04-06T05:37:49.147+0000] {dag.py:4180} INFO - Setting next_dagrun for create_student_performance_mart to None, run_after=None
[2026-04-06T05:37:49.215+0000] {processor.py:208} INFO - Processing /opt/airflow/dags/dag_student_performance.py took 0.202 seconds
[2026-04-06T05:38:19.545+0000] {processor.py:186} INFO - Started process (PID=223) to work on /opt/airflow/dags/dag_student_performance.py
[2026-04-06T05:38:19.547+0000] {processor.py:914} INFO - Processing file /opt/airflow/dags/dag_student_performance.py for tasks to queue
[2026-04-06T05:38:19.551+0000] {logging_mixin.py:190} INFO - [2026-04-06T05:38:19.550+0000] {dagbag.py:588} INFO - Filling up the DagBag from /opt/airflow/dags/dag_student_performance.py
[2026-04-06T05:38:19.619+0000] {processor.py:925} INFO - DAG(s) 'create_student_performance_mart' retrieved from /opt/airflow/dags/dag_student_performance.py
[2026-04-06T05:38:19.661+0000] {logging_mixin.py:190} INFO - [2026-04-06T05:38:19.660+0000] {dag.py:3239} INFO - Sync 1 DAGs
[2026-04-06T05:38:19.684+0000] {logging_mixin.py:190} INFO - [2026-04-06T05:38:19.684+0000] {dag.py:4180} INFO - Setting next_dagrun for create_student_performance_mart to None, run_after=None
[2026-04-06T05:38:19.715+0000] {processor.py:208} INFO - Processing /opt/airflow/dags/dag_student_performance.py took 0.194 seconds
[2026-04-06T05:38:50.260+0000] {processor.py:186} INFO - Started process (PID=242) to work on /opt/airflow/dags/dag_student_performance.py
[2026-04-06T05:38:50.262+0000] {processor.py:914} INFO - Processing file /opt/airflow/dags/dag_student_performance.py for tasks to queue
[2026-04-06T05:38:50.266+0000] {logging_mixin.py:190} INFO - [2026-04-06T05:38:50.266+0000] {dagbag.py:588} INFO - Filling up the DagBag from /opt/airflow/dags/dag_student_performance.py
[2026-04-06T05:38:50.316+0000] {processor.py:925} INFO - DAG(s) 'create_student_performance_mart' retrieved from /opt/airflow/dags/dag_student_performance.py
[2026-04-06T05:38:50.354+0000] {logging_mixin.py:190} INFO - [2026-04-06T05:38:50.354+0000] {dag.py:3239} INFO - Sync 1 DAGs
[2026-04-06T05:38:50.376+0000] {logging_mixin.py:190} INFO - [2026-04-06T05:38:50.376+0000] {dag.py:4180} INFO - Setting next_dagrun for create_student_performance_mart to None, run_after=None
[2026-04-06T05:38:50.443+0000] {processor.py:208} INFO - Processing /opt/airflow/dags/dag_student_performance.py took 0.193 seconds
[2026-04-06T05:39:20.729+0000] {processor.py:186} INFO - Started process (PID=258) to work on /opt/airflow/dags/dag_student_performance.py
[2026-04-06T05:39:20.731+0000] {processor.py:914} INFO - Processing file /opt/airflow/dags/dag_student_performance.py for tasks to queue
[2026-04-06T05:39:20.735+0000] {logging_mixin.py:190} INFO - [2026-04-06T05:39:20.734+0000] {dagbag.py:588} INFO - Filling up the DagBag from /opt/airflow/dags/dag_student_performance.py
[2026-04-06T05:39:20.785+0000] {processor.py:925} INFO - DAG(s) 'create_student_performance_mart' retrieved from /opt/airflow/dags/dag_student_performance.py
[2026-04-06T05:39:20.833+0000] {logging_mixin.py:190} INFO - [2026-04-06T05:39:20.832+0000] {dag.py:3239} INFO - Sync 1 DAGs
[2026-04-06T05:39:20.867+0000] {logging_mixin.py:190} INFO - [2026-04-06T05:39:20.867+0000] {dag.py:4180} INFO - Setting next_dagrun for create_student_performance_mart to None, run_after=None
[2026-04-06T05:39:20.898+0000] {processor.py:208} INFO - Processing /opt/airflow/dags/dag_student_performance.py took 0.179 seconds
[2026-04-06T05:39:51.467+0000] {processor.py:186} INFO - Started process (PID=274) to work on /opt/airflow/dags/dag_student_performance.py
[2026-04-06T05:39:51.469+0000] {processor.py:914} INFO - Processing file /opt/airflow/dags/dag_student_performance.py for tasks to queue
[2026-04-06T05:39:51.472+0000] {logging_mixin.py:190} INFO - [2026-04-06T05:39:51.472+0000] {dagbag.py:588} INFO - Filling up the DagBag from /opt/airflow/dags/dag_student_performance.py
[2026-04-06T05:39:51.521+0000] {processor.py:925} INFO - DAG(s) 'create_student_performance_mart' retrieved from /opt/airflow/dags/dag_student_performance.py
[2026-04-06T05:39:51.564+0000] {logging_mixin.py:190} INFO - [2026-04-06T05:39:51.563+0000] {dag.py:3239} INFO - Sync 1 DAGs
[2026-04-06T05:39:51.585+0000] {logging_mixin.py:190} INFO - [2026-04-06T05:39:51.585+0000] {dag.py:4180} INFO - Setting next_dagrun for create_student_performance_mart to None, run_after=None
[2026-04-06T05:39:51.617+0000] {processor.py:208} INFO - Processing /opt/airflow/dags/dag_student_performance.py took 0.160 seconds
[2026-04-06T05:40:22.156+0000] {processor.py:186} INFO - Started process (PID=290) to work on /opt/airflow/dags/dag_student_performance.py
[2026-04-06T05:40:22.157+0000] {processor.py:914} INFO - Processing file /opt/airflow/dags/dag_student_performance.py for tasks to queue
[2026-04-06T05:40:22.161+0000] {logging_mixin.py:190} INFO - [2026-04-06T05:40:22.160+0000] {dagbag.py:588} INFO - Filling up the DagBag from /opt/airflow/dags/dag_student_performance.py
[2026-04-06T05:40:22.215+0000] {processor.py:925} INFO - DAG(s) 'create_student_performance_mart' retrieved from /opt/airflow/dags/dag_student_performance.py
[2026-04-06T05:40:22.258+0000] {logging_mixin.py:190} INFO - [2026-04-06T05:40:22.257+0000] {dag.py:3239} INFO - Sync 1 DAGs
[2026-04-06T05:40:22.284+0000] {logging_mixin.py:190} INFO - [2026-04-06T05:40:22.284+0000] {dag.py:4180} INFO - Setting next_dagrun for create_student_performance_mart to None, run_after=None
[2026-04-06T05:40:22.325+0000] {processor.py:208} INFO - Processing /opt/airflow/dags/dag_student_performance.py took 0.180 seconds
[2026-04-06T05:40:52.841+0000] {processor.py:186} INFO - Started process (PID=327) to work on /opt/airflow/dags/dag_student_performance.py
[2026-04-06T05:40:52.843+0000] {processor.py:914} INFO - Processing file /opt/airflow/dags/dag_student_performance.py for tasks to queue
[2026-04-06T05:40:52.847+0000] {logging_mixin.py:190} INFO - [2026-04-06T05:40:52.846+0000] {dagbag.py:588} INFO - Filling up the DagBag from /opt/airflow/dags/dag_student_performance.py
[2026-04-06T05:40:52.895+0000] {processor.py:925} INFO - DAG(s) 'create_student_performance_mart' retrieved from /opt/airflow/dags/dag_student_performance.py
[2026-04-06T05:40:52.935+0000] {logging_mixin.py:190} INFO - [2026-04-06T05:40:52.934+0000] {dag.py:3239} INFO - Sync 1 DAGs
[2026-04-06T05:40:52.964+0000] {logging_mixin.py:190} INFO - [2026-04-06T05:40:52.964+0000] {dag.py:4180} INFO - Setting next_dagrun for create_student_performance_mart to None, run_after=None
[2026-04-06T05:40:53.034+0000] {processor.py:208} INFO - Processing /opt/airflow/dags/dag_student_performance.py took 0.200 seconds
[2026-04-06T05:41:23.383+0000] {processor.py:186} INFO - Started process (PID=343) to work on /opt/airflow/dags/dag_student_performance.py
[2026-04-06T05:41:23.384+0000] {processor.py:914} INFO - Processing file /opt/airflow/dags/dag_student_performance.py for tasks to queue
[2026-04-06T05:41:23.388+0000] {logging_mixin.py:190} INFO - [2026-04-06T05:41:23.388+0000] {dagbag.py:588} INFO - Filling up the DagBag from /opt/airflow/dags/dag_student_performance.py
[2026-04-06T05:41:23.446+0000] {processor.py:925} INFO - DAG(s) 'create_student_performance_mart' retrieved from /opt/airflow/dags/dag_student_performance.py
[2026-04-06T05:41:23.495+0000] {logging_mixin.py:190} INFO - [2026-04-06T05:41:23.495+0000] {dag.py:3239} INFO - Sync 1 DAGs
[2026-04-06T05:41:23.516+0000] {logging_mixin.py:190} INFO - [2026-04-06T05:41:23.515+0000] {dag.py:4180} INFO - Setting next_dagrun for create_student_performance_mart to None, run_after=None
[2026-04-06T05:41:23.587+0000] {processor.py:208} INFO - Processing /opt/airflow/dags/dag_student_performance.py took 0.214 seconds
[2026-04-06T05:41:54.177+0000] {processor.py:186} INFO - Started process (PID=359) to work on /opt/airflow/dags/dag_student_performance.py
[2026-04-06T05:41:54.180+0000] {processor.py:914} INFO - Processing file /opt/airflow/dags/dag_student_performance.py for tasks to queue
[2026-04-06T05:41:54.184+0000] {logging_mixin.py:190} INFO - [2026-04-06T05:41:54.184+0000] {dagbag.py:588} INFO - Filling up the DagBag from /opt/airflow/dags/dag_student_performance.py
[2026-04-06T05:41:54.245+0000] {processor.py:925} INFO - DAG(s) 'create_student_performance_mart' retrieved from /opt/airflow/dags/dag_student_performance.py
[2026-04-06T05:41:54.285+0000] {logging_mixin.py:190} INFO - [2026-04-06T05:41:54.285+0000] {dag.py:3239} INFO - Sync 1 DAGs
[2026-04-06T05:41:54.307+0000] {logging_mixin.py:190} INFO - [2026-04-06T05:41:54.306+0000] {dag.py:4180} INFO - Setting next_dagrun for create_student_performance_mart to None, run_after=None
[2026-04-06T05:41:54.371+0000] {processor.py:208} INFO - Processing /opt/airflow/dags/dag_student_performance.py took 0.207 seconds
[2026-04-06T05:42:24.669+0000] {processor.py:186} INFO - Started process (PID=375) to work on /opt/airflow/dags/dag_student_performance.py
[2026-04-06T05:42:24.671+0000] {processor.py:914} INFO - Processing file /opt/airflow/dags/dag_student_performance.py for tasks to queue
[2026-04-06T05:42:24.675+0000] {logging_mixin.py:190} INFO - [2026-04-06T05:42:24.674+0000] {dagbag.py:588} INFO - Filling up the DagBag from /opt/airflow/dags/dag_student_performance.py
[2026-04-06T05:42:24.717+0000] {processor.py:925} INFO - DAG(s) 'create_student_performance_mart' retrieved from /opt/airflow/dags/dag_student_performance.py
[2026-04-06T05:42:24.756+0000] {logging_mixin.py:190} INFO - [2026-04-06T05:42:24.756+0000] {dag.py:3239} INFO - Sync 1 DAGs
[2026-04-06T05:42:24.777+0000] {logging_mixin.py:190} INFO - [2026-04-06T05:42:24.776+0000] {dag.py:4180} INFO - Setting next_dagrun for create_student_performance_mart to None, run_after=None
[2026-04-06T05:42:24.839+0000] {processor.py:208} INFO - Processing /opt/airflow/dags/dag_student_performance.py took 0.179 seconds
[2026-04-06T05:42:55.363+0000] {processor.py:186} INFO - Started process (PID=406) to work on /opt/airflow/dags/dag_student_performance.py
[2026-04-06T05:42:55.365+0000] {processor.py:914} INFO - Processing file /opt/airflow/dags/dag_student_performance.py for tasks to queue
[2026-04-06T05:42:55.369+0000] {logging_mixin.py:190} INFO - [2026-04-06T05:42:55.368+0000] {dagbag.py:588} INFO - Filling up the DagBag from /opt/airflow/dags/dag_student_performance.py
[2026-04-06T05:42:55.425+0000] {processor.py:925} INFO - DAG(s) 'create_student_performance_mart' retrieved from /opt/airflow/dags/dag_student_performance.py
[2026-04-06T05:42:55.460+0000] {logging_mixin.py:190} INFO - [2026-04-06T05:42:55.460+0000] {dag.py:3239} INFO - Sync 1 DAGs
[2026-04-06T05:42:55.479+0000] {logging_mixin.py:190} INFO - [2026-04-06T05:42:55.479+0000] {dag.py:4180} INFO - Setting next_dagrun for create_student_performance_mart to None, run_after=None
[2026-04-06T05:42:55.544+0000] {processor.py:208} INFO - Processing /opt/airflow/dags/dag_student_performance.py took 0.190 seconds
[2026-04-06T05:43:25.877+0000] {processor.py:186} INFO - Started process (PID=422) to work on /opt/airflow/dags/dag_student_performance.py
[2026-04-06T05:43:25.878+0000] {processor.py:914} INFO - Processing file /opt/airflow/dags/dag_student_performance.py for tasks to queue
[2026-04-06T05:43:25.882+0000] {logging_mixin.py:190} INFO - [2026-04-06T05:43:25.881+0000] {dagbag.py:588} INFO - Filling up the DagBag from /opt/airflow/dags/dag_student_performance.py
[2026-04-06T05:43:25.943+0000] {processor.py:925} INFO - DAG(s) 'create_student_performance_mart' retrieved from /opt/airflow/dags/dag_student_performance.py
[2026-04-06T05:43:25.983+0000] {logging_mixin.py:190} INFO - [2026-04-06T05:43:25.982+0000] {dag.py:3239} INFO - Sync 1 DAGs
[2026-04-06T05:43:26.011+0000] {logging_mixin.py:190} INFO - [2026-04-06T05:43:26.011+0000] {dag.py:4180} INFO - Setting next_dagrun for create_student_performance_mart to None, run_after=None
[2026-04-06T05:43:26.077+0000] {processor.py:208} INFO - Processing /opt/airflow/dags/dag_student_performance.py took 0.209 seconds
[2026-04-06T05:43:56.526+0000] {processor.py:186} INFO - Started process (PID=438) to work on /opt/airflow/dags/dag_student_performance.py
[2026-04-06T05:43:56.528+0000] {processor.py:914} INFO - Processing file /opt/airflow/dags/dag_student_performance.py for tasks to queue
[2026-04-06T05:43:56.533+0000] {logging_mixin.py:190} INFO - [2026-04-06T05:43:56.532+0000] {dagbag.py:588} INFO - Filling up the DagBag from /opt/airflow/dags/dag_student_performance.py
[2026-04-06T05:43:56.588+0000] {processor.py:925} INFO - DAG(s) 'create_student_performance_mart' retrieved from /opt/airflow/dags/dag_student_performance.py
[2026-04-06T05:43:56.624+0000] {logging_mixin.py:190} INFO - [2026-04-06T05:43:56.624+0000] {dag.py:3239} INFO - Sync 1 DAGs
[2026-04-06T05:43:56.645+0000] {logging_mixin.py:190} INFO - [2026-04-06T05:43:56.645+0000] {dag.py:4180} INFO - Setting next_dagrun for create_student_performance_mart to None, run_after=None
[2026-04-06T05:43:56.709+0000] {processor.py:208} INFO - Processing /opt/airflow/dags/dag_student_performance.py took 0.191 seconds
[2026-04-06T05:44:27.014+0000] {processor.py:186} INFO - Started process (PID=454) to work on /opt/airflow/dags/dag_student_performance.py
[2026-04-06T05:44:27.016+0000] {processor.py:914} INFO - Processing file /opt/airflow/dags/dag_student_performance.py for tasks to queue
[2026-04-06T05:44:27.020+0000] {logging_mixin.py:190} INFO - [2026-04-06T05:44:27.020+0000] {dagbag.py:588} INFO - Filling up the DagBag from /opt/airflow/dags/dag_student_performance.py
[2026-04-06T05:44:27.082+0000] {processor.py:925} INFO - DAG(s) 'create_student_performance_mart' retrieved from /opt/airflow/dags/dag_student_performance.py
[2026-04-06T05:44:27.131+0000] {logging_mixin.py:190} INFO - [2026-04-06T05:44:27.130+0000] {dag.py:3239} INFO - Sync 1 DAGs
[2026-04-06T05:44:27.155+0000] {logging_mixin.py:190} INFO - [2026-04-06T05:44:27.155+0000] {dag.py:4180} INFO - Setting next_dagrun for create_student_performance_mart to None, run_after=None
[2026-04-06T05:44:27.223+0000] {processor.py:208} INFO - Processing /opt/airflow/dags/dag_student_performance.py took 0.219 seconds
[2026-04-06T05:44:57.611+0000] {processor.py:186} INFO - Started process (PID=470) to work on /opt/airflow/dags/dag_student_performance.py
[2026-04-06T05:44:57.613+0000] {processor.py:914} INFO - Processing file /opt/airflow/dags/dag_student_performance.py for tasks to queue
[2026-04-06T05:44:57.618+0000] {logging_mixin.py:190} INFO - [2026-04-06T05:44:57.618+0000] {dagbag.py:588} INFO - Filling up the DagBag from /opt/airflow/dags/dag_student_performance.py
[2026-04-06T05:44:57.676+0000] {processor.py:925} INFO - DAG(s) 'create_student_performance_mart' retrieved from /opt/airflow/dags/dag_student_performance.py
[2026-04-06T05:44:57.726+0000] {logging_mixin.py:190} INFO - [2026-04-06T05:44:57.726+0000] {dag.py:3239} INFO - Sync 1 DAGs
[2026-04-06T05:44:57.756+0000] {logging_mixin.py:190} INFO - [2026-04-06T05:44:57.756+0000] {dag.py:4180} INFO - Setting next_dagrun for create_student_performance_mart to None, run_after=None
[2026-04-06T05:44:57.823+0000] {processor.py:208} INFO - Processing /opt/airflow/dags/dag_student_performance.py took 0.224 seconds
[2026-04-06T05:45:28.190+0000] {processor.py:186} INFO - Started process (PID=486) to work on /opt/airflow/dags/dag_student_performance.py
[2026-04-06T05:45:28.192+0000] {processor.py:914} INFO - Processing file /opt/airflow/dags/dag_student_performance.py for tasks to queue
[2026-04-06T05:45:28.196+0000] {logging_mixin.py:190} INFO - [2026-04-06T05:45:28.196+0000] {dagbag.py:588} INFO - Filling up the DagBag from /opt/airflow/dags/dag_student_performance.py
[2026-04-06T05:45:28.260+0000] {processor.py:925} INFO - DAG(s) 'create_student_performance_mart' retrieved from /opt/airflow/dags/dag_student_performance.py
[2026-04-06T05:45:28.302+0000] {logging_mixin.py:190} INFO - [2026-04-06T05:45:28.302+0000] {dag.py:3239} INFO - Sync 1 DAGs
[2026-04-06T05:45:28.322+0000] {logging_mixin.py:190} INFO - [2026-04-06T05:45:28.322+0000] {dag.py:4180} INFO - Setting next_dagrun for create_student_performance_mart to None, run_after=None
[2026-04-06T05:45:28.388+0000] {processor.py:208} INFO - Processing /opt/airflow/dags/dag_student_performance.py took 0.208 seconds
[2026-04-06T05:45:58.767+0000] {processor.py:186} INFO - Started process (PID=505) to work on /opt/airflow/dags/dag_student_performance.py
[2026-04-06T05:45:58.768+0000] {processor.py:914} INFO - Processing file /opt/airflow/dags/dag_student_performance.py for tasks to queue
[2026-04-06T05:45:58.772+0000] {logging_mixin.py:190} INFO - [2026-04-06T05:45:58.771+0000] {dagbag.py:588} INFO - Filling up the DagBag from /opt/airflow/dags/dag_student_performance.py
[2026-04-06T05:45:58.822+0000] {processor.py:925} INFO - DAG(s) 'create_student_performance_mart' retrieved from /opt/airflow/dags/dag_student_performance.py
[2026-04-06T05:45:58.857+0000] {logging_mixin.py:190} INFO - [2026-04-06T05:45:58.857+0000] {dag.py:3239} INFO - Sync 1 DAGs
[2026-04-06T05:45:58.875+0000] {logging_mixin.py:190} INFO - [2026-04-06T05:45:58.875+0000] {dag.py:4180} INFO - Setting next_dagrun for create_student_performance_mart to None, run_after=None
[2026-04-06T05:45:58.902+0000] {processor.py:208} INFO - Processing /opt/airflow/dags/dag_student_performance.py took 0.143 seconds
[2026-04-06T05:46:19.377+0000] {processor.py:186} INFO - Started process (PID=515) to work on /opt/airflow/dags/dag_student_performance.py
[2026-04-06T05:46:19.379+0000] {processor.py:914} INFO - Processing file /opt/airflow/dags/dag_student_performance.py for tasks to queue
[2026-04-06T05:46:19.383+0000] {logging_mixin.py:190} INFO - [2026-04-06T05:46:19.382+0000] {dagbag.py:588} INFO - Filling up the DagBag from /opt/airflow/dags/dag_student_performance.py
[2026-04-06T05:46:19.495+0000] {processor.py:925} INFO - DAG(s) 'create_student_performance_mart' retrieved from /opt/airflow/dags/dag_student_performance.py
[2026-04-06T05:46:19.535+0000] {logging_mixin.py:190} INFO - [2026-04-06T05:46:19.535+0000] {dag.py:3239} INFO - Sync 1 DAGs
[2026-04-06T05:46:19.558+0000] {logging_mixin.py:190} INFO - [2026-04-06T05:46:19.557+0000] {dag.py:4180} INFO - Setting next_dagrun for create_student_performance_mart to None, run_after=None
[2026-04-06T05:46:19.596+0000] {processor.py:208} INFO - Processing /opt/airflow/dags/dag_student_performance.py took 0.229 seconds
[2026-04-06T05:46:22.474+0000] {processor.py:186} INFO - Started process (PID=520) to work on /opt/airflow/dags/dag_student_performance.py
[2026-04-06T05:46:22.476+0000] {processor.py:914} INFO - Processing file /opt/airflow/dags/dag_student_performance.py for tasks to queue
[2026-04-06T05:46:22.480+0000] {logging_mixin.py:190} INFO - [2026-04-06T05:46:22.480+0000] {dagbag.py:588} INFO - Filling up the DagBag from /opt/airflow/dags/dag_student_performance.py
[2026-04-06T05:46:22.540+0000] {processor.py:925} INFO - DAG(s) 'create_student_performance_mart' retrieved from /opt/airflow/dags/dag_student_performance.py
[2026-04-06T05:46:22.583+0000] {logging_mixin.py:190} INFO - [2026-04-06T05:46:22.583+0000] {dag.py:3239} INFO - Sync 1 DAGs
[2026-04-06T05:46:22.605+0000] {logging_mixin.py:190} INFO - [2026-04-06T05:46:22.604+0000] {dag.py:4180} INFO - Setting next_dagrun for create_student_performance_mart to None, run_after=None
[2026-04-06T05:46:22.678+0000] {processor.py:208} INFO - Processing /opt/airflow/dags/dag_student_performance.py took 0.212 seconds
[2026-04-06T05:46:26.857+0000] {processor.py:186} INFO - Started process (PID=531) to work on /opt/airflow/dags/dag_student_performance.py
[2026-04-06T05:46:26.859+0000] {processor.py:914} INFO - Processing file /opt/airflow/dags/dag_student_performance.py for tasks to queue
[2026-04-06T05:46:26.863+0000] {logging_mixin.py:190} INFO - [2026-04-06T05:46:26.863+0000] {dagbag.py:588} INFO - Filling up the DagBag from /opt/airflow/dags/dag_student_performance.py
[2026-04-06T05:46:26.994+0000] {processor.py:925} INFO - DAG(s) 'create_student_performance_mart' retrieved from /opt/airflow/dags/dag_student_performance.py
[2026-04-06T05:46:27.050+0000] {logging_mixin.py:190} INFO - [2026-04-06T05:46:27.050+0000] {dag.py:3239} INFO - Sync 1 DAGs
[2026-04-06T05:46:27.080+0000] {logging_mixin.py:190} INFO - [2026-04-06T05:46:27.079+0000] {dag.py:4180} INFO - Setting next_dagrun for create_student_performance_mart to None, run_after=None
[2026-04-06T05:46:27.130+0000] {processor.py:208} INFO - Processing /opt/airflow/dags/dag_student_performance.py took 0.291 seconds
[2026-04-06T05:46:30.337+0000] {processor.py:186} INFO - Started process (PID=541) to work on /opt/airflow/dags/dag_student_performance.py
[2026-04-06T05:46:30.339+0000] {processor.py:914} INFO - Processing file /opt/airflow/dags/dag_student_performance.py for tasks to queue
[2026-04-06T05:46:30.343+0000] {logging_mixin.py:190} INFO - [2026-04-06T05:46:30.343+0000] {dagbag.py:588} INFO - Filling up the DagBag from /opt/airflow/dags/dag_student_performance.py
[2026-04-06T05:46:30.454+0000] {processor.py:925} INFO - DAG(s) 'create_student_performance_mart' retrieved from /opt/airflow/dags/dag_student_performance.py
[2026-04-06T05:46:30.500+0000] {logging_mixin.py:190} INFO - [2026-04-06T05:46:30.500+0000] {dag.py:3239} INFO - Sync 1 DAGs
[2026-04-06T05:46:30.525+0000] {logging_mixin.py:190} INFO - [2026-04-06T05:46:30.525+0000] {dag.py:4180} INFO - Setting next_dagrun for create_student_performance_mart to None, run_after=None
[2026-04-06T05:46:30.601+0000] {processor.py:208} INFO - Processing /opt/airflow/dags/dag_student_performance.py took 0.274 seconds
[2026-04-06T05:46:35.678+0000] {processor.py:186} INFO - Started process (PID=546) to work on /opt/airflow/dags/dag_student_performance.py
[2026-04-06T05:46:35.680+0000] {processor.py:914} INFO - Processing file /opt/airflow/dags/dag_student_performance.py for tasks to queue
[2026-04-06T05:46:35.685+0000] {logging_mixin.py:190} INFO - [2026-04-06T05:46:35.685+0000] {dagbag.py:588} INFO - Filling up the DagBag from /opt/airflow/dags/dag_student_performance.py
[2026-04-06T05:46:35.768+0000] {processor.py:925} INFO - DAG(s) 'create_student_performance_mart' retrieved from /opt/airflow/dags/dag_student_performance.py
[2026-04-06T05:46:35.813+0000] {logging_mixin.py:190} INFO - [2026-04-06T05:46:35.812+0000] {dag.py:3239} INFO - Sync 1 DAGs
[2026-04-06T05:46:35.840+0000] {logging_mixin.py:190} INFO - [2026-04-06T05:46:35.840+0000] {dag.py:4180} INFO - Setting next_dagrun for create_student_performance_mart to None, run_after=None
[2026-04-06T05:46:36.170+0000] {processor.py:208} INFO - Processing /opt/airflow/dags/dag_student_performance.py took 0.501 seconds
[2026-04-06T05:47:06.774+0000] {processor.py:186} INFO - Started process (PID=565) to work on /opt/airflow/dags/dag_student_performance.py
[2026-04-06T05:47:06.776+0000] {processor.py:914} INFO - Processing file /opt/airflow/dags/dag_student_performance.py for tasks to queue
[2026-04-06T05:47:06.780+0000] {logging_mixin.py:190} INFO - [2026-04-06T05:47:06.780+0000] {dagbag.py:588} INFO - Filling up the DagBag from /opt/airflow/dags/dag_student_performance.py
[2026-04-06T05:47:06.842+0000] {processor.py:925} INFO - DAG(s) 'create_student_performance_mart' retrieved from /opt/airflow/dags/dag_student_performance.py
[2026-04-06T05:47:06.877+0000] {logging_mixin.py:190} INFO - [2026-04-06T05:47:06.876+0000] {dag.py:3239} INFO - Sync 1 DAGs
[2026-04-06T05:47:06.898+0000] {logging_mixin.py:190} INFO - [2026-04-06T05:47:06.898+0000] {dag.py:4180} INFO - Setting next_dagrun for create_student_performance_mart to None, run_after=None
[2026-04-06T05:47:06.929+0000] {processor.py:208} INFO - Processing /opt/airflow/dags/dag_student_performance.py took 0.164 seconds
[2026-04-06T05:47:27.154+0000] {processor.py:186} INFO - Started process (PID=579) to work on /opt/airflow/dags/dag_student_performance.py
[2026-04-06T05:47:27.156+0000] {processor.py:914} INFO - Processing file /opt/airflow/dags/dag_student_performance.py for tasks to queue
[2026-04-06T05:47:27.162+0000] {logging_mixin.py:190} INFO - [2026-04-06T05:47:27.161+0000] {dagbag.py:588} INFO - Filling up the DagBag from /opt/airflow/dags/dag_student_performance.py
[2026-04-06T05:47:27.264+0000] {processor.py:925} INFO - DAG(s) 'create_student_performance_mart' retrieved from /opt/airflow/dags/dag_student_performance.py
[2026-04-06T05:47:27.303+0000] {logging_mixin.py:190} INFO - [2026-04-06T05:47:27.303+0000] {dag.py:3239} INFO - Sync 1 DAGs
[2026-04-06T05:47:27.323+0000] {logging_mixin.py:190} INFO - [2026-04-06T05:47:27.323+0000] {dag.py:4180} INFO - Setting next_dagrun for create_student_performance_mart to None, run_after=None
[2026-04-06T05:47:27.369+0000] {processor.py:208} INFO - Processing /opt/airflow/dags/dag_student_performance.py took 0.229 seconds
[2026-04-06T05:47:57.886+0000] {processor.py:186} INFO - Started process (PID=601) to work on /opt/airflow/dags/dag_student_performance.py
[2026-04-06T05:47:57.888+0000] {processor.py:914} INFO - Processing file /opt/airflow/dags/dag_student_performance.py for tasks to queue
[2026-04-06T05:47:57.891+0000] {logging_mixin.py:190} INFO - [2026-04-06T05:47:57.890+0000] {dagbag.py:588} INFO - Filling up the DagBag from /opt/airflow/dags/dag_student_performance.py
[2026-04-06T05:47:57.974+0000] {processor.py:925} INFO - DAG(s) 'create_student_performance_mart' retrieved from /opt/airflow/dags/dag_student_performance.py
[2026-04-06T05:47:58.022+0000] {logging_mixin.py:190} INFO - [2026-04-06T05:47:58.022+0000] {dag.py:3239} INFO - Sync 1 DAGs
[2026-04-06T05:47:58.048+0000] {logging_mixin.py:190} INFO - [2026-04-06T05:47:58.048+0000] {dag.py:4180} INFO - Setting next_dagrun for create_student_performance_mart to None, run_after=None
[2026-04-06T05:47:58.076+0000] {processor.py:208} INFO - Processing /opt/airflow/dags/dag_student_performance.py took 0.199 seconds
[2026-04-06T05:48:28.585+0000] {processor.py:186} INFO - Started process (PID=641) to work on /opt/airflow/dags/dag_student_performance.py
[2026-04-06T05:48:28.587+0000] {processor.py:914} INFO - Processing file /opt/airflow/dags/dag_student_performance.py for tasks to queue
[2026-04-06T05:48:28.591+0000] {logging_mixin.py:190} INFO - [2026-04-06T05:48:28.590+0000] {dagbag.py:588} INFO - Filling up the DagBag from /opt/airflow/dags/dag_student_performance.py
[2026-04-06T05:48:28.664+0000] {processor.py:925} INFO - DAG(s) 'create_student_performance_mart' retrieved from /opt/airflow/dags/dag_student_performance.py
[2026-04-06T05:48:28.705+0000] {logging_mixin.py:190} INFO - [2026-04-06T05:48:28.705+0000] {dag.py:3239} INFO - Sync 1 DAGs
[2026-04-06T05:48:28.722+0000] {logging_mixin.py:190} INFO - [2026-04-06T05:48:28.722+0000] {dag.py:4180} INFO - Setting next_dagrun for create_student_performance_mart to None, run_after=None
[2026-04-06T05:48:28.789+0000] {processor.py:208} INFO - Processing /opt/airflow/dags/dag_student_performance.py took 0.215 seconds
[2026-04-06T05:48:59.307+0000] {processor.py:186} INFO - Started process (PID=657) to work on /opt/airflow/dags/dag_student_performance.py
[2026-04-06T05:48:59.309+0000] {processor.py:914} INFO - Processing file /opt/airflow/dags/dag_student_performance.py for tasks to queue
[2026-04-06T05:48:59.312+0000] {logging_mixin.py:190} INFO - [2026-04-06T05:48:59.312+0000] {dagbag.py:588} INFO - Filling up the DagBag from /opt/airflow/dags/dag_student_performance.py
[2026-04-06T05:48:59.364+0000] {processor.py:925} INFO - DAG(s) 'create_student_performance_mart' retrieved from /opt/airflow/dags/dag_student_performance.py
[2026-04-06T05:48:59.403+0000] {logging_mixin.py:190} INFO - [2026-04-06T05:48:59.402+0000] {dag.py:3239} INFO - Sync 1 DAGs
[2026-04-06T05:48:59.423+0000] {logging_mixin.py:190} INFO - [2026-04-06T05:48:59.422+0000] {dag.py:4180} INFO - Setting next_dagrun for create_student_performance_mart to None, run_after=None
[2026-04-06T05:48:59.491+0000] {processor.py:208} INFO - Processing /opt/airflow/dags/dag_student_performance.py took 0.192 seconds
[2026-04-06T05:49:30.001+0000] {processor.py:186} INFO - Started process (PID=673) to work on /opt/airflow/dags/dag_student_performance.py
[2026-04-06T05:49:30.003+0000] {processor.py:914} INFO - Processing file /opt/airflow/dags/dag_student_performance.py for tasks to queue
[2026-04-06T05:49:30.007+0000] {logging_mixin.py:190} INFO - [2026-04-06T05:49:30.006+0000] {dagbag.py:588} INFO - Filling up the DagBag from /opt/airflow/dags/dag_student_performance.py
[2026-04-06T05:49:30.061+0000] {processor.py:925} INFO - DAG(s) 'create_student_performance_mart' retrieved from /opt/airflow/dags/dag_student_performance.py
[2026-04-06T05:49:30.103+0000] {logging_mixin.py:190} INFO - [2026-04-06T05:49:30.103+0000] {dag.py:3239} INFO - Sync 1 DAGs
[2026-04-06T05:49:30.126+0000] {logging_mixin.py:190} INFO - [2026-04-06T05:49:30.126+0000] {dag.py:4180} INFO - Setting next_dagrun for create_student_performance_mart to None, run_after=None
[2026-04-06T05:49:30.161+0000] {processor.py:208} INFO - Processing /opt/airflow/dags/dag_student_performance.py took 0.169 seconds
[2026-04-06T05:50:00.721+0000] {processor.py:186} INFO - Started process (PID=689) to work on /opt/airflow/dags/dag_student_performance.py
[2026-04-06T05:50:00.724+0000] {processor.py:914} INFO - Processing file /opt/airflow/dags/dag_student_performance.py for tasks to queue
[2026-04-06T05:50:00.727+0000] {logging_mixin.py:190} INFO - [2026-04-06T05:50:00.727+0000] {dagbag.py:588} INFO - Filling up the DagBag from /opt/airflow/dags/dag_student_performance.py
[2026-04-06T05:50:00.802+0000] {processor.py:925} INFO - DAG(s) 'create_student_performance_mart' retrieved from /opt/airflow/dags/dag_student_performance.py
[2026-04-06T05:50:00.841+0000] {logging_mixin.py:190} INFO - [2026-04-06T05:50:00.841+0000] {dag.py:3239} INFO - Sync 1 DAGs
[2026-04-06T05:50:00.864+0000] {logging_mixin.py:190} INFO - [2026-04-06T05:50:00.863+0000] {dag.py:4180} INFO - Setting next_dagrun for create_student_performance_mart to None, run_after=None
[2026-04-06T05:50:00.897+0000] {processor.py:208} INFO - Processing /opt/airflow/dags/dag_student_performance.py took 0.184 seconds
[2026-04-06T05:50:31.434+0000] {processor.py:186} INFO - Started process (PID=705) to work on /opt/airflow/dags/dag_student_performance.py
[2026-04-06T05:50:31.436+0000] {processor.py:914} INFO - Processing file /opt/airflow/dags/dag_student_performance.py for tasks to queue
[2026-04-06T05:50:31.439+0000] {logging_mixin.py:190} INFO - [2026-04-06T05:50:31.439+0000] {dagbag.py:588} INFO - Filling up the DagBag from /opt/airflow/dags/dag_student_performance.py
[2026-04-06T05:50:31.502+0000] {processor.py:925} INFO - DAG(s) 'create_student_performance_mart' retrieved from /opt/airflow/dags/dag_student_performance.py
[2026-04-06T05:50:31.537+0000] {logging_mixin.py:190} INFO - [2026-04-06T05:50:31.537+0000] {dag.py:3239} INFO - Sync 1 DAGs
[2026-04-06T05:50:31.557+0000] {logging_mixin.py:190} INFO - [2026-04-06T05:50:31.557+0000] {dag.py:4180} INFO - Setting next_dagrun for create_student_performance_mart to None, run_after=None
[2026-04-06T05:50:31.586+0000] {processor.py:208} INFO - Processing /opt/airflow/dags/dag_student_performance.py took 0.160 seconds
[2026-04-06T05:51:02.124+0000] {processor.py:186} INFO - Started process (PID=735) to work on /opt/airflow/dags/dag_student_performance.py
[2026-04-06T05:51:02.126+0000] {processor.py:914} INFO - Processing file /opt/airflow/dags/dag_student_performance.py for tasks to queue
[2026-04-06T05:51:02.130+0000] {logging_mixin.py:190} INFO - [2026-04-06T05:51:02.130+0000] {dagbag.py:588} INFO - Filling up the DagBag from /opt/airflow/dags/dag_student_performance.py
[2026-04-06T05:51:02.194+0000] {processor.py:925} INFO - DAG(s) 'create_student_performance_mart' retrieved from /opt/airflow/dags/dag_student_performance.py
[2026-04-06T05:51:02.237+0000] {logging_mixin.py:190} INFO - [2026-04-06T05:51:02.236+0000] {dag.py:3239} INFO - Sync 1 DAGs
[2026-04-06T05:51:02.258+0000] {logging_mixin.py:190} INFO - [2026-04-06T05:51:02.258+0000] {dag.py:4180} INFO - Setting next_dagrun for create_student_performance_mart to None, run_after=None
[2026-04-06T05:51:02.286+0000] {processor.py:208} INFO - Processing /opt/airflow/dags/dag_student_performance.py took 0.171 seconds
[2026-04-06T05:51:32.800+0000] {processor.py:186} INFO - Started process (PID=751) to work on /opt/airflow/dags/dag_student_performance.py
[2026-04-06T05:51:32.802+0000] {processor.py:914} INFO - Processing file /opt/airflow/dags/dag_student_performance.py for tasks to queue
[2026-04-06T05:51:32.807+0000] {logging_mixin.py:190} INFO - [2026-04-06T05:51:32.807+0000] {dagbag.py:588} INFO - Filling up the DagBag from /opt/airflow/dags/dag_student_performance.py
[2026-04-06T05:51:32.881+0000] {processor.py:925} INFO - DAG(s) 'create_student_performance_mart' retrieved from /opt/airflow/dags/dag_student_performance.py
[2026-04-06T05:51:32.922+0000] {logging_mixin.py:190} INFO - [2026-04-06T05:51:32.921+0000] {dag.py:3239} INFO - Sync 1 DAGs
[2026-04-06T05:51:32.942+0000] {logging_mixin.py:190} INFO - [2026-04-06T05:51:32.942+0000] {dag.py:4180} INFO - Setting next_dagrun for create_student_performance_mart to None, run_after=None
[2026-04-06T05:51:33.003+0000] {processor.py:208} INFO - Processing /opt/airflow/dags/dag_student_performance.py took 0.212 seconds
[2026-04-06T05:52:03.691+0000] {processor.py:186} INFO - Started process (PID=767) to work on /opt/airflow/dags/dag_student_performance.py
[2026-04-06T05:52:03.693+0000] {processor.py:914} INFO - Processing file /opt/airflow/dags/dag_student_performance.py for tasks to queue
[2026-04-06T05:52:03.697+0000] {logging_mixin.py:190} INFO - [2026-04-06T05:52:03.696+0000] {dagbag.py:588} INFO - Filling up the DagBag from /opt/airflow/dags/dag_student_performance.py
[2026-04-06T05:52:03.769+0000] {processor.py:925} INFO - DAG(s) 'create_student_performance_mart' retrieved from /opt/airflow/dags/dag_student_performance.py
[2026-04-06T05:52:03.818+0000] {logging_mixin.py:190} INFO - [2026-04-06T05:52:03.817+0000] {dag.py:3239} INFO - Sync 1 DAGs
[2026-04-06T05:52:03.840+0000] {logging_mixin.py:190} INFO - [2026-04-06T05:52:03.839+0000] {dag.py:4180} INFO - Setting next_dagrun for create_student_performance_mart to None, run_after=None
[2026-04-06T05:52:03.877+0000] {processor.py:208} INFO - Processing /opt/airflow/dags/dag_student_performance.py took 0.194 seconds
[2026-04-06T05:52:34.397+0000] {processor.py:186} INFO - Started process (PID=783) to work on /opt/airflow/dags/dag_student_performance.py
[2026-04-06T05:52:34.399+0000] {processor.py:914} INFO - Processing file /opt/airflow/dags/dag_student_performance.py for tasks to queue
[2026-04-06T05:52:34.403+0000] {logging_mixin.py:190} INFO - [2026-04-06T05:52:34.402+0000] {dagbag.py:588} INFO - Filling up the DagBag from /opt/airflow/dags/dag_student_performance.py
[2026-04-06T05:52:34.460+0000] {processor.py:925} INFO - DAG(s) 'create_student_performance_mart' retrieved from /opt/airflow/dags/dag_student_performance.py
[2026-04-06T05:52:34.499+0000] {logging_mixin.py:190} INFO - [2026-04-06T05:52:34.498+0000] {dag.py:3239} INFO - Sync 1 DAGs
[2026-04-06T05:52:34.520+0000] {logging_mixin.py:190} INFO - [2026-04-06T05:52:34.520+0000] {dag.py:4180} INFO - Setting next_dagrun for create_student_performance_mart to None, run_after=None
[2026-04-06T05:52:34.587+0000] {processor.py:208} INFO - Processing /opt/airflow/dags/dag_student_performance.py took 0.198 seconds
[2026-04-06T05:53:05.160+0000] {processor.py:186} INFO - Started process (PID=799) to work on /opt/airflow/dags/dag_student_performance.py
[2026-04-06T05:53:05.162+0000] {processor.py:914} INFO - Processing file /opt/airflow/dags/dag_student_performance.py for tasks to queue
[2026-04-06T05:53:05.166+0000] {logging_mixin.py:190} INFO - [2026-04-06T05:53:05.165+0000] {dagbag.py:588} INFO - Filling up the DagBag from /opt/airflow/dags/dag_student_performance.py
[2026-04-06T05:53:05.227+0000] {processor.py:925} INFO - DAG(s) 'create_student_performance_mart' retrieved from /opt/airflow/dags/dag_student_performance.py
[2026-04-06T05:53:05.262+0000] {logging_mixin.py:190} INFO - [2026-04-06T05:53:05.262+0000] {dag.py:3239} INFO - Sync 1 DAGs
[2026-04-06T05:53:05.281+0000] {logging_mixin.py:190} INFO - [2026-04-06T05:53:05.281+0000] {dag.py:4180} INFO - Setting next_dagrun for create_student_performance_mart to None, run_after=None
[2026-04-06T05:53:05.350+0000] {processor.py:208} INFO - Processing /opt/airflow/dags/dag_student_performance.py took 0.200 seconds
[2026-04-06T05:53:36.155+0000] {processor.py:186} INFO - Started process (PID=815) to work on /opt/airflow/dags/dag_student_performance.py
[2026-04-06T05:53:36.157+0000] {processor.py:914} INFO - Processing file /opt/airflow/dags/dag_student_performance.py for tasks to queue
[2026-04-06T05:53:36.161+0000] {logging_mixin.py:190} INFO - [2026-04-06T05:53:36.161+0000] {dagbag.py:588} INFO - Filling up the DagBag from /opt/airflow/dags/dag_student_performance.py
[2026-04-06T05:53:36.222+0000] {processor.py:925} INFO - DAG(s) 'create_student_performance_mart' retrieved from /opt/airflow/dags/dag_student_performance.py
[2026-04-06T05:53:36.268+0000] {logging_mixin.py:190} INFO - [2026-04-06T05:53:36.268+0000] {dag.py:3239} INFO - Sync 1 DAGs
[2026-04-06T05:53:36.292+0000] {logging_mixin.py:190} INFO - [2026-04-06T05:53:36.291+0000] {dag.py:4180} INFO - Setting next_dagrun for create_student_performance_mart to None, run_after=None
[2026-04-06T05:53:36.327+0000] {processor.py:208} INFO - Processing /opt/airflow/dags/dag_student_performance.py took 0.183 seconds
[2026-04-06T05:54:06.501+0000] {processor.py:186} INFO - Started process (PID=831) to work on /opt/airflow/dags/dag_student_performance.py
[2026-04-06T05:54:06.503+0000] {processor.py:914} INFO - Processing file /opt/airflow/dags/dag_student_performance.py for tasks to queue
[2026-04-06T05:54:06.507+0000] {logging_mixin.py:190} INFO - [2026-04-06T05:54:06.507+0000] {dagbag.py:588} INFO - Filling up the DagBag from /opt/airflow/dags/dag_student_performance.py
[2026-04-06T05:54:06.572+0000] {processor.py:925} INFO - DAG(s) 'create_student_performance_mart' retrieved from /opt/airflow/dags/dag_student_performance.py
[2026-04-06T05:54:06.615+0000] {logging_mixin.py:190} INFO - [2026-04-06T05:54:06.614+0000] {dag.py:3239} INFO - Sync 1 DAGs
[2026-04-06T05:54:06.634+0000] {logging_mixin.py:190} INFO - [2026-04-06T05:54:06.634+0000] {dag.py:4180} INFO - Setting next_dagrun for create_student_performance_mart to None, run_after=None
[2026-04-06T05:54:06.699+0000] {processor.py:208} INFO - Processing /opt/airflow/dags/dag_student_performance.py took 0.211 seconds
[2026-04-06T05:54:37.336+0000] {processor.py:186} INFO - Started process (PID=847) to work on /opt/airflow/dags/dag_student_performance.py
[2026-04-06T05:54:37.338+0000] {processor.py:914} INFO - Processing file /opt/airflow/dags/dag_student_performance.py for tasks to queue
[2026-04-06T05:54:37.343+0000] {logging_mixin.py:190} INFO - [2026-04-06T05:54:37.342+0000] {dagbag.py:588} INFO - Filling up the DagBag from /opt/airflow/dags/dag_student_performance.py
[2026-04-06T05:54:37.409+0000] {processor.py:925} INFO - DAG(s) 'create_student_performance_mart' retrieved from /opt/airflow/dags/dag_student_performance.py
[2026-04-06T05:54:37.452+0000] {logging_mixin.py:190} INFO - [2026-04-06T05:54:37.452+0000] {dag.py:3239} INFO - Sync 1 DAGs
[2026-04-06T05:54:37.475+0000] {logging_mixin.py:190} INFO - [2026-04-06T05:54:37.475+0000] {dag.py:4180} INFO - Setting next_dagrun for create_student_performance_mart to None, run_after=None
[2026-04-06T05:54:37.549+0000] {processor.py:208} INFO - Processing /opt/airflow/dags/dag_student_performance.py took 0.224 seconds
[2026-04-06T05:55:08.140+0000] {processor.py:186} INFO - Started process (PID=863) to work on /opt/airflow/dags/dag_student_performance.py
[2026-04-06T05:55:08.141+0000] {processor.py:914} INFO - Processing file /opt/airflow/dags/dag_student_performance.py for tasks to queue
[2026-04-06T05:55:08.145+0000] {logging_mixin.py:190} INFO - [2026-04-06T05:55:08.145+0000] {dagbag.py:588} INFO - Filling up the DagBag from /opt/airflow/dags/dag_student_performance.py
[2026-04-06T05:55:08.185+0000] {processor.py:925} INFO - DAG(s) 'create_student_performance_mart' retrieved from /opt/airflow/dags/dag_student_performance.py
[2026-04-06T05:55:08.227+0000] {logging_mixin.py:190} INFO - [2026-04-06T05:55:08.227+0000] {dag.py:3239} INFO - Sync 1 DAGs
[2026-04-06T05:55:08.250+0000] {logging_mixin.py:190} INFO - [2026-04-06T05:55:08.250+0000] {dag.py:4180} INFO - Setting next_dagrun for create_student_performance_mart to None, run_after=None
[2026-04-06T05:55:08.319+0000] {processor.py:208} INFO - Processing /opt/airflow/dags/dag_student_performance.py took 0.189 seconds
[2026-04-06T05:55:38.987+0000] {processor.py:186} INFO - Started process (PID=879) to work on /opt/airflow/dags/dag_student_performance.py
[2026-04-06T05:55:38.989+0000] {processor.py:914} INFO - Processing file /opt/airflow/dags/dag_student_performance.py for tasks to queue
[2026-04-06T05:55:38.993+0000] {logging_mixin.py:190} INFO - [2026-04-06T05:55:38.992+0000] {dagbag.py:588} INFO - Filling up the DagBag from /opt/airflow/dags/dag_student_performance.py
[2026-04-06T05:55:39.050+0000] {processor.py:925} INFO - DAG(s) 'create_student_performance_mart' retrieved from /opt/airflow/dags/dag_student_performance.py
[2026-04-06T05:55:39.096+0000] {logging_mixin.py:190} INFO - [2026-04-06T05:55:39.096+0000] {dag.py:3239} INFO - Sync 1 DAGs
[2026-04-06T05:55:39.118+0000] {logging_mixin.py:190} INFO - [2026-04-06T05:55:39.118+0000] {dag.py:4180} INFO - Setting next_dagrun for create_student_performance_mart to None, run_after=None
[2026-04-06T05:55:39.150+0000] {processor.py:208} INFO - Processing /opt/airflow/dags/dag_student_performance.py took 0.173 seconds
[2026-04-06T05:56:09.855+0000] {processor.py:186} INFO - Started process (PID=895) to work on /opt/airflow/dags/dag_student_performance.py
[2026-04-06T05:56:09.857+0000] {processor.py:914} INFO - Processing file /opt/airflow/dags/dag_student_performance.py for tasks to queue
[2026-04-06T05:56:09.861+0000] {logging_mixin.py:190} INFO - [2026-04-06T05:56:09.860+0000] {dagbag.py:588} INFO - Filling up the DagBag from /opt/airflow/dags/dag_student_performance.py
[2026-04-06T05:56:09.923+0000] {processor.py:925} INFO - DAG(s) 'create_student_performance_mart' retrieved from /opt/airflow/dags/dag_student_performance.py
[2026-04-06T05:56:09.958+0000] {logging_mixin.py:190} INFO - [2026-04-06T05:56:09.957+0000] {dag.py:3239} INFO - Sync 1 DAGs
[2026-04-06T05:56:09.979+0000] {logging_mixin.py:190} INFO - [2026-04-06T05:56:09.979+0000] {dag.py:4180} INFO - Setting next_dagrun for create_student_performance_mart to None, run_after=None
[2026-04-06T05:56:10.009+0000] {processor.py:208} INFO - Processing /opt/airflow/dags/dag_student_performance.py took 0.164 seconds
[2026-04-06T05:56:40.541+0000] {processor.py:186} INFO - Started process (PID=911) to work on /opt/airflow/dags/dag_student_performance.py
[2026-04-06T05:56:40.543+0000] {processor.py:914} INFO - Processing file /opt/airflow/dags/dag_student_performance.py for tasks to queue
[2026-04-06T05:56:40.547+0000] {logging_mixin.py:190} INFO - [2026-04-06T05:56:40.546+0000] {dagbag.py:588} INFO - Filling up the DagBag from /opt/airflow/dags/dag_student_performance.py
[2026-04-06T05:56:40.619+0000] {processor.py:925} INFO - DAG(s) 'create_student_performance_mart' retrieved from /opt/airflow/dags/dag_student_performance.py
[2026-04-06T05:56:40.658+0000] {logging_mixin.py:190} INFO - [2026-04-06T05:56:40.658+0000] {dag.py:3239} INFO - Sync 1 DAGs
[2026-04-06T05:56:40.677+0000] {logging_mixin.py:190} INFO - [2026-04-06T05:56:40.677+0000] {dag.py:4180} INFO - Setting next_dagrun for create_student_performance_mart to None, run_after=None
[2026-04-06T05:56:40.747+0000] {processor.py:208} INFO - Processing /opt/airflow/dags/dag_student_performance.py took 0.216 seconds
[2026-04-06T05:57:11.484+0000] {processor.py:186} INFO - Started process (PID=927) to work on /opt/airflow/dags/dag_student_performance.py
[2026-04-06T05:57:11.486+0000] {processor.py:914} INFO - Processing file /opt/airflow/dags/dag_student_performance.py for tasks to queue
[2026-04-06T05:57:11.491+0000] {logging_mixin.py:190} INFO - [2026-04-06T05:57:11.490+0000] {dagbag.py:588} INFO - Filling up the DagBag from /opt/airflow/dags/dag_student_performance.py
[2026-04-06T05:57:11.543+0000] {processor.py:925} INFO - DAG(s) 'create_student_performance_mart' retrieved from /opt/airflow/dags/dag_student_performance.py
[2026-04-06T05:57:11.579+0000] {logging_mixin.py:190} INFO - [2026-04-06T05:57:11.579+0000] {dag.py:3239} INFO - Sync 1 DAGs
[2026-04-06T05:57:11.597+0000] {logging_mixin.py:190} INFO - [2026-04-06T05:57:11.597+0000] {dag.py:4180} INFO - Setting next_dagrun for create_student_performance_mart to None, run_after=None
[2026-04-06T05:57:11.636+0000] {processor.py:208} INFO - Processing /opt/airflow/dags/dag_student_performance.py took 0.161 seconds
[2026-04-06T05:57:42.123+0000] {processor.py:186} INFO - Started process (PID=943) to work on /opt/airflow/dags/dag_student_performance.py
[2026-04-06T05:57:42.124+0000] {processor.py:914} INFO - Processing file /opt/airflow/dags/dag_student_performance.py for tasks to queue
[2026-04-06T05:57:42.128+0000] {logging_mixin.py:190} INFO - [2026-04-06T05:57:42.127+0000] {dagbag.py:588} INFO - Filling up the DagBag from /opt/airflow/dags/dag_student_performance.py
[2026-04-06T05:57:42.187+0000] {processor.py:925} INFO - DAG(s) 'create_student_performance_mart' retrieved from /opt/airflow/dags/dag_student_performance.py
[2026-04-06T05:57:42.223+0000] {logging_mixin.py:190} INFO - [2026-04-06T05:57:42.223+0000] {dag.py:3239} INFO - Sync 1 DAGs
[2026-04-06T05:57:42.244+0000] {logging_mixin.py:190} INFO - [2026-04-06T05:57:42.244+0000] {dag.py:4180} INFO - Setting next_dagrun for create_student_performance_mart to None, run_after=None
[2026-04-06T05:57:42.321+0000] {processor.py:208} INFO - Processing /opt/airflow/dags/dag_student_performance.py took 0.207 seconds
[2026-04-06T05:58:12.853+0000] {processor.py:186} INFO - Started process (PID=959) to work on /opt/airflow/dags/dag_student_performance.py
[2026-04-06T05:58:12.855+0000] {processor.py:914} INFO - Processing file /opt/airflow/dags/dag_student_performance.py for tasks to queue
[2026-04-06T05:58:12.859+0000] {logging_mixin.py:190} INFO - [2026-04-06T05:58:12.858+0000] {dagbag.py:588} INFO - Filling up the DagBag from /opt/airflow/dags/dag_student_performance.py
[2026-04-06T05:58:12.919+0000] {processor.py:925} INFO - DAG(s) 'create_student_performance_mart' retrieved from /opt/airflow/dags/dag_student_performance.py
[2026-04-06T05:58:12.964+0000] {logging_mixin.py:190} INFO - [2026-04-06T05:58:12.964+0000] {dag.py:3239} INFO - Sync 1 DAGs
[2026-04-06T05:58:12.987+0000] {logging_mixin.py:190} INFO - [2026-04-06T05:58:12.987+0000] {dag.py:4180} INFO - Setting next_dagrun for create_student_performance_mart to None, run_after=None
[2026-04-06T05:58:13.053+0000] {processor.py:208} INFO - Processing /opt/airflow/dags/dag_student_performance.py took 0.210 seconds
[2026-04-06T05:58:43.597+0000] {processor.py:186} INFO - Started process (PID=975) to work on /opt/airflow/dags/dag_student_performance.py
[2026-04-06T05:58:43.599+0000] {processor.py:914} INFO - Processing file /opt/airflow/dags/dag_student_performance.py for tasks to queue
[2026-04-06T05:58:43.602+0000] {logging_mixin.py:190} INFO - [2026-04-06T05:58:43.601+0000] {dagbag.py:588} INFO - Filling up the DagBag from /opt/airflow/dags/dag_student_performance.py
[2026-04-06T05:58:43.656+0000] {processor.py:925} INFO - DAG(s) 'create_student_performance_mart' retrieved from /opt/airflow/dags/dag_student_performance.py
[2026-04-06T05:58:43.696+0000] {logging_mixin.py:190} INFO - [2026-04-06T05:58:43.696+0000] {dag.py:3239} INFO - Sync 1 DAGs
[2026-04-06T05:58:43.716+0000] {logging_mixin.py:190} INFO - [2026-04-06T05:58:43.716+0000] {dag.py:4180} INFO - Setting next_dagrun for create_student_performance_mart to None, run_after=None
[2026-04-06T05:58:43.782+0000] {processor.py:208} INFO - Processing /opt/airflow/dags/dag_student_performance.py took 0.196 seconds
[2026-04-06T05:59:14.336+0000] {processor.py:186} INFO - Started process (PID=992) to work on /opt/airflow/dags/dag_student_performance.py
[2026-04-06T05:59:14.338+0000] {processor.py:914} INFO - Processing file /opt/airflow/dags/dag_student_performance.py for tasks to queue
[2026-04-06T05:59:14.342+0000] {logging_mixin.py:190} INFO - [2026-04-06T05:59:14.341+0000] {dagbag.py:588} INFO - Filling up the DagBag from /opt/airflow/dags/dag_student_performance.py
[2026-04-06T05:59:14.418+0000] {processor.py:925} INFO - DAG(s) 'create_student_performance_mart' retrieved from /opt/airflow/dags/dag_student_performance.py
[2026-04-06T05:59:14.462+0000] {logging_mixin.py:190} INFO - [2026-04-06T05:59:14.462+0000] {dag.py:3239} INFO - Sync 1 DAGs
[2026-04-06T05:59:14.481+0000] {logging_mixin.py:190} INFO - [2026-04-06T05:59:14.481+0000] {dag.py:4180} INFO - Setting next_dagrun for create_student_performance_mart to None, run_after=None
[2026-04-06T05:59:14.550+0000] {processor.py:208} INFO - Processing /opt/airflow/dags/dag_student_performance.py took 0.226 seconds
[2026-04-06T05:59:45.099+0000] {processor.py:186} INFO - Started process (PID=1008) to work on /opt/airflow/dags/dag_student_performance.py
[2026-04-06T05:59:45.100+0000] {processor.py:914} INFO - Processing file /opt/airflow/dags/dag_student_performance.py for tasks to queue
[2026-04-06T05:59:45.103+0000] {logging_mixin.py:190} INFO - [2026-04-06T05:59:45.103+0000] {dagbag.py:588} INFO - Filling up the DagBag from /opt/airflow/dags/dag_student_performance.py
[2026-04-06T05:59:45.157+0000] {processor.py:925} INFO - DAG(s) 'create_student_performance_mart' retrieved from /opt/airflow/dags/dag_student_performance.py
[2026-04-06T05:59:45.199+0000] {logging_mixin.py:190} INFO - [2026-04-06T05:59:45.199+0000] {dag.py:3239} INFO - Sync 1 DAGs
[2026-04-06T05:59:45.220+0000] {logging_mixin.py:190} INFO - [2026-04-06T05:59:45.220+0000] {dag.py:4180} INFO - Setting next_dagrun for create_student_performance_mart to None, run_after=None
[2026-04-06T05:59:45.290+0000] {processor.py:208} INFO - Processing /opt/airflow/dags/dag_student_performance.py took 0.199 seconds
[2026-04-06T06:00:15.811+0000] {processor.py:186} INFO - Started process (PID=1024) to work on /opt/airflow/dags/dag_student_performance.py
[2026-04-06T06:00:15.813+0000] {processor.py:914} INFO - Processing file /opt/airflow/dags/dag_student_performance.py for tasks to queue
[2026-04-06T06:00:15.816+0000] {logging_mixin.py:190} INFO - [2026-04-06T06:00:15.815+0000] {dagbag.py:588} INFO - Filling up the DagBag from /opt/airflow/dags/dag_student_performance.py
[2026-04-06T06:00:15.851+0000] {processor.py:925} INFO - DAG(s) 'create_student_performance_mart' retrieved from /opt/airflow/dags/dag_student_performance.py
[2026-04-06T06:00:15.887+0000] {logging_mixin.py:190} INFO - [2026-04-06T06:00:15.886+0000] {dag.py:3239} INFO - Sync 1 DAGs
[2026-04-06T06:00:15.909+0000] {logging_mixin.py:190} INFO - [2026-04-06T06:00:15.908+0000] {dag.py:4180} INFO - Setting next_dagrun for create_student_performance_mart to None, run_after=None
[2026-04-06T06:00:15.935+0000] {processor.py:208} INFO - Processing /opt/airflow/dags/dag_student_performance.py took 0.134 seconds
[2026-04-06T06:00:46.484+0000] {processor.py:186} INFO - Started process (PID=1040) to work on /opt/airflow/dags/dag_student_performance.py
[2026-04-06T06:00:46.486+0000] {processor.py:914} INFO - Processing file /opt/airflow/dags/dag_student_performance.py for tasks to queue
[2026-04-06T06:00:46.495+0000] {logging_mixin.py:190} INFO - [2026-04-06T06:00:46.494+0000] {dagbag.py:588} INFO - Filling up the DagBag from /opt/airflow/dags/dag_student_performance.py
[2026-04-06T06:00:46.572+0000] {processor.py:925} INFO - DAG(s) 'create_student_performance_mart' retrieved from /opt/airflow/dags/dag_student_performance.py
[2026-04-06T06:00:46.620+0000] {logging_mixin.py:190} INFO - [2026-04-06T06:00:46.619+0000] {dag.py:3239} INFO - Sync 1 DAGs
[2026-04-06T06:00:46.639+0000] {logging_mixin.py:190} INFO - [2026-04-06T06:00:46.639+0000] {dag.py:4180} INFO - Setting next_dagrun for create_student_performance_mart to None, run_after=None
[2026-04-06T06:00:46.708+0000] {processor.py:208} INFO - Processing /opt/airflow/dags/dag_student_performance.py took 0.234 seconds
[2026-04-06T06:01:17.256+0000] {processor.py:186} INFO - Started process (PID=1056) to work on /opt/airflow/dags/dag_student_performance.py
[2026-04-06T06:01:17.258+0000] {processor.py:914} INFO - Processing file /opt/airflow/dags/dag_student_performance.py for tasks to queue
[2026-04-06T06:01:17.262+0000] {logging_mixin.py:190} INFO - [2026-04-06T06:01:17.261+0000] {dagbag.py:588} INFO - Filling up the DagBag from /opt/airflow/dags/dag_student_performance.py
[2026-04-06T06:01:17.332+0000] {processor.py:925} INFO - DAG(s) 'create_student_performance_mart' retrieved from /opt/airflow/dags/dag_student_performance.py
[2026-04-06T06:01:17.373+0000] {logging_mixin.py:190} INFO - [2026-04-06T06:01:17.372+0000] {dag.py:3239} INFO - Sync 1 DAGs
[2026-04-06T06:01:17.395+0000] {logging_mixin.py:190} INFO - [2026-04-06T06:01:17.394+0000] {dag.py:4180} INFO - Setting next_dagrun for create_student_performance_mart to None, run_after=None
[2026-04-06T06:01:17.464+0000] {processor.py:208} INFO - Processing /opt/airflow/dags/dag_student_performance.py took 0.218 seconds
[2026-04-06T06:01:48.187+0000] {processor.py:186} INFO - Started process (PID=1072) to work on /opt/airflow/dags/dag_student_performance.py
[2026-04-06T06:01:48.189+0000] {processor.py:914} INFO - Processing file /opt/airflow/dags/dag_student_performance.py for tasks to queue
[2026-04-06T06:01:48.193+0000] {logging_mixin.py:190} INFO - [2026-04-06T06:01:48.192+0000] {dagbag.py:588} INFO - Filling up the DagBag from /opt/airflow/dags/dag_student_performance.py
[2026-04-06T06:01:48.254+0000] {processor.py:925} INFO - DAG(s) 'create_student_performance_mart' retrieved from /opt/airflow/dags/dag_student_performance.py
[2026-04-06T06:01:48.292+0000] {logging_mixin.py:190} INFO - [2026-04-06T06:01:48.291+0000] {dag.py:3239} INFO - Sync 1 DAGs
[2026-04-06T06:01:48.311+0000] {logging_mixin.py:190} INFO - [2026-04-06T06:01:48.311+0000] {dag.py:4180} INFO - Setting next_dagrun for create_student_performance_mart to None, run_after=None
[2026-04-06T06:01:48.382+0000] {processor.py:208} INFO - Processing /opt/airflow/dags/dag_student_performance.py took 0.204 seconds
[2026-04-06T07:22:13.289+0000] {processor.py:186} INFO - Started process (PID=1088) to work on /opt/airflow/dags/dag_student_performance.py
[2026-04-06T07:22:13.293+0000] {processor.py:914} INFO - Processing file /opt/airflow/dags/dag_student_performance.py for tasks to queue
[2026-04-06T07:22:13.308+0000] {logging_mixin.py:190} INFO - [2026-04-06T07:22:13.308+0000] {dagbag.py:588} INFO - Filling up the DagBag from /opt/airflow/dags/dag_student_performance.py
[2026-04-06T07:22:13.786+0000] {processor.py:925} INFO - DAG(s) 'create_student_performance_mart' retrieved from /opt/airflow/dags/dag_student_performance.py
[2026-04-06T07:22:13.851+0000] {logging_mixin.py:190} INFO - [2026-04-06T07:22:13.850+0000] {dag.py:3239} INFO - Sync 1 DAGs
[2026-04-06T07:22:13.888+0000] {logging_mixin.py:190} INFO - [2026-04-06T07:22:13.887+0000] {dag.py:4180} INFO - Setting next_dagrun for create_student_performance_mart to None, run_after=None
[2026-04-06T07:22:13.958+0000] {processor.py:208} INFO - Processing /opt/airflow/dags/dag_student_performance.py took 0.678 seconds
[2026-04-06T07:22:44.322+0000] {processor.py:186} INFO - Started process (PID=1104) to work on /opt/airflow/dags/dag_student_performance.py
[2026-04-06T07:22:44.323+0000] {processor.py:914} INFO - Processing file /opt/airflow/dags/dag_student_performance.py for tasks to queue
[2026-04-06T07:22:44.325+0000] {logging_mixin.py:190} INFO - [2026-04-06T07:22:44.325+0000] {dagbag.py:588} INFO - Filling up the DagBag from /opt/airflow/dags/dag_student_performance.py
[2026-04-06T07:22:44.357+0000] {processor.py:925} INFO - DAG(s) 'create_student_performance_mart' retrieved from /opt/airflow/dags/dag_student_performance.py
[2026-04-06T07:22:44.384+0000] {logging_mixin.py:190} INFO - [2026-04-06T07:22:44.384+0000] {dag.py:3239} INFO - Sync 1 DAGs
[2026-04-06T07:22:44.399+0000] {logging_mixin.py:190} INFO - [2026-04-06T07:22:44.398+0000] {dag.py:4180} INFO - Setting next_dagrun for create_student_performance_mart to None, run_after=None
[2026-04-06T07:22:44.452+0000] {processor.py:208} INFO - Processing /opt/airflow/dags/dag_student_performance.py took 0.134 seconds
[2026-04-06T07:23:14.696+0000] {processor.py:186} INFO - Started process (PID=1120) to work on /opt/airflow/dags/dag_student_performance.py
[2026-04-06T07:23:14.697+0000] {processor.py:914} INFO - Processing file /opt/airflow/dags/dag_student_performance.py for tasks to queue
[2026-04-06T07:23:14.699+0000] {logging_mixin.py:190} INFO - [2026-04-06T07:23:14.699+0000] {dagbag.py:588} INFO - Filling up the DagBag from /opt/airflow/dags/dag_student_performance.py
[2026-04-06T07:23:14.725+0000] {processor.py:925} INFO - DAG(s) 'create_student_performance_mart' retrieved from /opt/airflow/dags/dag_student_performance.py
[2026-04-06T07:23:14.747+0000] {logging_mixin.py:190} INFO - [2026-04-06T07:23:14.747+0000] {dag.py:3239} INFO - Sync 1 DAGs
[2026-04-06T07:23:14.875+0000] {logging_mixin.py:190} INFO - [2026-04-06T07:23:14.875+0000] {dag.py:4180} INFO - Setting next_dagrun for create_student_performance_mart to None, run_after=None
[2026-04-06T07:23:14.903+0000] {processor.py:208} INFO - Processing /opt/airflow/dags/dag_student_performance.py took 0.211 seconds
[2026-04-06T07:23:45.098+0000] {processor.py:186} INFO - Started process (PID=1136) to work on /opt/airflow/dags/dag_student_performance.py
[2026-04-06T07:23:45.100+0000] {processor.py:914} INFO - Processing file /opt/airflow/dags/dag_student_performance.py for tasks to queue
[2026-04-06T07:23:45.103+0000] {logging_mixin.py:190} INFO - [2026-04-06T07:23:45.103+0000] {dagbag.py:588} INFO - Filling up the DagBag from /opt/airflow/dags/dag_student_performance.py
[2026-04-06T07:23:45.166+0000] {processor.py:925} INFO - DAG(s) 'create_student_performance_mart' retrieved from /opt/airflow/dags/dag_student_performance.py
[2026-04-06T07:23:45.201+0000] {logging_mixin.py:190} INFO - [2026-04-06T07:23:45.201+0000] {dag.py:3239} INFO - Sync 1 DAGs
[2026-04-06T07:23:45.221+0000] {logging_mixin.py:190} INFO - [2026-04-06T07:23:45.221+0000] {dag.py:4180} INFO - Setting next_dagrun for create_student_performance_mart to None, run_after=None
[2026-04-06T07:23:45.280+0000] {processor.py:208} INFO - Processing /opt/airflow/dags/dag_student_performance.py took 0.194 seconds
[2026-04-06T07:24:15.681+0000] {processor.py:186} INFO - Started process (PID=1152) to work on /opt/airflow/dags/dag_student_performance.py
[2026-04-06T07:24:15.683+0000] {processor.py:914} INFO - Processing file /opt/airflow/dags/dag_student_performance.py for tasks to queue
[2026-04-06T07:24:15.687+0000] {logging_mixin.py:190} INFO - [2026-04-06T07:24:15.686+0000] {dagbag.py:588} INFO - Filling up the DagBag from /opt/airflow/dags/dag_student_performance.py
[2026-04-06T07:24:15.736+0000] {processor.py:925} INFO - DAG(s) 'create_student_performance_mart' retrieved from /opt/airflow/dags/dag_student_performance.py
[2026-04-06T07:24:15.773+0000] {logging_mixin.py:190} INFO - [2026-04-06T07:24:15.773+0000] {dag.py:3239} INFO - Sync 1 DAGs
[2026-04-06T07:24:15.793+0000] {logging_mixin.py:190} INFO - [2026-04-06T07:24:15.793+0000] {dag.py:4180} INFO - Setting next_dagrun for create_student_performance_mart to None, run_after=None
[2026-04-06T07:24:15.820+0000] {processor.py:208} INFO - Processing /opt/airflow/dags/dag_student_performance.py took 0.149 seconds
[2026-04-06T07:24:46.676+0000] {processor.py:186} INFO - Started process (PID=1168) to work on /opt/airflow/dags/dag_student_performance.py
[2026-04-06T07:24:46.678+0000] {processor.py:914} INFO - Processing file /opt/airflow/dags/dag_student_performance.py for tasks to queue
[2026-04-06T07:24:46.684+0000] {logging_mixin.py:190} INFO - [2026-04-06T07:24:46.683+0000] {dagbag.py:588} INFO - Filling up the DagBag from /opt/airflow/dags/dag_student_performance.py
[2026-04-06T07:24:46.794+0000] {processor.py:925} INFO - DAG(s) 'create_student_performance_mart' retrieved from /opt/airflow/dags/dag_student_performance.py
[2026-04-06T07:24:46.855+0000] {logging_mixin.py:190} INFO - [2026-04-06T07:24:46.855+0000] {dag.py:3239} INFO - Sync 1 DAGs
[2026-04-06T07:24:46.886+0000] {logging_mixin.py:190} INFO - [2026-04-06T07:24:46.886+0000] {dag.py:4180} INFO - Setting next_dagrun for create_student_performance_mart to None, run_after=None
[2026-04-06T07:24:46.938+0000] {processor.py:208} INFO - Processing /opt/airflow/dags/dag_student_performance.py took 0.273 seconds
[2026-04-06T07:25:17.598+0000] {processor.py:186} INFO - Started process (PID=1184) to work on /opt/airflow/dags/dag_student_performance.py
[2026-04-06T07:25:17.600+0000] {processor.py:914} INFO - Processing file /opt/airflow/dags/dag_student_performance.py for tasks to queue
[2026-04-06T07:25:17.604+0000] {logging_mixin.py:190} INFO - [2026-04-06T07:25:17.604+0000] {dagbag.py:588} INFO - Filling up the DagBag from /opt/airflow/dags/dag_student_performance.py
[2026-04-06T07:25:17.663+0000] {processor.py:925} INFO - DAG(s) 'create_student_performance_mart' retrieved from /opt/airflow/dags/dag_student_performance.py
[2026-04-06T07:25:17.702+0000] {logging_mixin.py:190} INFO - [2026-04-06T07:25:17.701+0000] {dag.py:3239} INFO - Sync 1 DAGs
[2026-04-06T07:25:17.918+0000] {logging_mixin.py:190} INFO - [2026-04-06T07:25:17.918+0000] {dag.py:4180} INFO - Setting next_dagrun for create_student_performance_mart to None, run_after=None
[2026-04-06T07:25:17.951+0000] {processor.py:208} INFO - Processing /opt/airflow/dags/dag_student_performance.py took 0.361 seconds
[2026-04-06T07:25:48.508+0000] {processor.py:186} INFO - Started process (PID=1206) to work on /opt/airflow/dags/dag_student_performance.py
[2026-04-06T07:25:48.510+0000] {processor.py:914} INFO - Processing file /opt/airflow/dags/dag_student_performance.py for tasks to queue
[2026-04-06T07:25:48.515+0000] {logging_mixin.py:190} INFO - [2026-04-06T07:25:48.514+0000] {dagbag.py:588} INFO - Filling up the DagBag from /opt/airflow/dags/dag_student_performance.py
[2026-04-06T07:25:48.576+0000] {processor.py:925} INFO - DAG(s) 'create_student_performance_mart' retrieved from /opt/airflow/dags/dag_student_performance.py
[2026-04-06T07:25:48.619+0000] {logging_mixin.py:190} INFO - [2026-04-06T07:25:48.618+0000] {dag.py:3239} INFO - Sync 1 DAGs
[2026-04-06T07:25:48.640+0000] {logging_mixin.py:190} INFO - [2026-04-06T07:25:48.640+0000] {dag.py:4180} INFO - Setting next_dagrun for create_student_performance_mart to None, run_after=None
[2026-04-06T07:25:48.700+0000] {processor.py:208} INFO - Processing /opt/airflow/dags/dag_student_performance.py took 0.200 seconds
[2026-04-06T07:26:19.013+0000] {processor.py:186} INFO - Started process (PID=1222) to work on /opt/airflow/dags/dag_student_performance.py
[2026-04-06T07:26:19.014+0000] {processor.py:914} INFO - Processing file /opt/airflow/dags/dag_student_performance.py for tasks to queue
[2026-04-06T07:26:19.018+0000] {logging_mixin.py:190} INFO - [2026-04-06T07:26:19.017+0000] {dagbag.py:588} INFO - Filling up the DagBag from /opt/airflow/dags/dag_student_performance.py
[2026-04-06T07:26:19.062+0000] {processor.py:925} INFO - DAG(s) 'create_student_performance_mart' retrieved from /opt/airflow/dags/dag_student_performance.py
[2026-04-06T07:26:19.101+0000] {logging_mixin.py:190} INFO - [2026-04-06T07:26:19.100+0000] {dag.py:3239} INFO - Sync 1 DAGs
[2026-04-06T07:26:19.122+0000] {logging_mixin.py:190} INFO - [2026-04-06T07:26:19.122+0000] {dag.py:4180} INFO - Setting next_dagrun for create_student_performance_mart to None, run_after=None
[2026-04-06T07:26:19.184+0000] {processor.py:208} INFO - Processing /opt/airflow/dags/dag_student_performance.py took 0.180 seconds
[2026-04-06T07:26:49.722+0000] {processor.py:186} INFO - Started process (PID=1238) to work on /opt/airflow/dags/dag_student_performance.py
[2026-04-06T07:26:49.723+0000] {processor.py:914} INFO - Processing file /opt/airflow/dags/dag_student_performance.py for tasks to queue
[2026-04-06T07:26:49.727+0000] {logging_mixin.py:190} INFO - [2026-04-06T07:26:49.726+0000] {dagbag.py:588} INFO - Filling up the DagBag from /opt/airflow/dags/dag_student_performance.py
[2026-04-06T07:26:49.774+0000] {processor.py:925} INFO - DAG(s) 'create_student_performance_mart' retrieved from /opt/airflow/dags/dag_student_performance.py
[2026-04-06T07:26:49.812+0000] {logging_mixin.py:190} INFO - [2026-04-06T07:26:49.811+0000] {dag.py:3239} INFO - Sync 1 DAGs
[2026-04-06T07:26:49.831+0000] {logging_mixin.py:190} INFO - [2026-04-06T07:26:49.831+0000] {dag.py:4180} INFO - Setting next_dagrun for create_student_performance_mart to None, run_after=None
[2026-04-06T07:26:49.860+0000] {processor.py:208} INFO - Processing /opt/airflow/dags/dag_student_performance.py took 0.146 seconds
[2026-04-06T07:27:20.526+0000] {processor.py:186} INFO - Started process (PID=1254) to work on /opt/airflow/dags/dag_student_performance.py
[2026-04-06T07:27:20.528+0000] {processor.py:914} INFO - Processing file /opt/airflow/dags/dag_student_performance.py for tasks to queue
[2026-04-06T07:27:20.532+0000] {logging_mixin.py:190} INFO - [2026-04-06T07:27:20.531+0000] {dagbag.py:588} INFO - Filling up the DagBag from /opt/airflow/dags/dag_student_performance.py
[2026-04-06T07:27:20.597+0000] {processor.py:925} INFO - DAG(s) 'create_student_performance_mart' retrieved from /opt/airflow/dags/dag_student_performance.py
[2026-04-06T07:27:20.642+0000] {logging_mixin.py:190} INFO - [2026-04-06T07:27:20.642+0000] {dag.py:3239} INFO - Sync 1 DAGs
[2026-04-06T07:27:20.858+0000] {logging_mixin.py:190} INFO - [2026-04-06T07:27:20.858+0000] {dag.py:4180} INFO - Setting next_dagrun for create_student_performance_mart to None, run_after=None
[2026-04-06T07:27:20.923+0000] {processor.py:208} INFO - Processing /opt/airflow/dags/dag_student_performance.py took 0.409 seconds
[2026-04-06T07:27:51.073+0000] {processor.py:186} INFO - Started process (PID=1270) to work on /opt/airflow/dags/dag_student_performance.py
[2026-04-06T07:27:51.075+0000] {processor.py:914} INFO - Processing file /opt/airflow/dags/dag_student_performance.py for tasks to queue
[2026-04-06T07:27:51.080+0000] {logging_mixin.py:190} INFO - [2026-04-06T07:27:51.079+0000] {dagbag.py:588} INFO - Filling up the DagBag from /opt/airflow/dags/dag_student_performance.py
[2026-04-06T07:27:51.136+0000] {processor.py:925} INFO - DAG(s) 'create_student_performance_mart' retrieved from /opt/airflow/dags/dag_student_performance.py
[2026-04-06T07:27:51.171+0000] {logging_mixin.py:190} INFO - [2026-04-06T07:27:51.171+0000] {dag.py:3239} INFO - Sync 1 DAGs
[2026-04-06T07:27:51.190+0000] {logging_mixin.py:190} INFO - [2026-04-06T07:27:51.190+0000] {dag.py:4180} INFO - Setting next_dagrun for create_student_performance_mart to None, run_after=None
[2026-04-06T07:27:51.253+0000] {processor.py:208} INFO - Processing /opt/airflow/dags/dag_student_performance.py took 0.191 seconds
[2026-04-06T07:28:21.556+0000] {processor.py:186} INFO - Started process (PID=1286) to work on /opt/airflow/dags/dag_student_performance.py
[2026-04-06T07:28:21.558+0000] {processor.py:914} INFO - Processing file /opt/airflow/dags/dag_student_performance.py for tasks to queue
[2026-04-06T07:28:21.562+0000] {logging_mixin.py:190} INFO - [2026-04-06T07:28:21.561+0000] {dagbag.py:588} INFO - Filling up the DagBag from /opt/airflow/dags/dag_student_performance.py
[2026-04-06T07:28:21.614+0000] {processor.py:925} INFO - DAG(s) 'create_student_performance_mart' retrieved from /opt/airflow/dags/dag_student_performance.py
[2026-04-06T07:28:21.649+0000] {logging_mixin.py:190} INFO - [2026-04-06T07:28:21.649+0000] {dag.py:3239} INFO - Sync 1 DAGs
[2026-04-06T07:28:21.668+0000] {logging_mixin.py:190} INFO - [2026-04-06T07:28:21.667+0000] {dag.py:4180} INFO - Setting next_dagrun for create_student_performance_mart to None, run_after=None
[2026-04-06T07:28:21.734+0000] {processor.py:208} INFO - Processing /opt/airflow/dags/dag_student_performance.py took 0.187 seconds
[2026-04-06T07:28:52.197+0000] {processor.py:186} INFO - Started process (PID=1302) to work on /opt/airflow/dags/dag_student_performance.py
[2026-04-06T07:28:52.199+0000] {processor.py:914} INFO - Processing file /opt/airflow/dags/dag_student_performance.py for tasks to queue
[2026-04-06T07:28:52.202+0000] {logging_mixin.py:190} INFO - [2026-04-06T07:28:52.202+0000] {dagbag.py:588} INFO - Filling up the DagBag from /opt/airflow/dags/dag_student_performance.py
[2026-04-06T07:28:52.244+0000] {processor.py:925} INFO - DAG(s) 'create_student_performance_mart' retrieved from /opt/airflow/dags/dag_student_performance.py
[2026-04-06T07:28:52.288+0000] {logging_mixin.py:190} INFO - [2026-04-06T07:28:52.288+0000] {dag.py:3239} INFO - Sync 1 DAGs
[2026-04-06T07:28:52.313+0000] {logging_mixin.py:190} INFO - [2026-04-06T07:28:52.313+0000] {dag.py:4180} INFO - Setting next_dagrun for create_student_performance_mart to None, run_after=None
[2026-04-06T07:28:52.384+0000] {processor.py:208} INFO - Processing /opt/airflow/dags/dag_student_performance.py took 0.195 seconds
[2026-04-06T07:29:22.906+0000] {processor.py:186} INFO - Started process (PID=1333) to work on /opt/airflow/dags/dag_student_performance.py
[2026-04-06T07:29:22.908+0000] {processor.py:914} INFO - Processing file /opt/airflow/dags/dag_student_performance.py for tasks to queue
[2026-04-06T07:29:22.911+0000] {logging_mixin.py:190} INFO - [2026-04-06T07:29:22.911+0000] {dagbag.py:588} INFO - Filling up the DagBag from /opt/airflow/dags/dag_student_performance.py
[2026-04-06T07:29:22.964+0000] {processor.py:925} INFO - DAG(s) 'create_student_performance_mart' retrieved from /opt/airflow/dags/dag_student_performance.py
[2026-04-06T07:29:23.003+0000] {logging_mixin.py:190} INFO - [2026-04-06T07:29:23.003+0000] {dag.py:3239} INFO - Sync 1 DAGs
[2026-04-06T07:29:23.237+0000] {logging_mixin.py:190} INFO - [2026-04-06T07:29:23.236+0000] {dag.py:4180} INFO - Setting next_dagrun for create_student_performance_mart to None, run_after=None
[2026-04-06T07:29:23.297+0000] {processor.py:208} INFO - Processing /opt/airflow/dags/dag_student_performance.py took 0.400 seconds
[2026-04-06T07:29:53.821+0000] {processor.py:186} INFO - Started process (PID=1349) to work on /opt/airflow/dags/dag_student_performance.py
[2026-04-06T07:29:53.822+0000] {processor.py:914} INFO - Processing file /opt/airflow/dags/dag_student_performance.py for tasks to queue
[2026-04-06T07:29:53.825+0000] {logging_mixin.py:190} INFO - [2026-04-06T07:29:53.825+0000] {dagbag.py:588} INFO - Filling up the DagBag from /opt/airflow/dags/dag_student_performance.py
[2026-04-06T07:29:53.883+0000] {processor.py:925} INFO - DAG(s) 'create_student_performance_mart' retrieved from /opt/airflow/dags/dag_student_performance.py
[2026-04-06T07:29:53.919+0000] {logging_mixin.py:190} INFO - [2026-04-06T07:29:53.919+0000] {dag.py:3239} INFO - Sync 1 DAGs
[2026-04-06T07:29:53.937+0000] {logging_mixin.py:190} INFO - [2026-04-06T07:29:53.937+0000] {dag.py:4180} INFO - Setting next_dagrun for create_student_performance_mart to None, run_after=None
[2026-04-06T07:29:53.963+0000] {processor.py:208} INFO - Processing /opt/airflow/dags/dag_student_performance.py took 0.150 seconds
[2026-04-06T07:30:24.518+0000] {processor.py:186} INFO - Started process (PID=1365) to work on /opt/airflow/dags/dag_student_performance.py
[2026-04-06T07:30:24.519+0000] {processor.py:914} INFO - Processing file /opt/airflow/dags/dag_student_performance.py for tasks to queue
[2026-04-06T07:30:24.523+0000] {logging_mixin.py:190} INFO - [2026-04-06T07:30:24.523+0000] {dagbag.py:588} INFO - Filling up the DagBag from /opt/airflow/dags/dag_student_performance.py
[2026-04-06T07:30:24.577+0000] {processor.py:925} INFO - DAG(s) 'create_student_performance_mart' retrieved from /opt/airflow/dags/dag_student_performance.py
[2026-04-06T07:30:24.613+0000] {logging_mixin.py:190} INFO - [2026-04-06T07:30:24.613+0000] {dag.py:3239} INFO - Sync 1 DAGs
[2026-04-06T07:30:24.631+0000] {logging_mixin.py:190} INFO - [2026-04-06T07:30:24.631+0000] {dag.py:4180} INFO - Setting next_dagrun for create_student_performance_mart to None, run_after=None
[2026-04-06T07:30:24.696+0000] {processor.py:208} INFO - Processing /opt/airflow/dags/dag_student_performance.py took 0.187 seconds
[2026-04-06T07:30:55.002+0000] {processor.py:186} INFO - Started process (PID=1380) to work on /opt/airflow/dags/dag_student_performance.py
[2026-04-06T07:30:55.004+0000] {processor.py:914} INFO - Processing file /opt/airflow/dags/dag_student_performance.py for tasks to queue
[2026-04-06T07:30:55.008+0000] {logging_mixin.py:190} INFO - [2026-04-06T07:30:55.008+0000] {dagbag.py:588} INFO - Filling up the DagBag from /opt/airflow/dags/dag_student_performance.py
[2026-04-06T07:30:55.079+0000] {processor.py:925} INFO - DAG(s) 'create_student_performance_mart' retrieved from /opt/airflow/dags/dag_student_performance.py
[2026-04-06T07:30:55.120+0000] {logging_mixin.py:190} INFO - [2026-04-06T07:30:55.119+0000] {dag.py:3239} INFO - Sync 1 DAGs
[2026-04-06T07:30:55.138+0000] {logging_mixin.py:190} INFO - [2026-04-06T07:30:55.138+0000] {dag.py:4180} INFO - Setting next_dagrun for create_student_performance_mart to None, run_after=None
[2026-04-06T07:30:55.202+0000] {processor.py:208} INFO - Processing /opt/airflow/dags/dag_student_performance.py took 0.208 seconds
[2026-04-06T07:31:25.769+0000] {processor.py:186} INFO - Started process (PID=1396) to work on /opt/airflow/dags/dag_student_performance.py
[2026-04-06T07:31:25.771+0000] {processor.py:914} INFO - Processing file /opt/airflow/dags/dag_student_performance.py for tasks to queue
[2026-04-06T07:31:25.775+0000] {logging_mixin.py:190} INFO - [2026-04-06T07:31:25.774+0000] {dagbag.py:588} INFO - Filling up the DagBag from /opt/airflow/dags/dag_student_performance.py
[2026-04-06T07:31:25.841+0000] {processor.py:925} INFO - DAG(s) 'create_student_performance_mart' retrieved from /opt/airflow/dags/dag_student_performance.py
[2026-04-06T07:31:25.876+0000] {logging_mixin.py:190} INFO - [2026-04-06T07:31:25.876+0000] {dag.py:3239} INFO - Sync 1 DAGs
[2026-04-06T07:31:26.089+0000] {logging_mixin.py:190} INFO - [2026-04-06T07:31:26.089+0000] {dag.py:4180} INFO - Setting next_dagrun for create_student_performance_mart to None, run_after=None
[2026-04-06T07:31:26.158+0000] {processor.py:208} INFO - Processing /opt/airflow/dags/dag_student_performance.py took 0.400 seconds
[2026-04-06T07:31:56.697+0000] {processor.py:186} INFO - Started process (PID=1412) to work on /opt/airflow/dags/dag_student_performance.py
[2026-04-06T07:31:56.699+0000] {processor.py:914} INFO - Processing file /opt/airflow/dags/dag_student_performance.py for tasks to queue
[2026-04-06T07:31:56.702+0000] {logging_mixin.py:190} INFO - [2026-04-06T07:31:56.702+0000] {dagbag.py:588} INFO - Filling up the DagBag from /opt/airflow/dags/dag_student_performance.py
[2026-04-06T07:31:56.770+0000] {processor.py:925} INFO - DAG(s) 'create_student_performance_mart' retrieved from /opt/airflow/dags/dag_student_performance.py
[2026-04-06T07:31:56.807+0000] {logging_mixin.py:190} INFO - [2026-04-06T07:31:56.807+0000] {dag.py:3239} INFO - Sync 1 DAGs
[2026-04-06T07:31:56.827+0000] {logging_mixin.py:190} INFO - [2026-04-06T07:31:56.826+0000] {dag.py:4180} INFO - Setting next_dagrun for create_student_performance_mart to None, run_after=None
[2026-04-06T07:31:56.858+0000] {processor.py:208} INFO - Processing /opt/airflow/dags/dag_student_performance.py took 0.170 seconds
[2026-04-06T07:32:27.530+0000] {processor.py:186} INFO - Started process (PID=1428) to work on /opt/airflow/dags/dag_student_performance.py
[2026-04-06T07:32:27.532+0000] {processor.py:914} INFO - Processing file /opt/airflow/dags/dag_student_performance.py for tasks to queue
[2026-04-06T07:32:27.536+0000] {logging_mixin.py:190} INFO - [2026-04-06T07:32:27.536+0000] {dagbag.py:588} INFO - Filling up the DagBag from /opt/airflow/dags/dag_student_performance.py
[2026-04-06T07:32:27.599+0000] {processor.py:925} INFO - DAG(s) 'create_student_performance_mart' retrieved from /opt/airflow/dags/dag_student_performance.py
[2026-04-06T07:32:27.641+0000] {logging_mixin.py:190} INFO - [2026-04-06T07:32:27.640+0000] {dag.py:3239} INFO - Sync 1 DAGs
[2026-04-06T07:32:27.661+0000] {logging_mixin.py:190} INFO - [2026-04-06T07:32:27.661+0000] {dag.py:4180} INFO - Setting next_dagrun for create_student_performance_mart to None, run_after=None
[2026-04-06T07:32:27.730+0000] {processor.py:208} INFO - Processing /opt/airflow/dags/dag_student_performance.py took 0.211 seconds
[2026-04-06T07:32:58.016+0000] {processor.py:186} INFO - Started process (PID=1444) to work on /opt/airflow/dags/dag_student_performance.py
[2026-04-06T07:32:58.018+0000] {processor.py:914} INFO - Processing file /opt/airflow/dags/dag_student_performance.py for tasks to queue
[2026-04-06T07:32:58.023+0000] {logging_mixin.py:190} INFO - [2026-04-06T07:32:58.023+0000] {dagbag.py:588} INFO - Filling up the DagBag from /opt/airflow/dags/dag_student_performance.py
[2026-04-06T07:32:58.072+0000] {processor.py:925} INFO - DAG(s) 'create_student_performance_mart' retrieved from /opt/airflow/dags/dag_student_performance.py
[2026-04-06T07:32:58.115+0000] {logging_mixin.py:190} INFO - [2026-04-06T07:32:58.115+0000] {dag.py:3239} INFO - Sync 1 DAGs
[2026-04-06T07:32:58.139+0000] {logging_mixin.py:190} INFO - [2026-04-06T07:32:58.139+0000] {dag.py:4180} INFO - Setting next_dagrun for create_student_performance_mart to None, run_after=None
[2026-04-06T07:32:58.197+0000] {processor.py:208} INFO - Processing /opt/airflow/dags/dag_student_performance.py took 0.192 seconds
[2026-04-06T07:33:28.666+0000] {processor.py:186} INFO - Started process (PID=1460) to work on /opt/airflow/dags/dag_student_performance.py
[2026-04-06T07:33:28.667+0000] {processor.py:914} INFO - Processing file /opt/airflow/dags/dag_student_performance.py for tasks to queue
[2026-04-06T07:33:28.671+0000] {logging_mixin.py:190} INFO - [2026-04-06T07:33:28.671+0000] {dagbag.py:588} INFO - Filling up the DagBag from /opt/airflow/dags/dag_student_performance.py
[2026-04-06T07:33:28.703+0000] {processor.py:925} INFO - DAG(s) 'create_student_performance_mart' retrieved from /opt/airflow/dags/dag_student_performance.py
[2026-04-06T07:33:28.739+0000] {logging_mixin.py:190} INFO - [2026-04-06T07:33:28.739+0000] {dag.py:3239} INFO - Sync 1 DAGs
[2026-04-06T07:33:28.932+0000] {logging_mixin.py:190} INFO - [2026-04-06T07:33:28.931+0000] {dag.py:4180} INFO - Setting next_dagrun for create_student_performance_mart to None, run_after=None
[2026-04-06T07:33:28.997+0000] {processor.py:208} INFO - Processing /opt/airflow/dags/dag_student_performance.py took 0.339 seconds
[2026-04-06T07:33:59.373+0000] {processor.py:186} INFO - Started process (PID=1476) to work on /opt/airflow/dags/dag_student_performance.py
[2026-04-06T07:33:59.375+0000] {processor.py:914} INFO - Processing file /opt/airflow/dags/dag_student_performance.py for tasks to queue
[2026-04-06T07:33:59.379+0000] {logging_mixin.py:190} INFO - [2026-04-06T07:33:59.379+0000] {dagbag.py:588} INFO - Filling up the DagBag from /opt/airflow/dags/dag_student_performance.py
[2026-04-06T07:33:59.433+0000] {processor.py:925} INFO - DAG(s) 'create_student_performance_mart' retrieved from /opt/airflow/dags/dag_student_performance.py
[2026-04-06T07:33:59.483+0000] {logging_mixin.py:190} INFO - [2026-04-06T07:33:59.482+0000] {dag.py:3239} INFO - Sync 1 DAGs
[2026-04-06T07:33:59.509+0000] {logging_mixin.py:190} INFO - [2026-04-06T07:33:59.509+0000] {dag.py:4180} INFO - Setting next_dagrun for create_student_performance_mart to None, run_after=None
[2026-04-06T07:33:59.559+0000] {processor.py:208} INFO - Processing /opt/airflow/dags/dag_student_performance.py took 0.196 seconds
[2026-04-06T07:34:30.089+0000] {processor.py:186} INFO - Started process (PID=1492) to work on /opt/airflow/dags/dag_student_performance.py
[2026-04-06T07:34:30.091+0000] {processor.py:914} INFO - Processing file /opt/airflow/dags/dag_student_performance.py for tasks to queue
[2026-04-06T07:34:30.094+0000] {logging_mixin.py:190} INFO - [2026-04-06T07:34:30.094+0000] {dagbag.py:588} INFO - Filling up the DagBag from /opt/airflow/dags/dag_student_performance.py
[2026-04-06T07:34:30.151+0000] {processor.py:925} INFO - DAG(s) 'create_student_performance_mart' retrieved from /opt/airflow/dags/dag_student_performance.py
[2026-04-06T07:34:30.189+0000] {logging_mixin.py:190} INFO - [2026-04-06T07:34:30.189+0000] {dag.py:3239} INFO - Sync 1 DAGs
[2026-04-06T07:34:30.207+0000] {logging_mixin.py:190} INFO - [2026-04-06T07:34:30.207+0000] {dag.py:4180} INFO - Setting next_dagrun for create_student_performance_mart to None, run_after=None
[2026-04-06T07:34:30.267+0000] {processor.py:208} INFO - Processing /opt/airflow/dags/dag_student_performance.py took 0.185 seconds
[2026-04-06T07:35:00.602+0000] {processor.py:186} INFO - Started process (PID=1508) to work on /opt/airflow/dags/dag_student_performance.py
[2026-04-06T07:35:00.604+0000] {processor.py:914} INFO - Processing file /opt/airflow/dags/dag_student_performance.py for tasks to queue
[2026-04-06T07:35:00.608+0000] {logging_mixin.py:190} INFO - [2026-04-06T07:35:00.607+0000] {dagbag.py:588} INFO - Filling up the DagBag from /opt/airflow/dags/dag_student_performance.py
[2026-04-06T07:35:00.668+0000] {processor.py:925} INFO - DAG(s) 'create_student_performance_mart' retrieved from /opt/airflow/dags/dag_student_performance.py
[2026-04-06T07:35:00.705+0000] {logging_mixin.py:190} INFO - [2026-04-06T07:35:00.704+0000] {dag.py:3239} INFO - Sync 1 DAGs
[2026-04-06T07:35:00.726+0000] {logging_mixin.py:190} INFO - [2026-04-06T07:35:00.726+0000] {dag.py:4180} INFO - Setting next_dagrun for create_student_performance_mart to None, run_after=None
[2026-04-06T07:35:00.793+0000] {processor.py:208} INFO - Processing /opt/airflow/dags/dag_student_performance.py took 0.202 seconds
[2026-04-06T07:35:31.351+0000] {processor.py:186} INFO - Started process (PID=1524) to work on /opt/airflow/dags/dag_student_performance.py
[2026-04-06T07:35:31.353+0000] {processor.py:914} INFO - Processing file /opt/airflow/dags/dag_student_performance.py for tasks to queue
[2026-04-06T07:35:31.357+0000] {logging_mixin.py:190} INFO - [2026-04-06T07:35:31.356+0000] {dagbag.py:588} INFO - Filling up the DagBag from /opt/airflow/dags/dag_student_performance.py
[2026-04-06T07:35:31.405+0000] {processor.py:925} INFO - DAG(s) 'create_student_performance_mart' retrieved from /opt/airflow/dags/dag_student_performance.py
[2026-04-06T07:35:31.446+0000] {logging_mixin.py:190} INFO - [2026-04-06T07:35:31.445+0000] {dag.py:3239} INFO - Sync 1 DAGs
[2026-04-06T07:35:31.671+0000] {logging_mixin.py:190} INFO - [2026-04-06T07:35:31.670+0000] {dag.py:4180} INFO - Setting next_dagrun for create_student_performance_mart to None, run_after=None
[2026-04-06T07:35:31.738+0000] {processor.py:208} INFO - Processing /opt/airflow/dags/dag_student_performance.py took 0.398 seconds
[2026-04-06T07:36:02.017+0000] {processor.py:186} INFO - Started process (PID=1540) to work on /opt/airflow/dags/dag_student_performance.py
[2026-04-06T07:36:02.019+0000] {processor.py:914} INFO - Processing file /opt/airflow/dags/dag_student_performance.py for tasks to queue
[2026-04-06T07:36:02.022+0000] {logging_mixin.py:190} INFO - [2026-04-06T07:36:02.022+0000] {dagbag.py:588} INFO - Filling up the DagBag from /opt/airflow/dags/dag_student_performance.py
[2026-04-06T07:36:02.084+0000] {processor.py:925} INFO - DAG(s) 'create_student_performance_mart' retrieved from /opt/airflow/dags/dag_student_performance.py
[2026-04-06T07:36:02.123+0000] {logging_mixin.py:190} INFO - [2026-04-06T07:36:02.123+0000] {dag.py:3239} INFO - Sync 1 DAGs
[2026-04-06T07:36:02.142+0000] {logging_mixin.py:190} INFO - [2026-04-06T07:36:02.142+0000] {dag.py:4180} INFO - Setting next_dagrun for create_student_performance_mart to None, run_after=None
[2026-04-06T07:36:02.210+0000] {processor.py:208} INFO - Processing /opt/airflow/dags/dag_student_performance.py took 0.204 seconds
[2026-04-06T07:36:32.752+0000] {processor.py:186} INFO - Started process (PID=1556) to work on /opt/airflow/dags/dag_student_performance.py
[2026-04-06T07:36:32.753+0000] {processor.py:914} INFO - Processing file /opt/airflow/dags/dag_student_performance.py for tasks to queue
[2026-04-06T07:36:32.757+0000] {logging_mixin.py:190} INFO - [2026-04-06T07:36:32.757+0000] {dagbag.py:588} INFO - Filling up the DagBag from /opt/airflow/dags/dag_student_performance.py
[2026-04-06T07:36:32.817+0000] {processor.py:925} INFO - DAG(s) 'create_student_performance_mart' retrieved from /opt/airflow/dags/dag_student_performance.py
[2026-04-06T07:36:32.856+0000] {logging_mixin.py:190} INFO - [2026-04-06T07:36:32.856+0000] {dag.py:3239} INFO - Sync 1 DAGs
[2026-04-06T07:36:32.874+0000] {logging_mixin.py:190} INFO - [2026-04-06T07:36:32.874+0000] {dag.py:4180} INFO - Setting next_dagrun for create_student_performance_mart to None, run_after=None
[2026-04-06T07:36:32.902+0000] {processor.py:208} INFO - Processing /opt/airflow/dags/dag_student_performance.py took 0.159 seconds
[2026-04-06T07:37:03.439+0000] {processor.py:186} INFO - Started process (PID=1572) to work on /opt/airflow/dags/dag_student_performance.py
[2026-04-06T07:37:03.443+0000] {processor.py:914} INFO - Processing file /opt/airflow/dags/dag_student_performance.py for tasks to queue
[2026-04-06T07:37:03.447+0000] {logging_mixin.py:190} INFO - [2026-04-06T07:37:03.446+0000] {dagbag.py:588} INFO - Filling up the DagBag from /opt/airflow/dags/dag_student_performance.py
[2026-04-06T07:37:03.494+0000] {processor.py:925} INFO - DAG(s) 'create_student_performance_mart' retrieved from /opt/airflow/dags/dag_student_performance.py
[2026-04-06T07:37:03.534+0000] {logging_mixin.py:190} INFO - [2026-04-06T07:37:03.534+0000] {dag.py:3239} INFO - Sync 1 DAGs
[2026-04-06T07:37:03.555+0000] {logging_mixin.py:190} INFO - [2026-04-06T07:37:03.554+0000] {dag.py:4180} INFO - Setting next_dagrun for create_student_performance_mart to None, run_after=None
[2026-04-06T07:37:03.581+0000] {processor.py:208} INFO - Processing /opt/airflow/dags/dag_student_performance.py took 0.158 seconds
[2026-04-06T07:37:34.202+0000] {processor.py:186} INFO - Started process (PID=1588) to work on /opt/airflow/dags/dag_student_performance.py
[2026-04-06T07:37:34.204+0000] {processor.py:914} INFO - Processing file /opt/airflow/dags/dag_student_performance.py for tasks to queue
[2026-04-06T07:37:34.207+0000] {logging_mixin.py:190} INFO - [2026-04-06T07:37:34.207+0000] {dagbag.py:588} INFO - Filling up the DagBag from /opt/airflow/dags/dag_student_performance.py
[2026-04-06T07:37:34.265+0000] {processor.py:925} INFO - DAG(s) 'create_student_performance_mart' retrieved from /opt/airflow/dags/dag_student_performance.py
[2026-04-06T07:37:34.303+0000] {logging_mixin.py:190} INFO - [2026-04-06T07:37:34.303+0000] {dag.py:3239} INFO - Sync 1 DAGs
[2026-04-06T07:37:34.497+0000] {logging_mixin.py:190} INFO - [2026-04-06T07:37:34.496+0000] {dag.py:4180} INFO - Setting next_dagrun for create_student_performance_mart to None, run_after=None
[2026-04-06T07:37:34.563+0000] {processor.py:208} INFO - Processing /opt/airflow/dags/dag_student_performance.py took 0.370 seconds
[2026-04-06T07:38:04.755+0000] {processor.py:186} INFO - Started process (PID=1604) to work on /opt/airflow/dags/dag_student_performance.py
[2026-04-06T07:38:04.757+0000] {processor.py:914} INFO - Processing file /opt/airflow/dags/dag_student_performance.py for tasks to queue
[2026-04-06T07:38:04.760+0000] {logging_mixin.py:190} INFO - [2026-04-06T07:38:04.760+0000] {dagbag.py:588} INFO - Filling up the DagBag from /opt/airflow/dags/dag_student_performance.py
[2026-04-06T07:38:04.815+0000] {processor.py:925} INFO - DAG(s) 'create_student_performance_mart' retrieved from /opt/airflow/dags/dag_student_performance.py
[2026-04-06T07:38:04.848+0000] {logging_mixin.py:190} INFO - [2026-04-06T07:38:04.848+0000] {dag.py:3239} INFO - Sync 1 DAGs
[2026-04-06T07:38:04.867+0000] {logging_mixin.py:190} INFO - [2026-04-06T07:38:04.866+0000] {dag.py:4180} INFO - Setting next_dagrun for create_student_performance_mart to None, run_after=None
[2026-04-06T07:38:04.916+0000] {processor.py:208} INFO - Processing /opt/airflow/dags/dag_student_performance.py took 0.169 seconds
[2026-04-06T07:38:35.254+0000] {processor.py:186} INFO - Started process (PID=1620) to work on /opt/airflow/dags/dag_student_performance.py
[2026-04-06T07:38:35.256+0000] {processor.py:914} INFO - Processing file /opt/airflow/dags/dag_student_performance.py for tasks to queue
[2026-04-06T07:38:35.260+0000] {logging_mixin.py:190} INFO - [2026-04-06T07:38:35.260+0000] {dagbag.py:588} INFO - Filling up the DagBag from /opt/airflow/dags/dag_student_performance.py
[2026-04-06T07:38:35.324+0000] {processor.py:925} INFO - DAG(s) 'create_student_performance_mart' retrieved from /opt/airflow/dags/dag_student_performance.py
[2026-04-06T07:38:35.367+0000] {logging_mixin.py:190} INFO - [2026-04-06T07:38:35.367+0000] {dag.py:3239} INFO - Sync 1 DAGs
[2026-04-06T07:38:35.390+0000] {logging_mixin.py:190} INFO - [2026-04-06T07:38:35.390+0000] {dag.py:4180} INFO - Setting next_dagrun for create_student_performance_mart to None, run_after=None
[2026-04-06T07:38:35.456+0000] {processor.py:208} INFO - Processing /opt/airflow/dags/dag_student_performance.py took 0.211 seconds
[2026-04-06T07:39:05.875+0000] {processor.py:186} INFO - Started process (PID=1636) to work on /opt/airflow/dags/dag_student_performance.py
[2026-04-06T07:39:05.876+0000] {processor.py:914} INFO - Processing file /opt/airflow/dags/dag_student_performance.py for tasks to queue
[2026-04-06T07:39:05.879+0000] {logging_mixin.py:190} INFO - [2026-04-06T07:39:05.879+0000] {dagbag.py:588} INFO - Filling up the DagBag from /opt/airflow/dags/dag_student_performance.py
[2026-04-06T07:39:05.930+0000] {processor.py:925} INFO - DAG(s) 'create_student_performance_mart' retrieved from /opt/airflow/dags/dag_student_performance.py
[2026-04-06T07:39:05.967+0000] {logging_mixin.py:190} INFO - [2026-04-06T07:39:05.966+0000] {dag.py:3239} INFO - Sync 1 DAGs
[2026-04-06T07:39:05.987+0000] {logging_mixin.py:190} INFO - [2026-04-06T07:39:05.986+0000] {dag.py:4180} INFO - Setting next_dagrun for create_student_performance_mart to None, run_after=None
[2026-04-06T07:39:06.053+0000] {processor.py:208} INFO - Processing /opt/airflow/dags/dag_student_performance.py took 0.186 seconds
[2026-04-06T07:39:36.598+0000] {processor.py:186} INFO - Started process (PID=1652) to work on /opt/airflow/dags/dag_student_performance.py
[2026-04-06T07:39:36.600+0000] {processor.py:914} INFO - Processing file /opt/airflow/dags/dag_student_performance.py for tasks to queue
[2026-04-06T07:39:36.603+0000] {logging_mixin.py:190} INFO - [2026-04-06T07:39:36.603+0000] {dagbag.py:588} INFO - Filling up the DagBag from /opt/airflow/dags/dag_student_performance.py
[2026-04-06T07:39:36.668+0000] {processor.py:925} INFO - DAG(s) 'create_student_performance_mart' retrieved from /opt/airflow/dags/dag_student_performance.py
[2026-04-06T07:39:36.702+0000] {logging_mixin.py:190} INFO - [2026-04-06T07:39:36.702+0000] {dag.py:3239} INFO - Sync 1 DAGs
[2026-04-06T07:39:36.891+0000] {logging_mixin.py:190} INFO - [2026-04-06T07:39:36.891+0000] {dag.py:4180} INFO - Setting next_dagrun for create_student_performance_mart to None, run_after=None
[2026-04-06T07:39:36.917+0000] {processor.py:208} INFO - Processing /opt/airflow/dags/dag_student_performance.py took 0.327 seconds
[2026-04-06T07:40:07.423+0000] {processor.py:186} INFO - Started process (PID=1668) to work on /opt/airflow/dags/dag_student_performance.py
[2026-04-06T07:40:07.424+0000] {processor.py:914} INFO - Processing file /opt/airflow/dags/dag_student_performance.py for tasks to queue
[2026-04-06T07:40:07.428+0000] {logging_mixin.py:190} INFO - [2026-04-06T07:40:07.427+0000] {dagbag.py:588} INFO - Filling up the DagBag from /opt/airflow/dags/dag_student_performance.py
[2026-04-06T07:40:07.463+0000] {processor.py:925} INFO - DAG(s) 'create_student_performance_mart' retrieved from /opt/airflow/dags/dag_student_performance.py
[2026-04-06T07:40:07.501+0000] {logging_mixin.py:190} INFO - [2026-04-06T07:40:07.501+0000] {dag.py:3239} INFO - Sync 1 DAGs
[2026-04-06T07:40:07.520+0000] {logging_mixin.py:190} INFO - [2026-04-06T07:40:07.520+0000] {dag.py:4180} INFO - Setting next_dagrun for create_student_performance_mart to None, run_after=None
[2026-04-06T07:40:07.582+0000] {processor.py:208} INFO - Processing /opt/airflow/dags/dag_student_performance.py took 0.168 seconds
