fine_id,car_id,date,violation,amount,status
1,77,2025-01-25,Нарушение правил парковки (12.19 КоАП),1500,не оплачен
2,782,2025-03-30,Непристегнутый ремень (12.6 КоАП),1000,оплачен
3,685,2025-03-06,Превышение скорости (12.9 ч.2 КоАП),500,оплачен
4,854,2025-07-20,Выезд на встречную полосу (12.15 ч.4 КоАП),5000,не оплачен
5,465,2025-11-16,Превышение скорости (12.9 ч.2 КоАП),500,не оплачен
6,24,2024-09-22,Непристегнутый ремень (12.6 КоАП),1000,оплачен
7,111,2024-04-16,Выезд на встречную полосу (12.15 ч.4 КоАП),5000,оплачен
8,654,2023-11-23,Превышение скорости (12.9 ч.2 КоАП),500,оплачен
9,670,2024-08-12,Проезд на запрещающий сигнал (12.12 ч.1 КоАП),1000,оплачен
10,314,2025-12-09,Проезд на запрещающий сигнал (12.12 ч.1 КоАП),1000,оплачен
11,913,2025-03-23,Выезд на встречную полосу (12.15 ч.4 КоАП),5000,не оплачен
12,1034,2024-09-27,Непристегнутый ремень (12.6 КоАП),1000,оплачен
13,594,2024-03-23,Выезд на встречную полосу (12.15 ч.4 КоАП),5000,не оплачен
14,271,2025-12-01,Проезд на запрещающий сигнал (12.12 ч.1 КоАП),1000,оплачен
15,1171,2024-03-14,Выезд на встречную полосу (12.15 ч.4 КоАП),5000,не оплачен
16,818,2023-06-27,Непристегнутый ремень (12.6 КоАП),1000,оплачен
17,1028,2024-04-10,Выезд на встречную полосу (12.15 ч.4 КоАП),5000,оплачен
18,277,2026-01-14,Проезд на запрещающий сигнал (12.12 ч.1 КоАП),1000,оплачен
19,1000,2024-12-20,Проезд на запрещающий сигнал (12.12 ч.1 КоАП),1000,оплачен
20,402,2023-08-19,Непристегнутый ремень (12.6 КоАП),1000,оплачен
21,505,2025-11-29,Непристегнутый ремень (12.6 КоАП),1000,оплачен
22,881,2025-09-26,Нарушение правил парковки (12.19 КоАП),1500,оплачен
23,184,2025-09-14,Непристегнутый ремень (12.6 КоАП),1000,оплачен
24,868,2024-03-12,Выезд на встречную полосу (12.15 ч.4 КоАП),5000,оплачен
25,657,2023-11-05,Проезд на запрещающий сигнал (12.12 ч.1 КоАП),1000,оплачен
26,625,2024-12-01,Превышение скорости (12.9 ч.2 КоАП),500,оплачен
27,906,2023-05-27,Нарушение правил парковки (12.19 КоАП),1500,оплачен
28,92,2024-05-13,Выезд на встречную полосу (12.15 ч.4 КоАП),5000,не оплачен
29,409,2025-08-12,Проезд на запрещающий сигнал (12.12 ч.1 КоАП),1000,оплачен
30,176,2026-03-27,Проезд на запрещающий сигнал (12.12 ч.1 КоАП),1000,оплачен
31,498,2024-12-30,Превышение скорости (12.9 ч.2 КоАП),500,не оплачен
32,590,2023-10-14,Проезд на запрещающий сигнал (12.12 ч.1 КоАП),1000,оплачен
33,625,2025-12-31,Превышение скорости (12.9 ч.2 КоАП),500,оплачен
34,680,2024-11-20,Превышение скорости (12.9 ч.2 КоАП),500,оплачен
35,434,2025-03-04,Непристегнутый ремень (12.6 КоАП),1000,оплачен
36,530,2026-01-15,Непристегнутый ремень (12.6 КоАП),1000,оплачен
37,290,2024-07-10,Непристегнутый ремень (12.6 КоАП),1000,оплачен
38,772,2023-11-15,Превышение скорости (12.9 ч.2 КоАП),500,оплачен
39,90,2024-02-12,Непристегнутый ремень (12.6 КоАП),1000,оплачен
40,582,2024-12-24,Превышение скорости (12.9 ч.2 КоАП),500,оплачен
41,556,2025-08-02,Непристегнутый ремень (12.6 КоАП),1000,оплачен
42,137,2024-02-28,Превышение скорости (12.9 ч.2 КоАП),500,оплачен
43,738,2025-03-22,Нарушение правил парковки (12.19 КоАП),1500,не оплачен
44,600,2025-07-16,Превышение скорости (12.9 ч.2 КоАП),500,не оплачен
45,474,2023-05-07,Выезд на встречную полосу (12.15 ч.4 КоАП),5000,не оплачен
46,204,2026-03-06,Непристегнутый ремень (12.6 КоАП),1000,не оплачен
47,1089,2024-03-28,Выезд на встречную полосу (12.15 ч.4 КоАП),5000,оплачен
48,1026,2025-03-26,Проезд на запрещающий сигнал (12.12 ч.1 КоАП),1000,не оплачен
49,45,2023-08-25,Непристегнутый ремень (12.6 КоАП),1000,оплачен
50,625,2025-04-18,Непристегнутый ремень (12.6 КоАП),1000,оплачен
51,322,2023-08-15,Выезд на встречную полосу (12.15 ч.4 КоАП),5000,оплачен
52,728,2025-08-25,Нарушение правил парковки (12.19 КоАП),1500,оплачен
53,1027,2025-02-25,Проезд на запрещающий сигнал (12.12 ч.1 КоАП),1000,оплачен
54,528,2024-09-05,Превышение скорости (12.9 ч.2 КоАП),500,не оплачен
55,1137,2025-08-06,Превышение скорости (12.9 ч.2 КоАП),500,не оплачен
56,311,2025-08-16,Проезд на запрещающий сигнал (12.12 ч.1 КоАП),1000,оплачен
57,282,2023-05-27,Выезд на встречную полосу (12.15 ч.4 КоАП),5000,оплачен
58,1067,2025-04-01,Выезд на встречную полосу (12.15 ч.4 КоАП),5000,не оплачен
59,466,2024-07-09,Непристегнутый ремень (12.6 КоАП),1000,оплачен
60,313,2025-01-09,Непристегнутый ремень (12.6 КоАП),1000,оплачен
61,675,2023-10-21,Нарушение правил парковки (12.19 КоАП),1500,оплачен
62,424,2026-03-31,Проезд на запрещающий сигнал (12.12 ч.1 КоАП),1000,оплачен
63,1109,2023-12-07,Непристегнутый ремень (12.6 КоАП),1000,оплачен
64,283,2023-06-24,Проезд на запрещающий сигнал (12.12 ч.1 КоАП),1000,оплачен
65,277,2024-05-18,Непристегнутый ремень (12.6 КоАП),1000,оплачен
66,1157,2025-01-25,Проезд на запрещающий сигнал (12.12 ч.1 КоАП),1000,не оплачен
67,139,2024-09-29,Нарушение правил парковки (12.19 КоАП),1500,оплачен
68,378,2024-08-05,Превышение скорости (12.9 ч.2 КоАП),500,оплачен
69,61,2024-09-12,Проезд на запрещающий сигнал (12.12 ч.1 КоАП),1000,не оплачен
70,843,2024-11-30,Выезд на встречную полосу (12.15 ч.4 КоАП),5000,оплачен
71,312,2024-08-29,Нарушение правил парковки (12.19 КоАП),1500,не оплачен
72,270,2025-02-26,Превышение скорости (12.9 ч.2 КоАП),500,оплачен
73,547,2024-12-19,Непристегнутый ремень (12.6 КоАП),1000,оплачен
74,473,2024-04-01,Непристегнутый ремень (12.6 КоАП),1000,оплачен
75,54,2026-03-31,Проезд на запрещающий сигнал (12.12 ч.1 КоАП),1000,оплачен
76,275,2024-12-12,Выезд на встречную полосу (12.15 ч.4 КоАП),5000,оплачен
77,961,2024-03-14,Непристегнутый ремень (12.6 КоАП),1000,не оплачен
78,377,2024-12-21,Нарушение правил парковки (12.19 КоАП),1500,не оплачен
79,971,2024-02-20,Выезд на встречную полосу (12.15 ч.4 КоАП),5000,оплачен
80,464,2025-08-28,Проезд на запрещающий сигнал (12.12 ч.1 КоАП),1000,оплачен
81,553,2026-02-23,Превышение скорости (12.9 ч.2 КоАП),500,не оплачен
82,416,2023-10-17,Проезд на запрещающий сигнал (12.12 ч.1 КоАП),1000,не оплачен
83,363,2024-03-13,Превышение скорости (12.9 ч.2 КоАП),500,не оплачен
84,1004,2025-12-10,Выезд на встречную полосу (12.15 ч.4 КоАП),5000,оплачен
85,506,2023-12-02,Выезд на встречную полосу (12.15 ч.4 КоАП),5000,оплачен
86,780,2026-02-11,Превышение скорости (12.9 ч.2 КоАП),500,не оплачен
87,1172,2023-11-28,Выезд на встречную полосу (12.15 ч.4 КоАП),5000,оплачен
88,79,2024-01-22,Непристегнутый ремень (12.6 КоАП),1000,оплачен
89,936,2024-03-16,Выезд на встречную полосу (12.15 ч.4 КоАП),5000,не оплачен
90,504,2023-07-23,Превышение скорости (12.9 ч.2 КоАП),500,оплачен
91,81,2024-07-08,Выезд на встречную полосу (12.15 ч.4 КоАП),5000,оплачен
92,101,2024-02-02,Непристегнутый ремень (12.6 КоАП),1000,оплачен
93,816,2023-09-21,Выезд на встречную полосу (12.15 ч.4 КоАП),5000,не оплачен
94,945,2023-07-21,Нарушение правил парковки (12.19 КоАП),1500,оплачен
95,112,2024-04-16,Нарушение правил парковки (12.19 КоАП),1500,оплачен
96,950,2025-05-27,Проезд на запрещающий сигнал (12.12 ч.1 КоАП),1000,не оплачен
97,186,2025-11-02,Выезд на встречную полосу (12.15 ч.4 КоАП),5000,не оплачен
98,369,2025-09-26,Превышение скорости (12.9 ч.2 КоАП),500,не оплачен
99,278,2025-08-23,Непристегнутый ремень (12.6 КоАП),1000,оплачен
100,924,2024-02-06,Нарушение правил парковки (12.19 КоАП),1500,оплачен
101,414,2023-06-10,Выезд на встречную полосу (12.15 ч.4 КоАП),5000,не оплачен
102,513,2024-08-05,Превышение скорости (12.9 ч.2 КоАП),500,оплачен
103,254,2026-01-16,Проезд на запрещающий сигнал (12.12 ч.1 КоАП),1000,оплачен
104,744,2025-08-05,Выезд на встречную полосу (12.15 ч.4 КоАП),5000,оплачен
105,1048,2025-03-16,Выезд на встречную полосу (12.15 ч.4 КоАП),5000,оплачен
106,776,2025-09-14,Проезд на запрещающий сигнал (12.12 ч.1 КоАП),1000,оплачен
107,350,2024-03-22,Превышение скорости (12.9 ч.2 КоАП),500,не оплачен
108,308,2025-06-06,Непристегнутый ремень (12.6 КоАП),1000,оплачен
109,367,2023-07-04,Проезд на запрещающий сигнал (12.12 ч.1 КоАП),1000,не оплачен
110,860,2023-09-14,Превышение скорости (12.9 ч.2 КоАП),500,оплачен
111,592,2024-01-19,Выезд на встречную полосу (12.15 ч.4 КоАП),5000,оплачен
112,270,2024-04-18,Превышение скорости (12.9 ч.2 КоАП),500,не оплачен
113,519,2024-03-01,Превышение скорости (12.9 ч.2 КоАП),500,оплачен
114,1022,2024-09-25,Выезд на встречную полосу (12.15 ч.4 КоАП),5000,оплачен
115,1011,2025-03-18,Превышение скорости (12.9 ч.2 КоАП),500,оплачен
116,975,2026-04-17,Непристегнутый ремень (12.6 КоАП),1000,оплачен
117,163,2025-09-23,Выезд на встречную полосу (12.15 ч.4 КоАП),5000,оплачен
118,502,2024-03-27,Превышение скорости (12.9 ч.2 КоАП),500,не оплачен
119,1142,2025-05-30,Нарушение правил парковки (12.19 КоАП),1500,не оплачен
120,101,2025-12-27,Проезд на запрещающий сигнал (12.12 ч.1 КоАП),1000,оплачен
121,715,2025-04-24,Превышение скорости (12.9 ч.2 КоАП),500,оплачен
122,1184,2024-10-14,Превышение скорости (12.9 ч.2 КоАП),500,не оплачен
123,679,2025-11-06,Нарушение правил парковки (12.19 КоАП),1500,не оплачен
124,224,2023-05-04,Превышение скорости (12.9 ч.2 КоАП),500,оплачен
125,331,2023-08-27,Проезд на запрещающий сигнал (12.12 ч.1 КоАП),1000,оплачен
126,1173,2024-01-26,Непристегнутый ремень (12.6 КоАП),1000,не оплачен
127,933,2025-11-11,Проезд на запрещающий сигнал (12.12 ч.1 КоАП),1000,не оплачен
128,74,2023-11-11,Нарушение правил парковки (12.19 КоАП),1500,оплачен
129,662,2025-10-25,Нарушение правил парковки (12.19 КоАП),1500,оплачен
130,139,2026-03-15,Выезд на встречную полосу (12.15 ч.4 КоАП),5000,не оплачен
131,133,2025-12-13,Непристегнутый ремень (12.6 КоАП),1000,оплачен
132,250,2023-11-11,Проезд на запрещающий сигнал (12.12 ч.1 КоАП),1000,оплачен
133,675,2025-12-10,Нарушение правил парковки (12.19 КоАП),1500,оплачен
134,430,2023-12-20,Непристегнутый ремень (12.6 КоАП),1000,оплачен
135,120,2023-05-31,Непристегнутый ремень (12.6 КоАП),1000,оплачен
136,180,2023-08-07,Непристегнутый ремень (12.6 КоАП),1000,оплачен
137,589,2024-04-22,Непристегнутый ремень (12.6 КоАП),1000,оплачен
138,532,2024-03-13,Нарушение правил парковки (12.19 КоАП),1500,оплачен
139,725,2025-03-13,Непристегнутый ремень (12.6 КоАП),1000,не оплачен
140,1153,2023-05-16,Непристегнутый ремень (12.6 КоАП),1000,оплачен
141,1009,2024-07-10,Выезд на встречную полосу (12.15 ч.4 КоАП),5000,не оплачен
142,477,2024-09-03,Непристегнутый ремень (12.6 КоАП),1000,не оплачен
143,4,2025-04-29,Проезд на запрещающий сигнал (12.12 ч.1 КоАП),1000,оплачен
144,242,2024-06-11,Выезд на встречную полосу (12.15 ч.4 КоАП),5000,не оплачен
145,850,2023-05-04,Проезд на запрещающий сигнал (12.12 ч.1 КоАП),1000,оплачен
146,717,2026-02-15,Нарушение правил парковки (12.19 КоАП),1500,оплачен
147,24,2025-08-29,Проезд на запрещающий сигнал (12.12 ч.1 КоАП),1000,оплачен
148,522,2024-09-04,Нарушение правил парковки (12.19 КоАП),1500,не оплачен
149,615,2023-07-09,Нарушение правил парковки (12.19 КоАП),1500,оплачен
150,13,2025-04-27,Нарушение правил парковки (12.19 КоАП),1500,оплачен
151,700,2024-07-27,Нарушение правил парковки (12.19 КоАП),1500,оплачен
152,60,2025-11-14,Непристегнутый ремень (12.6 КоАП),1000,не оплачен
153,677,2026-01-09,Проезд на запрещающий сигнал (12.12 ч.1 КоАП),1000,не оплачен
154,972,2023-08-23,Выезд на встречную полосу (12.15 ч.4 КоАП),5000,не оплачен
155,987,2023-08-27,Проезд на запрещающий сигнал (12.12 ч.1 КоАП),1000,оплачен
156,1100,2024-04-08,Выезд на встречную полосу (12.15 ч.4 КоАП),5000,не оплачен
157,848,2025-11-17,Выезд на встречную полосу (12.15 ч.4 КоАП),5000,не оплачен
158,1068,2023-12-21,Превышение скорости (12.9 ч.2 КоАП),500,оплачен
159,1138,2025-08-07,Нарушение правил парковки (12.19 КоАП),1500,оплачен
160,1183,2023-11-18,Проезд на запрещающий сигнал (12.12 ч.1 КоАП),1000,оплачен
161,136,2024-02-22,Нарушение правил парковки (12.19 КоАП),1500,не оплачен
162,64,2025-01-22,Нарушение правил парковки (12.19 КоАП),1500,оплачен
163,1095,2025-10-10,Выезд на встречную полосу (12.15 ч.4 КоАП),5000,не оплачен
164,798,2025-02-08,Непристегнутый ремень (12.6 КоАП),1000,оплачен
165,632,2024-08-20,Превышение скорости (12.9 ч.2 КоАП),500,не оплачен
166,65,2025-12-17,Нарушение правил парковки (12.19 КоАП),1500,оплачен
167,1018,2024-04-30,Превышение скорости (12.9 ч.2 КоАП),500,не оплачен
168,926,2025-08-19,Нарушение правил парковки (12.19 КоАП),1500,не оплачен
169,443,2023-12-09,Нарушение правил парковки (12.19 КоАП),1500,оплачен
170,230,2025-02-24,Проезд на запрещающий сигнал (12.12 ч.1 КоАП),1000,оплачен
171,414,2025-09-11,Превышение скорости (12.9 ч.2 КоАП),500,не оплачен
172,1037,2024-04-06,Выезд на встречную полосу (12.15 ч.4 КоАП),5000,оплачен
173,1025,2023-09-07,Выезд на встречную полосу (12.15 ч.4 КоАП),5000,оплачен
174,991,2024-04-28,Нарушение правил парковки (12.19 КоАП),1500,не оплачен
175,636,2025-08-23,Непристегнутый ремень (12.6 КоАП),1000,не оплачен
176,202,2023-05-15,Проезд на запрещающий сигнал (12.12 ч.1 КоАП),1000,не оплачен
177,272,2026-03-27,Непристегнутый ремень (12.6 КоАП),1000,оплачен
178,941,2023-05-23,Превышение скорости (12.9 ч.2 КоАП),500,оплачен
179,238,2026-03-23,Непристегнутый ремень (12.6 КоАП),1000,оплачен
180,179,2024-03-27,Превышение скорости (12.9 ч.2 КоАП),500,оплачен
181,212,2024-05-15,Превышение скорости (12.9 ч.2 КоАП),500,оплачен
182,47,2025-09-13,Нарушение правил парковки (12.19 КоАП),1500,оплачен
183,430,2024-02-25,Нарушение правил парковки (12.19 КоАП),1500,оплачен
184,587,2024-04-23,Проезд на запрещающий сигнал (12.12 ч.1 КоАП),1000,оплачен
185,904,2025-02-25,Нарушение правил парковки (12.19 КоАП),1500,оплачен
186,306,2025-04-01,Нарушение правил парковки (12.19 КоАП),1500,оплачен
187,32,2024-02-26,Превышение скорости (12.9 ч.2 КоАП),500,не оплачен
188,1053,2026-04-20,Непристегнутый ремень (12.6 КоАП),1000,оплачен
189,718,2025-01-11,Непристегнутый ремень (12.6 КоАП),1000,оплачен
190,290,2023-08-10,Нарушение правил парковки (12.19 КоАП),1500,не оплачен
191,1176,2024-07-31,Нарушение правил парковки (12.19 КоАП),1500,оплачен
192,638,2023-07-30,Превышение скорости (12.9 ч.2 КоАП),500,оплачен
193,1108,2024-07-07,Нарушение правил парковки (12.19 КоАП),1500,оплачен
194,60,2025-06-07,Проезд на запрещающий сигнал (12.12 ч.1 КоАП),1000,оплачен
195,217,2026-03-04,Превышение скорости (12.9 ч.2 КоАП),500,оплачен
196,874,2025-01-26,Превышение скорости (12.9 ч.2 КоАП),500,оплачен
197,914,2023-08-20,Непристегнутый ремень (12.6 КоАП),1000,оплачен
198,681,2025-11-20,Нарушение правил парковки (12.19 КоАП),1500,не оплачен
199,161,2024-07-15,Непристегнутый ремень (12.6 КоАП),1000,не оплачен
200,1163,2024-11-10,Выезд на встречную полосу (12.15 ч.4 КоАП),5000,оплачен
201,200,2025-02-05,Выезд на встречную полосу (12.15 ч.4 КоАП),5000,оплачен
202,964,2023-09-06,Выезд на встречную полосу (12.15 ч.4 КоАП),5000,оплачен
203,295,2026-02-27,Проезд на запрещающий сигнал (12.12 ч.1 КоАП),1000,не оплачен
204,529,2024-09-01,Непристегнутый ремень (12.6 КоАП),1000,не оплачен
205,376,2025-08-03,Выезд на встречную полосу (12.15 ч.4 КоАП),5000,оплачен
206,666,2023-10-08,Нарушение правил парковки (12.19 КоАП),1500,оплачен
207,134,2025-06-16,Превышение скорости (12.9 ч.2 КоАП),500,оплачен
208,981,2023-10-13,Нарушение правил парковки (12.19 КоАП),1500,оплачен
209,579,2026-01-20,Проезд на запрещающий сигнал (12.12 ч.1 КоАП),1000,не оплачен
210,1177,2023-08-18,Непристегнутый ремень (12.6 КоАП),1000,оплачен
211,831,2023-05-12,Превышение скорости (12.9 ч.2 КоАП),500,не оплачен
212,668,2025-01-01,Превышение скорости (12.9 ч.2 КоАП),500,оплачен
213,619,2026-04-14,Превышение скорости (12.9 ч.2 КоАП),500,оплачен
214,847,2025-11-25,Выезд на встречную полосу (12.15 ч.4 КоАП),5000,оплачен
215,1123,2025-11-14,Проезд на запрещающий сигнал (12.12 ч.1 КоАП),1000,оплачен
216,787,2024-07-15,Выезд на встречную полосу (12.15 ч.4 КоАП),5000,оплачен
217,883,2026-02-14,Проезд на запрещающий сигнал (12.12 ч.1 КоАП),1000,не оплачен
218,1162,2023-12-14,Выезд на встречную полосу (12.15 ч.4 КоАП),5000,не оплачен
219,484,2025-10-08,Непристегнутый ремень (12.6 КоАП),1000,оплачен
220,1176,2024-02-04,Превышение скорости (12.9 ч.2 КоАП),500,не оплачен
221,949,2024-01-03,Превышение скорости (12.9 ч.2 КоАП),500,оплачен
222,912,2024-04-24,Превышение скорости (12.9 ч.2 КоАП),500,оплачен
223,143,2023-07-31,Выезд на встречную полосу (12.15 ч.4 КоАП),5000,оплачен
224,777,2025-12-12,Непристегнутый ремень (12.6 КоАП),1000,оплачен
225,186,2025-05-24,Превышение скорости (12.9 ч.2 КоАП),500,оплачен
226,1190,2025-06-15,Проезд на запрещающий сигнал (12.12 ч.1 КоАП),1000,не оплачен
227,301,2025-10-10,Превышение скорости (12.9 ч.2 КоАП),500,оплачен
228,1089,2024-10-07,Выезд на встречную полосу (12.15 ч.4 КоАП),5000,оплачен
229,1184,2026-03-09,Непристегнутый ремень (12.6 КоАП),1000,оплачен
230,649,2025-07-13,Проезд на запрещающий сигнал (12.12 ч.1 КоАП),1000,оплачен
231,891,2025-10-12,Нарушение правил парковки (12.19 КоАП),1500,не оплачен
232,183,2024-03-15,Нарушение правил парковки (12.19 КоАП),1500,оплачен
233,1046,2026-01-18,Непристегнутый ремень (12.6 КоАП),1000,оплачен
234,603,2026-01-27,Проезд на запрещающий сигнал (12.12 ч.1 КоАП),1000,оплачен
235,109,2023-12-08,Непристегнутый ремень (12.6 КоАП),1000,оплачен
236,736,2023-06-28,Непристегнутый ремень (12.6 КоАП),1000,оплачен
237,64,2023-08-01,Нарушение правил парковки (12.19 КоАП),1500,оплачен
238,808,2023-06-23,Непристегнутый ремень (12.6 КоАП),1000,оплачен
239,832,2026-03-15,Выезд на встречную полосу (12.15 ч.4 КоАП),5000,оплачен
240,433,2025-09-09,Непристегнутый ремень (12.6 КоАП),1000,оплачен
241,285,2025-11-09,Выезд на встречную полосу (12.15 ч.4 КоАП),5000,оплачен
242,738,2025-07-06,Выезд на встречную полосу (12.15 ч.4 КоАП),5000,не оплачен
243,591,2026-03-28,Проезд на запрещающий сигнал (12.12 ч.1 КоАП),1000,не оплачен
244,276,2023-08-18,Проезд на запрещающий сигнал (12.12 ч.1 КоАП),1000,оплачен
245,295,2023-05-05,Превышение скорости (12.9 ч.2 КоАП),500,не оплачен
246,895,2025-05-09,Выезд на встречную полосу (12.15 ч.4 КоАП),5000,не оплачен
247,174,2023-12-25,Проезд на запрещающий сигнал (12.12 ч.1 КоАП),1000,оплачен
248,934,2024-04-14,Выезд на встречную полосу (12.15 ч.4 КоАП),5000,не оплачен
249,872,2023-12-09,Непристегнутый ремень (12.6 КоАП),1000,оплачен
250,1044,2023-11-30,Выезд на встречную полосу (12.15 ч.4 КоАП),5000,оплачен
251,788,2026-02-02,Выезд на встречную полосу (12.15 ч.4 КоАП),5000,оплачен
252,870,2026-03-03,Проезд на запрещающий сигнал (12.12 ч.1 КоАП),1000,оплачен
253,1021,2025-06-05,Непристегнутый ремень (12.6 КоАП),1000,не оплачен
254,1028,2024-08-02,Проезд на запрещающий сигнал (12.12 ч.1 КоАП),1000,оплачен
255,1181,2025-03-07,Непристегнутый ремень (12.6 КоАП),1000,оплачен
256,1164,2025-07-07,Превышение скорости (12.9 ч.2 КоАП),500,оплачен
257,232,2024-04-26,Нарушение правил парковки (12.19 КоАП),1500,оплачен
258,291,2023-06-16,Превышение скорости (12.9 ч.2 КоАП),500,не оплачен
259,573,2023-09-11,Непристегнутый ремень (12.6 КоАП),1000,оплачен
260,1072,2025-12-19,Превышение скорости (12.9 ч.2 КоАП),500,не оплачен
261,503,2024-08-15,Превышение скорости (12.9 ч.2 КоАП),500,оплачен
262,1105,2024-06-12,Превышение скорости (12.9 ч.2 КоАП),500,не оплачен
263,109,2023-11-02,Нарушение правил парковки (12.19 КоАП),1500,не оплачен
264,23,2023-05-03,Непристегнутый ремень (12.6 КоАП),1000,оплачен
265,961,2025-06-22,Непристегнутый ремень (12.6 КоАП),1000,оплачен
266,863,2025-08-03,Нарушение правил парковки (12.19 КоАП),1500,оплачен
267,593,2024-03-05,Нарушение правил парковки (12.19 КоАП),1500,оплачен
268,623,2024-08-12,Непристегнутый ремень (12.6 КоАП),1000,не оплачен
269,534,2024-06-15,Непристегнутый ремень (12.6 КоАП),1000,оплачен
270,1185,2024-05-16,Выезд на встречную полосу (12.15 ч.4 КоАП),5000,оплачен
271,598,2023-12-15,Превышение скорости (12.9 ч.2 КоАП),500,не оплачен
272,56,2024-10-02,Непристегнутый ремень (12.6 КоАП),1000,оплачен
273,260,2024-05-13,Превышение скорости (12.9 ч.2 КоАП),500,оплачен
274,517,2025-05-17,Нарушение правил парковки (12.19 КоАП),1500,оплачен
275,564,2024-07-19,Нарушение правил парковки (12.19 КоАП),1500,не оплачен
276,229,2023-11-25,Превышение скорости (12.9 ч.2 КоАП),500,оплачен
277,310,2024-06-11,Непристегнутый ремень (12.6 КоАП),1000,оплачен
278,360,2025-11-08,Нарушение правил парковки (12.19 КоАП),1500,оплачен
279,994,2024-08-02,Проезд на запрещающий сигнал (12.12 ч.1 КоАП),1000,оплачен
280,68,2023-09-14,Непристегнутый ремень (12.6 КоАП),1000,оплачен
281,298,2025-06-02,Превышение скорости (12.9 ч.2 КоАП),500,оплачен
282,1016,2025-06-10,Проезд на запрещающий сигнал (12.12 ч.1 КоАП),1000,не оплачен
283,785,2024-09-20,Выезд на встречную полосу (12.15 ч.4 КоАП),5000,оплачен
284,343,2025-08-23,Выезд на встречную полосу (12.15 ч.4 КоАП),5000,оплачен
285,112,2024-06-05,Нарушение правил парковки (12.19 КоАП),1500,оплачен
286,108,2025-05-01,Превышение скорости (12.9 ч.2 КоАП),500,оплачен
287,976,2025-06-07,Выезд на встречную полосу (12.15 ч.4 КоАП),5000,оплачен
288,479,2023-06-30,Непристегнутый ремень (12.6 КоАП),1000,оплачен
289,972,2023-12-21,Выезд на встречную полосу (12.15 ч.4 КоАП),5000,оплачен
290,891,2024-03-23,Непристегнутый ремень (12.6 КоАП),1000,оплачен
291,783,2025-10-16,Выезд на встречную полосу (12.15 ч.4 КоАП),5000,оплачен
292,85,2023-11-12,Непристегнутый ремень (12.6 КоАП),1000,оплачен
293,725,2025-06-19,Непристегнутый ремень (12.6 КоАП),1000,не оплачен
294,559,2026-02-28,Выезд на встречную полосу (12.15 ч.4 КоАП),5000,оплачен
295,202,2026-01-12,Нарушение правил парковки (12.19 КоАП),1500,оплачен
296,802,2024-02-12,Непристегнутый ремень (12.6 КоАП),1000,оплачен
297,400,2023-08-28,Проезд на запрещающий сигнал (12.12 ч.1 КоАП),1000,оплачен
298,642,2023-07-18,Проезд на запрещающий сигнал (12.12 ч.1 КоАП),1000,оплачен
299,140,2025-11-15,Превышение скорости (12.9 ч.2 КоАП),500,оплачен
300,1076,2023-08-04,Превышение скорости (12.9 ч.2 КоАП),500,оплачен
301,720,2024-11-25,Выезд на встречную полосу (12.15 ч.4 КоАП),5000,оплачен
302,516,2025-03-06,Нарушение правил парковки (12.19 КоАП),1500,оплачен
303,189,2023-08-08,Превышение скорости (12.9 ч.2 КоАП),500,оплачен
304,445,2025-11-06,Непристегнутый ремень (12.6 КоАП),1000,не оплачен
305,246,2023-09-16,Превышение скорости (12.9 ч.2 КоАП),500,оплачен
306,267,2023-05-10,Непристегнутый ремень (12.6 КоАП),1000,оплачен
307,379,2024-07-20,Непристегнутый ремень (12.6 КоАП),1000,не оплачен
308,519,2026-01-14,Проезд на запрещающий сигнал (12.12 ч.1 КоАП),1000,оплачен
309,929,2024-04-30,Превышение скорости (12.9 ч.2 КоАП),500,не оплачен
310,875,2025-10-30,Нарушение правил парковки (12.19 КоАП),1500,оплачен
311,528,2025-03-14,Нарушение правил парковки (12.19 КоАП),1500,оплачен
312,568,2025-10-08,Превышение скорости (12.9 ч.2 КоАП),500,не оплачен
313,796,2026-04-21,Выезд на встречную полосу (12.15 ч.4 КоАП),5000,оплачен
314,529,2024-01-20,Превышение скорости (12.9 ч.2 КоАП),500,не оплачен
315,365,2024-04-30,Нарушение правил парковки (12.19 КоАП),1500,оплачен
316,411,2024-08-17,Выезд на встречную полосу (12.15 ч.4 КоАП),5000,оплачен
317,1008,2023-09-11,Проезд на запрещающий сигнал (12.12 ч.1 КоАП),1000,оплачен
318,884,2023-06-06,Непристегнутый ремень (12.6 КоАП),1000,оплачен
319,905,2026-02-27,Превышение скорости (12.9 ч.2 КоАП),500,не оплачен
320,72,2023-12-16,Превышение скорости (12.9 ч.2 КоАП),500,оплачен
321,514,2024-08-03,Непристегнутый ремень (12.6 КоАП),1000,не оплачен
322,1020,2023-12-04,Превышение скорости (12.9 ч.2 КоАП),500,оплачен
323,78,2024-10-15,Превышение скорости (12.9 ч.2 КоАП),500,оплачен
324,311,2023-07-04,Нарушение правил парковки (12.19 КоАП),1500,не оплачен
325,1177,2024-09-05,Выезд на встречную полосу (12.15 ч.4 КоАП),5000,оплачен
326,980,2025-11-21,Выезд на встречную полосу (12.15 ч.4 КоАП),5000,оплачен
327,1107,2026-03-26,Превышение скорости (12.9 ч.2 КоАП),500,оплачен
328,988,2024-12-19,Выезд на встречную полосу (12.15 ч.4 КоАП),5000,оплачен
329,736,2024-03-04,Непристегнутый ремень (12.6 КоАП),1000,оплачен
330,821,2023-10-06,Нарушение правил парковки (12.19 КоАП),1500,оплачен
331,749,2023-07-19,Превышение скорости (12.9 ч.2 КоАП),500,оплачен
332,165,2024-11-28,Нарушение правил парковки (12.19 КоАП),1500,не оплачен
333,416,2023-12-24,Нарушение правил парковки (12.19 КоАП),1500,оплачен
334,787,2025-02-10,Превышение скорости (12.9 ч.2 КоАП),500,оплачен
335,799,2025-09-10,Нарушение правил парковки (12.19 КоАП),1500,не оплачен
336,997,2024-07-22,Нарушение правил парковки (12.19 КоАП),1500,оплачен
337,389,2024-07-04,Выезд на встречную полосу (12.15 ч.4 КоАП),5000,оплачен
338,52,2023-08-04,Проезд на запрещающий сигнал (12.12 ч.1 КоАП),1000,не оплачен
339,489,2025-08-22,Непристегнутый ремень (12.6 КоАП),1000,оплачен
340,1108,2025-04-20,Превышение скорости (12.9 ч.2 КоАП),500,оплачен
341,1094,2025-04-20,Выезд на встречную полосу (12.15 ч.4 КоАП),5000,не оплачен
342,34,2025-02-22,Выезд на встречную полосу (12.15 ч.4 КоАП),5000,оплачен
343,692,2026-03-04,Превышение скорости (12.9 ч.2 КоАП),500,не оплачен
344,831,2025-08-09,Превышение скорости (12.9 ч.2 КоАП),500,оплачен
345,939,2025-11-28,Непристегнутый ремень (12.6 КоАП),1000,не оплачен
346,306,2025-01-27,Непристегнутый ремень (12.6 КоАП),1000,не оплачен
347,148,2023-09-06,Проезд на запрещающий сигнал (12.12 ч.1 КоАП),1000,оплачен
348,1002,2026-03-30,Проезд на запрещающий сигнал (12.12 ч.1 КоАП),1000,оплачен
349,94,2025-04-21,Выезд на встречную полосу (12.15 ч.4 КоАП),5000,оплачен
350,30,2025-02-16,Проезд на запрещающий сигнал (12.12 ч.1 КоАП),1000,оплачен
351,630,2026-01-02,Превышение скорости (12.9 ч.2 КоАП),500,не оплачен
352,935,2025-07-30,Превышение скорости (12.9 ч.2 КоАП),500,оплачен
353,131,2025-03-04,Непристегнутый ремень (12.6 КоАП),1000,не оплачен
354,234,2026-04-18,Превышение скорости (12.9 ч.2 КоАП),500,оплачен
355,452,2024-02-08,Непристегнутый ремень (12.6 КоАП),1000,оплачен
356,873,2025-09-14,Проезд на запрещающий сигнал (12.12 ч.1 КоАП),1000,оплачен
357,665,2025-01-30,Выезд на встречную полосу (12.15 ч.4 КоАП),5000,оплачен
358,1118,2023-11-04,Непристегнутый ремень (12.6 КоАП),1000,оплачен
359,94,2023-05-24,Проезд на запрещающий сигнал (12.12 ч.1 КоАП),1000,оплачен
360,130,2024-08-04,Нарушение правил парковки (12.19 КоАП),1500,оплачен
361,851,2024-01-13,Проезд на запрещающий сигнал (12.12 ч.1 КоАП),1000,оплачен
362,1134,2025-10-21,Нарушение правил парковки (12.19 КоАП),1500,оплачен
363,1192,2025-05-27,Проезд на запрещающий сигнал (12.12 ч.1 КоАП),1000,оплачен
364,771,2024-11-14,Превышение скорости (12.9 ч.2 КоАП),500,не оплачен
365,998,2025-08-19,Превышение скорости (12.9 ч.2 КоАП),500,оплачен
366,368,2025-12-25,Превышение скорости (12.9 ч.2 КоАП),500,не оплачен
367,582,2023-09-07,Непристегнутый ремень (12.6 КоАП),1000,оплачен
368,260,2023-07-23,Выезд на встречную полосу (12.15 ч.4 КоАП),5000,оплачен
369,1072,2023-09-16,Нарушение правил парковки (12.19 КоАП),1500,оплачен
370,358,2026-03-28,Проезд на запрещающий сигнал (12.12 ч.1 КоАП),1000,оплачен
371,369,2024-08-15,Превышение скорости (12.9 ч.2 КоАП),500,не оплачен
372,181,2023-07-31,Непристегнутый ремень (12.6 КоАП),1000,оплачен
373,713,2023-07-05,Нарушение правил парковки (12.19 КоАП),1500,оплачен
374,483,2023-06-08,Непристегнутый ремень (12.6 КоАП),1000,оплачен
375,196,2025-07-20,Непристегнутый ремень (12.6 КоАП),1000,оплачен
376,1040,2023-12-13,Непристегнутый ремень (12.6 КоАП),1000,оплачен
377,567,2024-10-09,Проезд на запрещающий сигнал (12.12 ч.1 КоАП),1000,оплачен
378,306,2025-10-30,Превышение скорости (12.9 ч.2 КоАП),500,оплачен
379,1019,2026-01-05,Выезд на встречную полосу (12.15 ч.4 КоАП),5000,оплачен
380,111,2024-01-27,Превышение скорости (12.9 ч.2 КоАП),500,оплачен
381,430,2024-03-17,Нарушение правил парковки (12.19 КоАП),1500,оплачен
382,929,2023-07-06,Нарушение правил парковки (12.19 КоАП),1500,оплачен
383,1101,2024-12-15,Превышение скорости (12.9 ч.2 КоАП),500,оплачен
384,994,2024-10-10,Превышение скорости (12.9 ч.2 КоАП),500,оплачен
385,482,2023-09-21,Превышение скорости (12.9 ч.2 КоАП),500,не оплачен
386,1188,2023-10-20,Непристегнутый ремень (12.6 КоАП),1000,оплачен
387,668,2025-05-06,Проезд на запрещающий сигнал (12.12 ч.1 КоАП),1000,оплачен
388,668,2025-01-25,Превышение скорости (12.9 ч.2 КоАП),500,оплачен
389,845,2025-09-06,Проезд на запрещающий сигнал (12.12 ч.1 КоАП),1000,не оплачен
390,452,2023-12-30,Выезд на встречную полосу (12.15 ч.4 КоАП),5000,оплачен
391,993,2024-09-09,Непристегнутый ремень (12.6 КоАП),1000,оплачен
392,297,2023-10-25,Выезд на встречную полосу (12.15 ч.4 КоАП),5000,оплачен
393,932,2024-09-02,Непристегнутый ремень (12.6 КоАП),1000,оплачен
394,280,2023-12-16,Нарушение правил парковки (12.19 КоАП),1500,оплачен
395,735,2025-06-16,Проезд на запрещающий сигнал (12.12 ч.1 КоАП),1000,не оплачен
396,688,2025-06-30,Проезд на запрещающий сигнал (12.12 ч.1 КоАП),1000,оплачен
397,123,2023-06-03,Непристегнутый ремень (12.6 КоАП),1000,оплачен
398,954,2023-06-28,Превышение скорости (12.9 ч.2 КоАП),500,оплачен
399,704,2024-08-17,Проезд на запрещающий сигнал (12.12 ч.1 КоАП),1000,оплачен
400,322,2025-11-24,Нарушение правил парковки (12.19 КоАП),1500,не оплачен
401,349,2025-01-30,Непристегнутый ремень (12.6 КоАП),1000,оплачен
402,471,2023-06-01,Непристегнутый ремень (12.6 КоАП),1000,оплачен
403,1002,2024-11-10,Непристегнутый ремень (12.6 КоАП),1000,не оплачен
404,970,2024-06-23,Проезд на запрещающий сигнал (12.12 ч.1 КоАП),1000,не оплачен
405,30,2025-02-02,Нарушение правил парковки (12.19 КоАП),1500,не оплачен
406,508,2025-09-15,Проезд на запрещающий сигнал (12.12 ч.1 КоАП),1000,оплачен
407,456,2023-05-31,Непристегнутый ремень (12.6 КоАП),1000,не оплачен
408,306,2024-11-24,Непристегнутый ремень (12.6 КоАП),1000,не оплачен
409,856,2023-06-29,Превышение скорости (12.9 ч.2 КоАП),500,не оплачен
410,964,2025-06-18,Превышение скорости (12.9 ч.2 КоАП),500,не оплачен
411,69,2024-08-02,Непристегнутый ремень (12.6 КоАП),1000,оплачен
412,982,2026-01-17,Выезд на встречную полосу (12.15 ч.4 КоАП),5000,не оплачен
413,927,2026-01-17,Превышение скорости (12.9 ч.2 КоАП),500,оплачен
414,1144,2025-10-21,Превышение скорости (12.9 ч.2 КоАП),500,не оплачен
415,447,2024-09-24,Выезд на встречную полосу (12.15 ч.4 КоАП),5000,оплачен
416,490,2026-02-09,Нарушение правил парковки (12.19 КоАП),1500,оплачен
417,33,2023-09-06,Превышение скорости (12.9 ч.2 КоАП),500,оплачен
418,332,2025-04-30,Нарушение правил парковки (12.19 КоАП),1500,не оплачен
419,1196,2023-05-16,Непристегнутый ремень (12.6 КоАП),1000,оплачен
420,950,2024-05-30,Выезд на встречную полосу (12.15 ч.4 КоАП),5000,не оплачен
421,379,2023-11-05,Выезд на встречную полосу (12.15 ч.4 КоАП),5000,не оплачен
422,951,2023-07-10,Нарушение правил парковки (12.19 КоАП),1500,не оплачен
423,145,2024-07-06,Превышение скорости (12.9 ч.2 КоАП),500,оплачен
424,1088,2025-05-07,Нарушение правил парковки (12.19 КоАП),1500,оплачен
425,553,2024-03-16,Выезд на встречную полосу (12.15 ч.4 КоАП),5000,оплачен
426,1111,2023-05-27,Непристегнутый ремень (12.6 КоАП),1000,оплачен
427,166,2025-07-15,Проезд на запрещающий сигнал (12.12 ч.1 КоАП),1000,оплачен
428,113,2025-03-07,Нарушение правил парковки (12.19 КоАП),1500,оплачен
429,106,2025-09-08,Нарушение правил парковки (12.19 КоАП),1500,оплачен
430,954,2025-08-14,Нарушение правил парковки (12.19 КоАП),1500,оплачен
431,751,2025-03-09,Нарушение правил парковки (12.19 КоАП),1500,оплачен
432,138,2024-09-19,Непристегнутый ремень (12.6 КоАП),1000,оплачен
433,284,2023-11-07,Проезд на запрещающий сигнал (12.12 ч.1 КоАП),1000,не оплачен
434,1106,2024-12-14,Проезд на запрещающий сигнал (12.12 ч.1 КоАП),1000,оплачен
435,1189,2024-04-06,Выезд на встречную полосу (12.15 ч.4 КоАП),5000,не оплачен
436,462,2023-12-30,Проезд на запрещающий сигнал (12.12 ч.1 КоАП),1000,оплачен
437,1032,2024-01-05,Нарушение правил парковки (12.19 КоАП),1500,оплачен
438,112,2025-07-13,Нарушение правил парковки (12.19 КоАП),1500,оплачен
439,927,2024-05-23,Нарушение правил парковки (12.19 КоАП),1500,оплачен
440,252,2024-07-26,Непристегнутый ремень (12.6 КоАП),1000,оплачен
441,1092,2023-10-20,Непристегнутый ремень (12.6 КоАП),1000,не оплачен
442,754,2024-04-19,Выезд на встречную полосу (12.15 ч.4 КоАП),5000,не оплачен
443,386,2024-04-16,Превышение скорости (12.9 ч.2 КоАП),500,не оплачен
444,179,2026-03-13,Выезд на встречную полосу (12.15 ч.4 КоАП),5000,оплачен
445,591,2024-02-16,Проезд на запрещающий сигнал (12.12 ч.1 КоАП),1000,не оплачен
446,224,2024-09-04,Превышение скорости (12.9 ч.2 КоАП),500,оплачен
447,304,2025-08-28,Превышение скорости (12.9 ч.2 КоАП),500,оплачен
448,1067,2026-01-31,Проезд на запрещающий сигнал (12.12 ч.1 КоАП),1000,не оплачен
449,601,2023-07-17,Превышение скорости (12.9 ч.2 КоАП),500,оплачен
450,271,2024-01-20,Непристегнутый ремень (12.6 КоАП),1000,оплачен
451,910,2026-03-20,Выезд на встречную полосу (12.15 ч.4 КоАП),5000,не оплачен
452,598,2023-08-16,Превышение скорости (12.9 ч.2 КоАП),500,оплачен
453,476,2023-07-25,Превышение скорости (12.9 ч.2 КоАП),500,не оплачен
454,688,2024-03-24,Непристегнутый ремень (12.6 КоАП),1000,оплачен
455,669,2025-05-09,Нарушение правил парковки (12.19 КоАП),1500,оплачен
456,1124,2025-05-03,Непристегнутый ремень (12.6 КоАП),1000,оплачен
457,1162,2023-05-17,Нарушение правил парковки (12.19 КоАП),1500,оплачен
458,352,2023-06-06,Нарушение правил парковки (12.19 КоАП),1500,не оплачен
459,992,2023-11-30,Проезд на запрещающий сигнал (12.12 ч.1 КоАП),1000,оплачен
460,97,2024-04-28,Нарушение правил парковки (12.19 КоАП),1500,оплачен
461,934,2024-03-22,Нарушение правил парковки (12.19 КоАП),1500,не оплачен
462,330,2024-08-29,Непристегнутый ремень (12.6 КоАП),1000,не оплачен
463,374,2025-08-14,Нарушение правил парковки (12.19 КоАП),1500,не оплачен
464,331,2023-11-26,Проезд на запрещающий сигнал (12.12 ч.1 КоАП),1000,оплачен
465,649,2024-02-26,Превышение скорости (12.9 ч.2 КоАП),500,оплачен
466,534,2024-09-18,Выезд на встречную полосу (12.15 ч.4 КоАП),5000,оплачен
467,1152,2023-05-30,Проезд на запрещающий сигнал (12.12 ч.1 КоАП),1000,не оплачен
468,705,2025-03-02,Нарушение правил парковки (12.19 КоАП),1500,оплачен
469,1106,2024-01-19,Выезд на встречную полосу (12.15 ч.4 КоАП),5000,не оплачен
470,618,2025-04-20,Непристегнутый ремень (12.6 КоАП),1000,оплачен
471,829,2024-08-17,Превышение скорости (12.9 ч.2 КоАП),500,не оплачен
472,939,2026-02-26,Проезд на запрещающий сигнал (12.12 ч.1 КоАП),1000,не оплачен
473,9,2023-08-30,Проезд на запрещающий сигнал (12.12 ч.1 КоАП),1000,не оплачен
474,1040,2024-11-18,Непристегнутый ремень (12.6 КоАП),1000,оплачен
475,971,2025-04-28,Нарушение правил парковки (12.19 КоАП),1500,не оплачен
476,302,2023-07-15,Непристегнутый ремень (12.6 КоАП),1000,не оплачен
477,694,2025-06-21,Выезд на встречную полосу (12.15 ч.4 КоАП),5000,оплачен
478,83,2025-07-26,Выезд на встречную полосу (12.15 ч.4 КоАП),5000,оплачен
479,240,2024-03-02,Непристегнутый ремень (12.6 КоАП),1000,оплачен
480,452,2024-01-08,Выезд на встречную полосу (12.15 ч.4 КоАП),5000,оплачен
481,669,2025-06-20,Превышение скорости (12.9 ч.2 КоАП),500,оплачен
482,1195,2024-12-24,Проезд на запрещающий сигнал (12.12 ч.1 КоАП),1000,оплачен
483,401,2023-06-18,Нарушение правил парковки (12.19 КоАП),1500,оплачен
484,913,2024-06-06,Непристегнутый ремень (12.6 КоАП),1000,оплачен
485,1049,2023-09-19,Превышение скорости (12.9 ч.2 КоАП),500,оплачен
486,651,2024-12-05,Выезд на встречную полосу (12.15 ч.4 КоАП),5000,оплачен
487,115,2023-09-26,Непристегнутый ремень (12.6 КоАП),1000,не оплачен
488,815,2024-08-20,Нарушение правил парковки (12.19 КоАП),1500,оплачен
489,758,2024-04-07,Выезд на встречную полосу (12.15 ч.4 КоАП),5000,оплачен
490,583,2024-10-05,Превышение скорости (12.9 ч.2 КоАП),500,оплачен
491,913,2024-07-01,Нарушение правил парковки (12.19 КоАП),1500,не оплачен
492,442,2024-03-30,Превышение скорости (12.9 ч.2 КоАП),500,не оплачен
493,852,2024-08-08,Выезд на встречную полосу (12.15 ч.4 КоАП),5000,не оплачен
494,336,2025-10-18,Нарушение правил парковки (12.19 КоАП),1500,не оплачен
495,849,2023-10-15,Выезд на встречную полосу (12.15 ч.4 КоАП),5000,оплачен
496,177,2026-01-24,Непристегнутый ремень (12.6 КоАП),1000,оплачен
497,973,2026-04-23,Нарушение правил парковки (12.19 КоАП),1500,не оплачен
498,687,2025-06-13,Непристегнутый ремень (12.6 КоАП),1000,оплачен
499,770,2025-09-29,Непристегнутый ремень (12.6 КоАП),1000,оплачен
500,560,2023-12-14,Выезд на встречную полосу (12.15 ч.4 КоАП),5000,оплачен
501,947,2024-08-13,Непристегнутый ремень (12.6 КоАП),1000,не оплачен
502,409,2024-10-12,Проезд на запрещающий сигнал (12.12 ч.1 КоАП),1000,оплачен
503,593,2026-02-18,Выезд на встречную полосу (12.15 ч.4 КоАП),5000,оплачен
504,619,2024-08-25,Превышение скорости (12.9 ч.2 КоАП),500,не оплачен
505,1012,2025-03-27,Нарушение правил парковки (12.19 КоАП),1500,оплачен
506,460,2024-07-11,Выезд на встречную полосу (12.15 ч.4 КоАП),5000,оплачен
507,316,2026-01-29,Превышение скорости (12.9 ч.2 КоАП),500,оплачен
508,255,2025-02-05,Выезд на встречную полосу (12.15 ч.4 КоАП),5000,оплачен
509,855,2025-12-21,Нарушение правил парковки (12.19 КоАП),1500,оплачен
510,59,2024-07-25,Проезд на запрещающий сигнал (12.12 ч.1 КоАП),1000,оплачен
511,1010,2024-04-19,Нарушение правил парковки (12.19 КоАП),1500,не оплачен
512,741,2024-02-22,Превышение скорости (12.9 ч.2 КоАП),500,оплачен
513,894,2024-04-16,Непристегнутый ремень (12.6 КоАП),1000,не оплачен
514,245,2023-07-20,Выезд на встречную полосу (12.15 ч.4 КоАП),5000,оплачен
515,36,2024-06-19,Непристегнутый ремень (12.6 КоАП),1000,не оплачен
516,1192,2023-05-18,Проезд на запрещающий сигнал (12.12 ч.1 КоАП),1000,оплачен
517,945,2024-03-26,Нарушение правил парковки (12.19 КоАП),1500,не оплачен
518,732,2023-07-01,Проезд на запрещающий сигнал (12.12 ч.1 КоАП),1000,оплачен
519,740,2026-02-22,Нарушение правил парковки (12.19 КоАП),1500,оплачен
520,100,2026-02-20,Нарушение правил парковки (12.19 КоАП),1500,оплачен
521,158,2026-04-18,Непристегнутый ремень (12.6 КоАП),1000,оплачен
522,194,2024-10-01,Проезд на запрещающий сигнал (12.12 ч.1 КоАП),1000,оплачен
523,1114,2025-08-21,Проезд на запрещающий сигнал (12.12 ч.1 КоАП),1000,оплачен
524,617,2023-08-28,Нарушение правил парковки (12.19 КоАП),1500,оплачен
525,197,2025-06-10,Нарушение правил парковки (12.19 КоАП),1500,оплачен
526,295,2023-10-24,Нарушение правил парковки (12.19 КоАП),1500,оплачен
527,577,2024-11-03,Непристегнутый ремень (12.6 КоАП),1000,оплачен
528,844,2026-02-16,Выезд на встречную полосу (12.15 ч.4 КоАП),5000,оплачен
529,210,2025-06-29,Проезд на запрещающий сигнал (12.12 ч.1 КоАП),1000,оплачен
530,453,2024-10-18,Непристегнутый ремень (12.6 КоАП),1000,не оплачен
531,1077,2024-04-24,Непристегнутый ремень (12.6 КоАП),1000,не оплачен
532,234,2024-10-08,Непристегнутый ремень (12.6 КоАП),1000,оплачен
533,239,2023-04-28,Превышение скорости (12.9 ч.2 КоАП),500,не оплачен
534,983,2025-02-19,Превышение скорости (12.9 ч.2 КоАП),500,оплачен
535,285,2023-11-04,Нарушение правил парковки (12.19 КоАП),1500,не оплачен
536,1072,2025-11-14,Непристегнутый ремень (12.6 КоАП),1000,не оплачен
537,353,2023-12-16,Нарушение правил парковки (12.19 КоАП),1500,не оплачен
538,243,2024-11-04,Превышение скорости (12.9 ч.2 КоАП),500,оплачен
539,465,2025-08-02,Проезд на запрещающий сигнал (12.12 ч.1 КоАП),1000,оплачен
540,267,2026-02-17,Проезд на запрещающий сигнал (12.12 ч.1 КоАП),1000,не оплачен
541,229,2023-06-14,Выезд на встречную полосу (12.15 ч.4 КоАП),5000,оплачен
542,884,2025-11-05,Выезд на встречную полосу (12.15 ч.4 КоАП),5000,оплачен
543,68,2025-11-06,Превышение скорости (12.9 ч.2 КоАП),500,не оплачен
544,122,2024-06-25,Непристегнутый ремень (12.6 КоАП),1000,оплачен
545,89,2025-11-30,Нарушение правил парковки (12.19 КоАП),1500,оплачен
546,198,2023-07-30,Превышение скорости (12.9 ч.2 КоАП),500,не оплачен
547,421,2025-09-24,Непристегнутый ремень (12.6 КоАП),1000,оплачен
548,379,2026-02-04,Проезд на запрещающий сигнал (12.12 ч.1 КоАП),1000,оплачен
549,186,2024-05-18,Превышение скорости (12.9 ч.2 КоАП),500,оплачен
550,1188,2024-05-01,Нарушение правил парковки (12.19 КоАП),1500,оплачен
551,1026,2025-03-12,Проезд на запрещающий сигнал (12.12 ч.1 КоАП),1000,не оплачен
552,496,2024-02-22,Непристегнутый ремень (12.6 КоАП),1000,оплачен
553,203,2024-04-28,Превышение скорости (12.9 ч.2 КоАП),500,не оплачен
554,1084,2024-03-21,Превышение скорости (12.9 ч.2 КоАП),500,оплачен
555,578,2023-08-06,Проезд на запрещающий сигнал (12.12 ч.1 КоАП),1000,оплачен
556,9,2024-01-22,Непристегнутый ремень (12.6 КоАП),1000,не оплачен
557,439,2025-12-04,Превышение скорости (12.9 ч.2 КоАП),500,не оплачен
558,751,2024-03-06,Выезд на встречную полосу (12.15 ч.4 КоАП),5000,оплачен
559,901,2026-04-11,Проезд на запрещающий сигнал (12.12 ч.1 КоАП),1000,оплачен
560,371,2025-07-25,Превышение скорости (12.9 ч.2 КоАП),500,не оплачен
561,869,2024-12-05,Выезд на встречную полосу (12.15 ч.4 КоАП),5000,оплачен
562,835,2024-10-23,Проезд на запрещающий сигнал (12.12 ч.1 КоАП),1000,оплачен
563,254,2024-09-27,Нарушение правил парковки (12.19 КоАП),1500,оплачен
564,279,2025-01-09,Непристегнутый ремень (12.6 КоАП),1000,оплачен
565,591,2025-08-27,Нарушение правил парковки (12.19 КоАП),1500,оплачен
566,169,2024-10-04,Превышение скорости (12.9 ч.2 КоАП),500,оплачен
567,789,2026-02-08,Превышение скорости (12.9 ч.2 КоАП),500,оплачен
568,639,2023-07-25,Непристегнутый ремень (12.6 КоАП),1000,оплачен
569,463,2023-12-22,Выезд на встречную полосу (12.15 ч.4 КоАП),5000,оплачен
570,877,2023-11-22,Нарушение правил парковки (12.19 КоАП),1500,оплачен
571,975,2023-05-09,Превышение скорости (12.9 ч.2 КоАП),500,не оплачен
572,368,2026-01-09,Нарушение правил парковки (12.19 КоАП),1500,оплачен
573,216,2025-07-27,Выезд на встречную полосу (12.15 ч.4 КоАП),5000,оплачен
574,175,2023-05-22,Непристегнутый ремень (12.6 КоАП),1000,оплачен
575,821,2024-11-25,Выезд на встречную полосу (12.15 ч.4 КоАП),5000,оплачен
576,346,2024-02-13,Превышение скорости (12.9 ч.2 КоАП),500,оплачен
577,694,2025-08-16,Проезд на запрещающий сигнал (12.12 ч.1 КоАП),1000,оплачен
578,252,2024-07-28,Выезд на встречную полосу (12.15 ч.4 КоАП),5000,оплачен
579,1023,2025-06-02,Выезд на встречную полосу (12.15 ч.4 КоАП),5000,оплачен
580,560,2026-03-06,Непристегнутый ремень (12.6 КоАП),1000,не оплачен
581,730,2026-03-08,Выезд на встречную полосу (12.15 ч.4 КоАП),5000,оплачен
582,829,2025-10-05,Непристегнутый ремень (12.6 КоАП),1000,не оплачен
583,572,2026-04-09,Непристегнутый ремень (12.6 КоАП),1000,оплачен
584,222,2023-12-17,Выезд на встречную полосу (12.15 ч.4 КоАП),5000,оплачен
585,1019,2025-03-22,Выезд на встречную полосу (12.15 ч.4 КоАП),5000,оплачен
586,61,2025-11-01,Проезд на запрещающий сигнал (12.12 ч.1 КоАП),1000,оплачен
587,140,2024-11-18,Превышение скорости (12.9 ч.2 КоАП),500,оплачен
588,367,2023-08-03,Превышение скорости (12.9 ч.2 КоАП),500,оплачен
589,313,2024-03-18,Нарушение правил парковки (12.19 КоАП),1500,оплачен
590,198,2024-02-04,Непристегнутый ремень (12.6 КоАП),1000,не оплачен
591,1009,2024-07-01,Непристегнутый ремень (12.6 КоАП),1000,не оплачен
592,602,2024-12-29,Проезд на запрещающий сигнал (12.12 ч.1 КоАП),1000,оплачен
593,1034,2024-09-10,Выезд на встречную полосу (12.15 ч.4 КоАП),5000,оплачен
594,1108,2023-08-20,Нарушение правил парковки (12.19 КоАП),1500,оплачен
595,882,2025-08-19,Превышение скорости (12.9 ч.2 КоАП),500,не оплачен
596,786,2024-02-11,Превышение скорости (12.9 ч.2 КоАП),500,оплачен
597,907,2026-03-20,Выезд на встречную полосу (12.15 ч.4 КоАП),5000,оплачен
598,363,2024-11-18,Превышение скорости (12.9 ч.2 КоАП),500,оплачен
599,337,2025-11-02,Нарушение правил парковки (12.19 КоАП),1500,оплачен
600,640,2023-09-25,Проезд на запрещающий сигнал (12.12 ч.1 КоАП),1000,не оплачен
601,225,2024-05-24,Выезд на встречную полосу (12.15 ч.4 КоАП),5000,оплачен
602,1135,2025-02-27,Выезд на встречную полосу (12.15 ч.4 КоАП),5000,оплачен
603,963,2023-10-17,Непристегнутый ремень (12.6 КоАП),1000,оплачен
604,1038,2025-12-26,Проезд на запрещающий сигнал (12.12 ч.1 КоАП),1000,оплачен
605,1014,2024-01-08,Нарушение правил парковки (12.19 КоАП),1500,оплачен
606,723,2023-07-02,Выезд на встречную полосу (12.15 ч.4 КоАП),5000,не оплачен
607,657,2023-10-18,Нарушение правил парковки (12.19 КоАП),1500,оплачен
608,93,2024-06-09,Непристегнутый ремень (12.6 КоАП),1000,оплачен
609,715,2023-06-26,Нарушение правил парковки (12.19 КоАП),1500,не оплачен
610,56,2025-03-28,Непристегнутый ремень (12.6 КоАП),1000,не оплачен
611,780,2025-10-25,Нарушение правил парковки (12.19 КоАП),1500,оплачен
612,732,2025-06-18,Нарушение правил парковки (12.19 КоАП),1500,оплачен
613,501,2024-04-08,Превышение скорости (12.9 ч.2 КоАП),500,оплачен
614,174,2024-06-23,Нарушение правил парковки (12.19 КоАП),1500,не оплачен
615,625,2023-05-22,Превышение скорости (12.9 ч.2 КоАП),500,оплачен
616,41,2023-05-02,Проезд на запрещающий сигнал (12.12 ч.1 КоАП),1000,оплачен
617,944,2025-03-22,Превышение скорости (12.9 ч.2 КоАП),500,оплачен
618,1164,2025-03-15,Выезд на встречную полосу (12.15 ч.4 КоАП),5000,оплачен
619,547,2023-08-19,Выезд на встречную полосу (12.15 ч.4 КоАП),5000,оплачен
620,46,2026-03-26,Выезд на встречную полосу (12.15 ч.4 КоАП),5000,не оплачен
621,1169,2026-01-30,Выезд на встречную полосу (12.15 ч.4 КоАП),5000,оплачен
622,201,2025-02-06,Непристегнутый ремень (12.6 КоАП),1000,не оплачен
623,422,2025-12-29,Превышение скорости (12.9 ч.2 КоАП),500,оплачен
624,696,2023-07-26,Непристегнутый ремень (12.6 КоАП),1000,оплачен
625,745,2023-09-26,Нарушение правил парковки (12.19 КоАП),1500,не оплачен
626,1018,2023-06-11,Проезд на запрещающий сигнал (12.12 ч.1 КоАП),1000,оплачен
627,1098,2025-09-12,Превышение скорости (12.9 ч.2 КоАП),500,оплачен
628,98,2024-03-31,Нарушение правил парковки (12.19 КоАП),1500,оплачен
629,824,2023-10-11,Непристегнутый ремень (12.6 КоАП),1000,не оплачен
630,189,2025-03-09,Непристегнутый ремень (12.6 КоАП),1000,не оплачен
631,195,2024-05-03,Непристегнутый ремень (12.6 КоАП),1000,оплачен
632,138,2024-08-16,Нарушение правил парковки (12.19 КоАП),1500,оплачен
633,974,2025-11-21,Непристегнутый ремень (12.6 КоАП),1000,оплачен
634,158,2025-09-17,Нарушение правил парковки (12.19 КоАП),1500,оплачен
635,1034,2025-02-20,Нарушение правил парковки (12.19 КоАП),1500,не оплачен
636,1106,2024-03-04,Выезд на встречную полосу (12.15 ч.4 КоАП),5000,оплачен
637,824,2024-01-21,Выезд на встречную полосу (12.15 ч.4 КоАП),5000,оплачен
638,929,2023-09-19,Непристегнутый ремень (12.6 КоАП),1000,оплачен
639,370,2024-11-15,Непристегнутый ремень (12.6 КоАП),1000,не оплачен
640,383,2024-11-02,Непристегнутый ремень (12.6 КоАП),1000,оплачен
641,958,2024-04-02,Проезд на запрещающий сигнал (12.12 ч.1 КоАП),1000,оплачен
642,889,2026-01-28,Непристегнутый ремень (12.6 КоАП),1000,не оплачен
643,1070,2024-05-02,Превышение скорости (12.9 ч.2 КоАП),500,оплачен
644,303,2025-12-06,Выезд на встречную полосу (12.15 ч.4 КоАП),5000,оплачен
645,892,2025-04-14,Нарушение правил парковки (12.19 КоАП),1500,оплачен
646,417,2024-09-02,Превышение скорости (12.9 ч.2 КоАП),500,не оплачен
647,588,2024-03-02,Нарушение правил парковки (12.19 КоАП),1500,оплачен
648,484,2023-09-29,Нарушение правил парковки (12.19 КоАП),1500,оплачен
649,308,2025-05-30,Превышение скорости (12.9 ч.2 КоАП),500,оплачен
650,636,2024-09-13,Проезд на запрещающий сигнал (12.12 ч.1 КоАП),1000,оплачен
651,894,2023-11-13,Непристегнутый ремень (12.6 КоАП),1000,оплачен
652,414,2025-08-19,Превышение скорости (12.9 ч.2 КоАП),500,оплачен
653,60,2024-11-27,Проезд на запрещающий сигнал (12.12 ч.1 КоАП),1000,оплачен
654,1128,2023-09-26,Нарушение правил парковки (12.19 КоАП),1500,оплачен
655,996,2024-02-05,Превышение скорости (12.9 ч.2 КоАП),500,не оплачен
656,172,2026-02-13,Превышение скорости (12.9 ч.2 КоАП),500,оплачен
657,131,2023-12-26,Нарушение правил парковки (12.19 КоАП),1500,не оплачен
658,745,2024-05-24,Выезд на встречную полосу (12.15 ч.4 КоАП),5000,оплачен
659,813,2023-05-29,Превышение скорости (12.9 ч.2 КоАП),500,не оплачен
660,484,2026-01-13,Проезд на запрещающий сигнал (12.12 ч.1 КоАП),1000,оплачен
661,248,2026-02-28,Непристегнутый ремень (12.6 КоАП),1000,оплачен
662,1076,2023-07-06,Непристегнутый ремень (12.6 КоАП),1000,оплачен
663,488,2023-06-14,Превышение скорости (12.9 ч.2 КоАП),500,оплачен
664,675,2023-11-19,Нарушение правил парковки (12.19 КоАП),1500,не оплачен
665,484,2024-08-21,Выезд на встречную полосу (12.15 ч.4 КоАП),5000,не оплачен
666,296,2025-10-01,Проезд на запрещающий сигнал (12.12 ч.1 КоАП),1000,оплачен
667,563,2024-02-24,Проезд на запрещающий сигнал (12.12 ч.1 КоАП),1000,оплачен
668,115,2025-05-30,Нарушение правил парковки (12.19 КоАП),1500,оплачен
669,232,2024-09-24,Нарушение правил парковки (12.19 КоАП),1500,оплачен
670,973,2025-08-09,Выезд на встречную полосу (12.15 ч.4 КоАП),5000,оплачен
671,297,2023-08-31,Нарушение правил парковки (12.19 КоАП),1500,оплачен
672,632,2025-07-30,Нарушение правил парковки (12.19 КоАП),1500,оплачен
673,72,2024-04-12,Непристегнутый ремень (12.6 КоАП),1000,не оплачен
674,491,2024-10-08,Превышение скорости (12.9 ч.2 КоАП),500,оплачен
675,634,2023-06-22,Выезд на встречную полосу (12.15 ч.4 КоАП),5000,оплачен
676,250,2026-01-10,Нарушение правил парковки (12.19 КоАП),1500,оплачен
677,907,2023-07-03,Проезд на запрещающий сигнал (12.12 ч.1 КоАП),1000,оплачен
678,524,2024-02-05,Выезд на встречную полосу (12.15 ч.4 КоАП),5000,оплачен
679,610,2023-12-05,Проезд на запрещающий сигнал (12.12 ч.1 КоАП),1000,оплачен
680,899,2025-09-10,Проезд на запрещающий сигнал (12.12 ч.1 КоАП),1000,оплачен
681,70,2025-04-27,Выезд на встречную полосу (12.15 ч.4 КоАП),5000,оплачен
682,1007,2024-06-12,Превышение скорости (12.9 ч.2 КоАП),500,оплачен
683,682,2023-05-13,Выезд на встречную полосу (12.15 ч.4 КоАП),5000,не оплачен
684,329,2026-03-01,Превышение скорости (12.9 ч.2 КоАП),500,оплачен
685,136,2025-07-26,Непристегнутый ремень (12.6 КоАП),1000,оплачен
686,1122,2025-10-28,Непристегнутый ремень (12.6 КоАП),1000,не оплачен
687,57,2025-05-25,Выезд на встречную полосу (12.15 ч.4 КоАП),5000,не оплачен
688,909,2024-11-21,Проезд на запрещающий сигнал (12.12 ч.1 КоАП),1000,не оплачен
689,7,2026-01-20,Проезд на запрещающий сигнал (12.12 ч.1 КоАП),1000,оплачен
690,643,2025-05-21,Нарушение правил парковки (12.19 КоАП),1500,оплачен
691,324,2026-04-20,Превышение скорости (12.9 ч.2 КоАП),500,оплачен
692,841,2025-07-04,Проезд на запрещающий сигнал (12.12 ч.1 КоАП),1000,не оплачен
693,925,2024-06-02,Нарушение правил парковки (12.19 КоАП),1500,оплачен
694,534,2023-11-21,Проезд на запрещающий сигнал (12.12 ч.1 КоАП),1000,оплачен
695,671,2024-04-13,Непристегнутый ремень (12.6 КоАП),1000,не оплачен
696,173,2024-10-13,Проезд на запрещающий сигнал (12.12 ч.1 КоАП),1000,оплачен
697,806,2023-08-27,Проезд на запрещающий сигнал (12.12 ч.1 КоАП),1000,не оплачен
698,460,2025-12-24,Непристегнутый ремень (12.6 КоАП),1000,оплачен
699,1144,2025-09-11,Превышение скорости (12.9 ч.2 КоАП),500,оплачен
700,183,2026-03-05,Проезд на запрещающий сигнал (12.12 ч.1 КоАП),1000,не оплачен
701,537,2023-06-22,Проезд на запрещающий сигнал (12.12 ч.1 КоАП),1000,не оплачен
702,102,2023-12-28,Проезд на запрещающий сигнал (12.12 ч.1 КоАП),1000,оплачен
703,533,2025-02-25,Выезд на встречную полосу (12.15 ч.4 КоАП),5000,оплачен
704,349,2024-08-18,Нарушение правил парковки (12.19 КоАП),1500,не оплачен
705,29,2024-01-30,Превышение скорости (12.9 ч.2 КоАП),500,не оплачен
706,930,2023-10-12,Выезд на встречную полосу (12.15 ч.4 КоАП),5000,не оплачен
707,243,2026-01-05,Выезд на встречную полосу (12.15 ч.4 КоАП),5000,оплачен
708,391,2024-08-04,Проезд на запрещающий сигнал (12.12 ч.1 КоАП),1000,не оплачен
709,590,2025-10-19,Нарушение правил парковки (12.19 КоАП),1500,не оплачен
710,267,2023-11-26,Выезд на встречную полосу (12.15 ч.4 КоАП),5000,оплачен
711,442,2025-07-29,Проезд на запрещающий сигнал (12.12 ч.1 КоАП),1000,не оплачен
712,388,2025-06-25,Нарушение правил парковки (12.19 КоАП),1500,оплачен
713,299,2024-07-28,Выезд на встречную полосу (12.15 ч.4 КоАП),5000,оплачен
714,483,2023-08-14,Нарушение правил парковки (12.19 КоАП),1500,оплачен
715,758,2024-12-16,Проезд на запрещающий сигнал (12.12 ч.1 КоАП),1000,оплачен
716,176,2024-04-19,Выезд на встречную полосу (12.15 ч.4 КоАП),5000,оплачен
717,663,2024-06-29,Проезд на запрещающий сигнал (12.12 ч.1 КоАП),1000,не оплачен
718,435,2024-07-10,Выезд на встречную полосу (12.15 ч.4 КоАП),5000,не оплачен
719,525,2025-05-26,Выезд на встречную полосу (12.15 ч.4 КоАП),5000,оплачен
720,121,2025-04-20,Непристегнутый ремень (12.6 КоАП),1000,оплачен
721,965,2026-01-27,Проезд на запрещающий сигнал (12.12 ч.1 КоАП),1000,не оплачен
722,94,2025-10-28,Непристегнутый ремень (12.6 КоАП),1000,оплачен
723,781,2024-02-08,Непристегнутый ремень (12.6 КоАП),1000,оплачен
724,760,2025-05-16,Выезд на встречную полосу (12.15 ч.4 КоАП),5000,оплачен
725,85,2026-01-16,Непристегнутый ремень (12.6 КоАП),1000,оплачен
726,348,2025-12-14,Нарушение правил парковки (12.19 КоАП),1500,оплачен
727,959,2025-01-29,Нарушение правил парковки (12.19 КоАП),1500,оплачен
728,1087,2025-11-29,Нарушение правил парковки (12.19 КоАП),1500,оплачен
729,240,2024-02-26,Нарушение правил парковки (12.19 КоАП),1500,оплачен
730,1023,2025-12-08,Проезд на запрещающий сигнал (12.12 ч.1 КоАП),1000,не оплачен
731,739,2026-03-02,Нарушение правил парковки (12.19 КоАП),1500,не оплачен
732,540,2023-12-14,Нарушение правил парковки (12.19 КоАП),1500,оплачен
733,1059,2023-05-02,Нарушение правил парковки (12.19 КоАП),1500,оплачен
734,647,2024-10-12,Проезд на запрещающий сигнал (12.12 ч.1 КоАП),1000,не оплачен
735,310,2024-11-16,Выезд на встречную полосу (12.15 ч.4 КоАП),5000,оплачен
736,109,2023-08-27,Выезд на встречную полосу (12.15 ч.4 КоАП),5000,оплачен
737,471,2024-11-13,Превышение скорости (12.9 ч.2 КоАП),500,оплачен
738,533,2026-01-27,Выезд на встречную полосу (12.15 ч.4 КоАП),5000,оплачен
739,894,2025-04-15,Выезд на встречную полосу (12.15 ч.4 КоАП),5000,оплачен
740,84,2023-05-02,Выезд на встречную полосу (12.15 ч.4 КоАП),5000,оплачен
741,994,2024-05-17,Непристегнутый ремень (12.6 КоАП),1000,оплачен
742,304,2024-10-26,Превышение скорости (12.9 ч.2 КоАП),500,оплачен
743,418,2024-02-11,Превышение скорости (12.9 ч.2 КоАП),500,не оплачен
744,345,2024-04-16,Проезд на запрещающий сигнал (12.12 ч.1 КоАП),1000,не оплачен
745,1154,2023-05-11,Нарушение правил парковки (12.19 КоАП),1500,не оплачен
746,435,2024-07-16,Непристегнутый ремень (12.6 КоАП),1000,оплачен
747,1078,2024-03-29,Превышение скорости (12.9 ч.2 КоАП),500,не оплачен
748,853,2024-05-16,Проезд на запрещающий сигнал (12.12 ч.1 КоАП),1000,не оплачен
749,1021,2025-12-17,Проезд на запрещающий сигнал (12.12 ч.1 КоАП),1000,оплачен
750,54,2024-06-20,Нарушение правил парковки (12.19 КоАП),1500,оплачен
751,808,2025-09-02,Превышение скорости (12.9 ч.2 КоАП),500,оплачен
752,663,2023-10-14,Превышение скорости (12.9 ч.2 КоАП),500,оплачен
753,943,2024-11-05,Превышение скорости (12.9 ч.2 КоАП),500,не оплачен
754,930,2025-09-21,Выезд на встречную полосу (12.15 ч.4 КоАП),5000,оплачен
755,12,2025-09-13,Нарушение правил парковки (12.19 КоАП),1500,оплачен
756,928,2025-06-26,Превышение скорости (12.9 ч.2 КоАП),500,оплачен
757,265,2023-12-02,Непристегнутый ремень (12.6 КоАП),1000,оплачен
758,580,2026-03-31,Превышение скорости (12.9 ч.2 КоАП),500,оплачен
759,145,2024-12-18,Превышение скорости (12.9 ч.2 КоАП),500,оплачен
760,782,2025-07-04,Непристегнутый ремень (12.6 КоАП),1000,оплачен
761,365,2025-04-23,Нарушение правил парковки (12.19 КоАП),1500,оплачен
762,183,2024-07-21,Выезд на встречную полосу (12.15 ч.4 КоАП),5000,оплачен
763,334,2024-07-19,Проезд на запрещающий сигнал (12.12 ч.1 КоАП),1000,оплачен
764,584,2024-03-31,Выезд на встречную полосу (12.15 ч.4 КоАП),5000,оплачен
765,247,2024-04-29,Проезд на запрещающий сигнал (12.12 ч.1 КоАП),1000,оплачен
766,636,2026-03-04,Выезд на встречную полосу (12.15 ч.4 КоАП),5000,не оплачен
767,269,2025-05-28,Непристегнутый ремень (12.6 КоАП),1000,оплачен
768,753,2024-03-09,Превышение скорости (12.9 ч.2 КоАП),500,оплачен
769,913,2023-10-14,Выезд на встречную полосу (12.15 ч.4 КоАП),5000,не оплачен
770,550,2024-06-05,Выезд на встречную полосу (12.15 ч.4 КоАП),5000,оплачен
771,185,2025-12-28,Выезд на встречную полосу (12.15 ч.4 КоАП),5000,не оплачен
772,382,2023-05-11,Нарушение правил парковки (12.19 КоАП),1500,оплачен
773,191,2023-12-01,Выезд на встречную полосу (12.15 ч.4 КоАП),5000,оплачен
774,950,2025-11-25,Нарушение правил парковки (12.19 КоАП),1500,оплачен
775,1015,2023-05-26,Проезд на запрещающий сигнал (12.12 ч.1 КоАП),1000,оплачен
776,172,2024-04-11,Непристегнутый ремень (12.6 КоАП),1000,оплачен
777,163,2023-05-25,Выезд на встречную полосу (12.15 ч.4 КоАП),5000,не оплачен
778,616,2023-07-11,Выезд на встречную полосу (12.15 ч.4 КоАП),5000,оплачен
779,616,2025-08-17,Проезд на запрещающий сигнал (12.12 ч.1 КоАП),1000,не оплачен
780,876,2023-10-06,Непристегнутый ремень (12.6 КоАП),1000,оплачен
781,1129,2026-03-26,Превышение скорости (12.9 ч.2 КоАП),500,оплачен
782,1052,2023-05-05,Превышение скорости (12.9 ч.2 КоАП),500,оплачен
783,846,2024-04-02,Выезд на встречную полосу (12.15 ч.4 КоАП),5000,оплачен
784,519,2025-11-22,Непристегнутый ремень (12.6 КоАП),1000,оплачен
785,168,2023-09-12,Непристегнутый ремень (12.6 КоАП),1000,не оплачен
786,234,2023-08-11,Превышение скорости (12.9 ч.2 КоАП),500,не оплачен
787,368,2023-10-21,Выезд на встречную полосу (12.15 ч.4 КоАП),5000,не оплачен
788,93,2026-01-16,Выезд на встречную полосу (12.15 ч.4 КоАП),5000,оплачен
789,643,2024-08-01,Нарушение правил парковки (12.19 КоАП),1500,оплачен
790,922,2023-05-13,Выезд на встречную полосу (12.15 ч.4 КоАП),5000,оплачен
791,700,2025-05-26,Нарушение правил парковки (12.19 КоАП),1500,не оплачен
792,433,2024-10-09,Проезд на запрещающий сигнал (12.12 ч.1 КоАП),1000,оплачен
793,532,2024-11-24,Непристегнутый ремень (12.6 КоАП),1000,не оплачен
794,889,2025-09-27,Превышение скорости (12.9 ч.2 КоАП),500,оплачен
795,809,2025-04-20,Превышение скорости (12.9 ч.2 КоАП),500,оплачен
796,978,2025-08-06,Проезд на запрещающий сигнал (12.12 ч.1 КоАП),1000,оплачен
797,997,2025-03-02,Выезд на встречную полосу (12.15 ч.4 КоАП),5000,оплачен
798,739,2024-01-10,Непристегнутый ремень (12.6 КоАП),1000,оплачен
799,620,2023-08-13,Выезд на встречную полосу (12.15 ч.4 КоАП),5000,оплачен
800,29,2025-01-29,Проезд на запрещающий сигнал (12.12 ч.1 КоАП),1000,оплачен
801,386,2024-03-22,Превышение скорости (12.9 ч.2 КоАП),500,не оплачен
802,986,2024-05-20,Проезд на запрещающий сигнал (12.12 ч.1 КоАП),1000,оплачен
803,893,2025-06-17,Проезд на запрещающий сигнал (12.12 ч.1 КоАП),1000,не оплачен
804,391,2024-08-10,Непристегнутый ремень (12.6 КоАП),1000,оплачен
805,304,2024-07-14,Выезд на встречную полосу (12.15 ч.4 КоАП),5000,оплачен
806,239,2024-04-21,Превышение скорости (12.9 ч.2 КоАП),500,оплачен
807,912,2023-07-25,Проезд на запрещающий сигнал (12.12 ч.1 КоАП),1000,не оплачен
808,41,2024-09-23,Выезд на встречную полосу (12.15 ч.4 КоАП),5000,не оплачен
809,497,2024-03-20,Непристегнутый ремень (12.6 КоАП),1000,оплачен
810,803,2024-08-03,Непристегнутый ремень (12.6 КоАП),1000,оплачен
811,211,2024-06-02,Превышение скорости (12.9 ч.2 КоАП),500,оплачен
812,852,2026-01-03,Выезд на встречную полосу (12.15 ч.4 КоАП),5000,не оплачен
813,1136,2025-05-06,Непристегнутый ремень (12.6 КоАП),1000,не оплачен
814,999,2024-09-27,Превышение скорости (12.9 ч.2 КоАП),500,оплачен
815,1000,2024-10-25,Непристегнутый ремень (12.6 КоАП),1000,оплачен
816,1082,2023-05-26,Превышение скорости (12.9 ч.2 КоАП),500,оплачен
817,647,2025-07-01,Непристегнутый ремень (12.6 КоАП),1000,оплачен
818,855,2023-12-09,Нарушение правил парковки (12.19 КоАП),1500,не оплачен
819,1014,2024-04-14,Превышение скорости (12.9 ч.2 КоАП),500,оплачен
820,919,2025-09-01,Нарушение правил парковки (12.19 КоАП),1500,оплачен
821,331,2023-12-06,Превышение скорости (12.9 ч.2 КоАП),500,оплачен
822,962,2025-07-22,Проезд на запрещающий сигнал (12.12 ч.1 КоАП),1000,оплачен
823,1040,2026-01-04,Проезд на запрещающий сигнал (12.12 ч.1 КоАП),1000,оплачен
824,960,2025-07-30,Нарушение правил парковки (12.19 КоАП),1500,оплачен
825,800,2025-09-07,Нарушение правил парковки (12.19 КоАП),1500,не оплачен
826,968,2023-09-22,Нарушение правил парковки (12.19 КоАП),1500,не оплачен
827,425,2024-12-26,Проезд на запрещающий сигнал (12.12 ч.1 КоАП),1000,оплачен
828,989,2023-08-26,Превышение скорости (12.9 ч.2 КоАП),500,оплачен
829,321,2024-04-19,Проезд на запрещающий сигнал (12.12 ч.1 КоАП),1000,оплачен
830,852,2025-04-03,Превышение скорости (12.9 ч.2 КоАП),500,не оплачен
831,622,2026-02-01,Выезд на встречную полосу (12.15 ч.4 КоАП),5000,оплачен
832,97,2023-09-03,Непристегнутый ремень (12.6 КоАП),1000,не оплачен
833,535,2025-10-12,Нарушение правил парковки (12.19 КоАП),1500,оплачен
834,358,2024-09-13,Проезд на запрещающий сигнал (12.12 ч.1 КоАП),1000,не оплачен
835,66,2026-03-21,Непристегнутый ремень (12.6 КоАП),1000,не оплачен
836,882,2025-07-02,Нарушение правил парковки (12.19 КоАП),1500,оплачен
837,248,2025-08-02,Проезд на запрещающий сигнал (12.12 ч.1 КоАП),1000,оплачен
838,529,2023-06-07,Выезд на встречную полосу (12.15 ч.4 КоАП),5000,не оплачен
839,96,2025-05-25,Нарушение правил парковки (12.19 КоАП),1500,не оплачен
840,548,2024-04-08,Непристегнутый ремень (12.6 КоАП),1000,не оплачен
841,214,2023-12-02,Непристегнутый ремень (12.6 КоАП),1000,не оплачен
842,937,2025-05-15,Выезд на встречную полосу (12.15 ч.4 КоАП),5000,не оплачен
843,217,2023-10-30,Превышение скорости (12.9 ч.2 КоАП),500,не оплачен
844,209,2024-08-13,Непристегнутый ремень (12.6 КоАП),1000,не оплачен
845,1039,2024-12-05,Превышение скорости (12.9 ч.2 КоАП),500,оплачен
846,421,2024-04-04,Превышение скорости (12.9 ч.2 КоАП),500,не оплачен
847,599,2024-10-16,Проезд на запрещающий сигнал (12.12 ч.1 КоАП),1000,не оплачен
848,1021,2024-10-08,Непристегнутый ремень (12.6 КоАП),1000,не оплачен
849,316,2024-07-24,Превышение скорости (12.9 ч.2 КоАП),500,оплачен
850,283,2023-12-01,Нарушение правил парковки (12.19 КоАП),1500,оплачен
851,900,2025-07-31,Проезд на запрещающий сигнал (12.12 ч.1 КоАП),1000,не оплачен
852,503,2024-08-10,Превышение скорости (12.9 ч.2 КоАП),500,не оплачен
853,700,2025-02-27,Выезд на встречную полосу (12.15 ч.4 КоАП),5000,оплачен
854,175,2025-07-09,Проезд на запрещающий сигнал (12.12 ч.1 КоАП),1000,оплачен
855,739,2025-01-26,Выезд на встречную полосу (12.15 ч.4 КоАП),5000,оплачен
856,311,2024-03-22,Проезд на запрещающий сигнал (12.12 ч.1 КоАП),1000,не оплачен
857,864,2025-12-30,Непристегнутый ремень (12.6 КоАП),1000,не оплачен
858,879,2025-08-14,Проезд на запрещающий сигнал (12.12 ч.1 КоАП),1000,оплачен
859,940,2025-03-13,Выезд на встречную полосу (12.15 ч.4 КоАП),5000,не оплачен
860,741,2024-01-24,Непристегнутый ремень (12.6 КоАП),1000,не оплачен
861,299,2023-07-14,Выезд на встречную полосу (12.15 ч.4 КоАП),5000,не оплачен
862,143,2024-03-14,Непристегнутый ремень (12.6 КоАП),1000,оплачен
863,823,2024-01-08,Нарушение правил парковки (12.19 КоАП),1500,не оплачен
864,889,2024-02-27,Проезд на запрещающий сигнал (12.12 ч.1 КоАП),1000,оплачен
865,310,2025-07-17,Превышение скорости (12.9 ч.2 КоАП),500,не оплачен
866,1065,2024-04-04,Превышение скорости (12.9 ч.2 КоАП),500,не оплачен
867,824,2023-12-20,Выезд на встречную полосу (12.15 ч.4 КоАП),5000,не оплачен
868,624,2023-11-06,Непристегнутый ремень (12.6 КоАП),1000,не оплачен
869,705,2025-05-10,Нарушение правил парковки (12.19 КоАП),1500,оплачен
870,1081,2023-07-27,Нарушение правил парковки (12.19 КоАП),1500,оплачен
871,828,2024-08-20,Проезд на запрещающий сигнал (12.12 ч.1 КоАП),1000,оплачен
872,1115,2025-11-25,Проезд на запрещающий сигнал (12.12 ч.1 КоАП),1000,оплачен
873,906,2024-06-03,Непристегнутый ремень (12.6 КоАП),1000,оплачен
874,405,2024-04-29,Выезд на встречную полосу (12.15 ч.4 КоАП),5000,не оплачен
875,76,2023-11-28,Превышение скорости (12.9 ч.2 КоАП),500,оплачен
876,259,2025-05-03,Выезд на встречную полосу (12.15 ч.4 КоАП),5000,оплачен
877,582,2026-04-06,Непристегнутый ремень (12.6 КоАП),1000,оплачен
878,1131,2024-07-21,Непристегнутый ремень (12.6 КоАП),1000,оплачен
879,328,2023-06-07,Нарушение правил парковки (12.19 КоАП),1500,оплачен
880,530,2023-12-28,Непристегнутый ремень (12.6 КоАП),1000,оплачен
881,866,2024-12-03,Нарушение правил парковки (12.19 КоАП),1500,не оплачен
882,123,2024-10-22,Превышение скорости (12.9 ч.2 КоАП),500,не оплачен
883,1040,2024-10-07,Нарушение правил парковки (12.19 КоАП),1500,оплачен
884,256,2025-08-24,Превышение скорости (12.9 ч.2 КоАП),500,оплачен
885,11,2024-09-07,Непристегнутый ремень (12.6 КоАП),1000,оплачен
886,1192,2025-12-07,Проезд на запрещающий сигнал (12.12 ч.1 КоАП),1000,оплачен
887,479,2024-01-29,Непристегнутый ремень (12.6 КоАП),1000,оплачен
888,1174,2024-06-04,Нарушение правил парковки (12.19 КоАП),1500,оплачен
889,1065,2024-11-13,Выезд на встречную полосу (12.15 ч.4 КоАП),5000,не оплачен
890,672,2025-09-09,Превышение скорости (12.9 ч.2 КоАП),500,оплачен
891,740,2023-07-11,Проезд на запрещающий сигнал (12.12 ч.1 КоАП),1000,оплачен
892,872,2024-01-06,Проезд на запрещающий сигнал (12.12 ч.1 КоАП),1000,не оплачен
893,189,2024-04-24,Превышение скорости (12.9 ч.2 КоАП),500,оплачен
894,976,2024-05-13,Проезд на запрещающий сигнал (12.12 ч.1 КоАП),1000,оплачен
895,757,2023-10-28,Превышение скорости (12.9 ч.2 КоАП),500,оплачен
896,1145,2023-06-08,Выезд на встречную полосу (12.15 ч.4 КоАП),5000,оплачен
897,541,2025-06-20,Выезд на встречную полосу (12.15 ч.4 КоАП),5000,оплачен
898,902,2023-09-25,Выезд на встречную полосу (12.15 ч.4 КоАП),5000,оплачен
899,854,2025-06-15,Выезд на встречную полосу (12.15 ч.4 КоАП),5000,не оплачен
900,1036,2024-10-25,Проезд на запрещающий сигнал (12.12 ч.1 КоАП),1000,оплачен
901,265,2026-01-24,Выезд на встречную полосу (12.15 ч.4 КоАП),5000,не оплачен
902,1084,2024-07-01,Непристегнутый ремень (12.6 КоАП),1000,оплачен
903,933,2025-08-04,Проезд на запрещающий сигнал (12.12 ч.1 КоАП),1000,оплачен
904,1145,2023-05-31,Проезд на запрещающий сигнал (12.12 ч.1 КоАП),1000,оплачен
905,837,2024-09-11,Превышение скорости (12.9 ч.2 КоАП),500,оплачен
906,1171,2026-03-17,Нарушение правил парковки (12.19 КоАП),1500,оплачен
907,314,2023-09-15,Непристегнутый ремень (12.6 КоАП),1000,оплачен
908,767,2024-05-21,Нарушение правил парковки (12.19 КоАП),1500,оплачен
909,58,2024-04-24,Выезд на встречную полосу (12.15 ч.4 КоАП),5000,не оплачен
910,864,2026-02-11,Проезд на запрещающий сигнал (12.12 ч.1 КоАП),1000,оплачен
911,581,2025-07-03,Нарушение правил парковки (12.19 КоАП),1500,оплачен
912,5,2025-07-12,Выезд на встречную полосу (12.15 ч.4 КоАП),5000,оплачен
913,139,2024-01-22,Нарушение правил парковки (12.19 КоАП),1500,не оплачен
914,986,2025-04-28,Выезд на встречную полосу (12.15 ч.4 КоАП),5000,оплачен
915,927,2024-04-08,Непристегнутый ремень (12.6 КоАП),1000,не оплачен
916,974,2025-05-21,Выезд на встречную полосу (12.15 ч.4 КоАП),5000,не оплачен
917,272,2026-01-05,Непристегнутый ремень (12.6 КоАП),1000,не оплачен
918,944,2024-06-11,Непристегнутый ремень (12.6 КоАП),1000,не оплачен
919,306,2025-10-08,Выезд на встречную полосу (12.15 ч.4 КоАП),5000,не оплачен
920,183,2023-07-04,Нарушение правил парковки (12.19 КоАП),1500,не оплачен
921,839,2025-10-20,Непристегнутый ремень (12.6 КоАП),1000,оплачен
922,695,2025-09-30,Выезд на встречную полосу (12.15 ч.4 КоАП),5000,оплачен
923,569,2024-05-30,Выезд на встречную полосу (12.15 ч.4 КоАП),5000,оплачен
924,51,2026-02-07,Проезд на запрещающий сигнал (12.12 ч.1 КоАП),1000,оплачен
925,1150,2024-07-02,Нарушение правил парковки (12.19 КоАП),1500,оплачен
926,175,2025-06-04,Непристегнутый ремень (12.6 КоАП),1000,оплачен
927,1110,2023-09-12,Непристегнутый ремень (12.6 КоАП),1000,оплачен
928,1168,2025-07-31,Превышение скорости (12.9 ч.2 КоАП),500,оплачен
929,1030,2026-01-14,Выезд на встречную полосу (12.15 ч.4 КоАП),5000,не оплачен
930,1090,2023-08-04,Превышение скорости (12.9 ч.2 КоАП),500,оплачен
931,564,2024-03-02,Превышение скорости (12.9 ч.2 КоАП),500,не оплачен
932,1187,2023-12-04,Проезд на запрещающий сигнал (12.12 ч.1 КоАП),1000,оплачен
933,657,2024-07-27,Непристегнутый ремень (12.6 КоАП),1000,оплачен
934,1007,2023-06-22,Превышение скорости (12.9 ч.2 КоАП),500,не оплачен
935,697,2025-01-14,Превышение скорости (12.9 ч.2 КоАП),500,оплачен
936,50,2023-12-12,Выезд на встречную полосу (12.15 ч.4 КоАП),5000,не оплачен
937,783,2023-08-13,Нарушение правил парковки (12.19 КоАП),1500,оплачен
938,204,2024-07-09,Превышение скорости (12.9 ч.2 КоАП),500,оплачен
939,295,2025-01-18,Нарушение правил парковки (12.19 КоАП),1500,оплачен
940,316,2023-09-18,Превышение скорости (12.9 ч.2 КоАП),500,оплачен
941,347,2024-04-18,Выезд на встречную полосу (12.15 ч.4 КоАП),5000,оплачен
942,372,2024-03-25,Нарушение правил парковки (12.19 КоАП),1500,оплачен
943,611,2024-10-20,Превышение скорости (12.9 ч.2 КоАП),500,оплачен
944,292,2024-06-01,Нарушение правил парковки (12.19 КоАП),1500,оплачен
945,529,2025-03-04,Нарушение правил парковки (12.19 КоАП),1500,оплачен
946,107,2024-02-11,Превышение скорости (12.9 ч.2 КоАП),500,оплачен
947,485,2024-05-12,Непристегнутый ремень (12.6 КоАП),1000,оплачен
948,789,2025-04-26,Непристегнутый ремень (12.6 КоАП),1000,не оплачен
949,125,2023-07-24,Нарушение правил парковки (12.19 КоАП),1500,оплачен
950,834,2024-01-11,Непристегнутый ремень (12.6 КоАП),1000,оплачен
951,835,2024-09-04,Превышение скорости (12.9 ч.2 КоАП),500,оплачен
952,552,2024-09-05,Превышение скорости (12.9 ч.2 КоАП),500,оплачен
953,208,2024-10-14,Непристегнутый ремень (12.6 КоАП),1000,оплачен
954,258,2026-03-30,Непристегнутый ремень (12.6 КоАП),1000,оплачен
955,914,2024-12-20,Выезд на встречную полосу (12.15 ч.4 КоАП),5000,оплачен
956,417,2024-02-14,Непристегнутый ремень (12.6 КоАП),1000,не оплачен
957,765,2024-07-18,Проезд на запрещающий сигнал (12.12 ч.1 КоАП),1000,оплачен
958,503,2025-12-28,Проезд на запрещающий сигнал (12.12 ч.1 КоАП),1000,оплачен
959,1137,2025-08-24,Выезд на встречную полосу (12.15 ч.4 КоАП),5000,оплачен
960,952,2023-10-26,Превышение скорости (12.9 ч.2 КоАП),500,не оплачен
961,593,2024-06-08,Непристегнутый ремень (12.6 КоАП),1000,оплачен
962,2,2023-10-18,Проезд на запрещающий сигнал (12.12 ч.1 КоАП),1000,оплачен
963,560,2026-01-22,Выезд на встречную полосу (12.15 ч.4 КоАП),5000,оплачен
964,720,2024-10-24,Выезд на встречную полосу (12.15 ч.4 КоАП),5000,не оплачен
965,1199,2025-04-12,Проезд на запрещающий сигнал (12.12 ч.1 КоАП),1000,не оплачен
966,94,2025-03-29,Нарушение правил парковки (12.19 КоАП),1500,оплачен
967,1154,2026-02-18,Непристегнутый ремень (12.6 КоАП),1000,оплачен
968,810,2023-10-13,Превышение скорости (12.9 ч.2 КоАП),500,оплачен
969,1140,2025-09-07,Проезд на запрещающий сигнал (12.12 ч.1 КоАП),1000,не оплачен
970,432,2023-07-20,Выезд на встречную полосу (12.15 ч.4 КоАП),5000,оплачен
971,702,2025-03-23,Нарушение правил парковки (12.19 КоАП),1500,оплачен
972,560,2024-05-19,Выезд на встречную полосу (12.15 ч.4 КоАП),5000,оплачен
973,700,2025-09-17,Нарушение правил парковки (12.19 КоАП),1500,оплачен
974,673,2023-11-19,Непристегнутый ремень (12.6 КоАП),1000,оплачен
975,5,2023-12-03,Проезд на запрещающий сигнал (12.12 ч.1 КоАП),1000,оплачен
976,20,2026-02-15,Превышение скорости (12.9 ч.2 КоАП),500,оплачен
977,1139,2026-01-20,Выезд на встречную полосу (12.15 ч.4 КоАП),5000,не оплачен
978,805,2024-02-10,Выезд на встречную полосу (12.15 ч.4 КоАП),5000,оплачен
979,1104,2025-12-10,Превышение скорости (12.9 ч.2 КоАП),500,оплачен
980,253,2025-02-18,Выезд на встречную полосу (12.15 ч.4 КоАП),5000,оплачен
981,734,2025-01-26,Выезд на встречную полосу (12.15 ч.4 КоАП),5000,оплачен
982,256,2024-11-04,Превышение скорости (12.9 ч.2 КоАП),500,оплачен
983,911,2023-11-22,Проезд на запрещающий сигнал (12.12 ч.1 КоАП),1000,оплачен
984,576,2025-07-29,Превышение скорости (12.9 ч.2 КоАП),500,оплачен
985,393,2026-01-03,Нарушение правил парковки (12.19 КоАП),1500,оплачен
986,621,2024-11-12,Непристегнутый ремень (12.6 КоАП),1000,не оплачен
987,480,2026-04-19,Проезд на запрещающий сигнал (12.12 ч.1 КоАП),1000,не оплачен
988,76,2023-10-04,Нарушение правил парковки (12.19 КоАП),1500,оплачен
989,429,2026-01-10,Непристегнутый ремень (12.6 КоАП),1000,оплачен
990,228,2024-05-30,Выезд на встречную полосу (12.15 ч.4 КоАП),5000,не оплачен
991,1025,2023-10-06,Непристегнутый ремень (12.6 КоАП),1000,оплачен
992,397,2025-10-31,Непристегнутый ремень (12.6 КоАП),1000,оплачен
993,1158,2023-04-24,Непристегнутый ремень (12.6 КоАП),1000,оплачен
994,263,2025-06-28,Непристегнутый ремень (12.6 КоАП),1000,не оплачен
995,532,2024-01-29,Проезд на запрещающий сигнал (12.12 ч.1 КоАП),1000,не оплачен
996,1072,2025-03-19,Проезд на запрещающий сигнал (12.12 ч.1 КоАП),1000,не оплачен
997,393,2024-06-29,Нарушение правил парковки (12.19 КоАП),1500,не оплачен
998,1092,2024-08-28,Превышение скорости (12.9 ч.2 КоАП),500,оплачен
999,930,2026-02-08,Непристегнутый ремень (12.6 КоАП),1000,оплачен
1000,107,2025-03-27,Выезд на встречную полосу (12.15 ч.4 КоАП),5000,не оплачен
1001,886,2024-06-24,Нарушение правил парковки (12.19 КоАП),1500,не оплачен
1002,562,2024-11-23,Выезд на встречную полосу (12.15 ч.4 КоАП),5000,оплачен
1003,956,2025-01-22,Непристегнутый ремень (12.6 КоАП),1000,оплачен
1004,90,2024-10-17,Непристегнутый ремень (12.6 КоАП),1000,не оплачен
1005,97,2025-10-13,Проезд на запрещающий сигнал (12.12 ч.1 КоАП),1000,оплачен
1006,1091,2026-01-28,Выезд на встречную полосу (12.15 ч.4 КоАП),5000,оплачен
1007,803,2025-11-17,Превышение скорости (12.9 ч.2 КоАП),500,оплачен
1008,1172,2023-12-13,Превышение скорости (12.9 ч.2 КоАП),500,не оплачен
1009,868,2024-11-21,Проезд на запрещающий сигнал (12.12 ч.1 КоАП),1000,не оплачен
1010,404,2023-05-21,Проезд на запрещающий сигнал (12.12 ч.1 КоАП),1000,оплачен
1011,129,2025-05-20,Нарушение правил парковки (12.19 КоАП),1500,оплачен
1012,58,2025-02-19,Превышение скорости (12.9 ч.2 КоАП),500,оплачен
1013,685,2024-02-13,Превышение скорости (12.9 ч.2 КоАП),500,не оплачен
1014,221,2024-04-10,Проезд на запрещающий сигнал (12.12 ч.1 КоАП),1000,оплачен
1015,112,2025-04-30,Нарушение правил парковки (12.19 КоАП),1500,не оплачен
1016,485,2026-03-30,Непристегнутый ремень (12.6 КоАП),1000,не оплачен
1017,899,2024-04-16,Непристегнутый ремень (12.6 КоАП),1000,не оплачен
1018,1186,2025-01-28,Выезд на встречную полосу (12.15 ч.4 КоАП),5000,оплачен
1019,69,2024-07-15,Превышение скорости (12.9 ч.2 КоАП),500,оплачен
1020,262,2024-03-01,Превышение скорости (12.9 ч.2 КоАП),500,оплачен
1021,113,2024-11-24,Выезд на встречную полосу (12.15 ч.4 КоАП),5000,оплачен
1022,135,2024-04-16,Выезд на встречную полосу (12.15 ч.4 КоАП),5000,оплачен
1023,1146,2025-06-01,Превышение скорости (12.9 ч.2 КоАП),500,оплачен
1024,823,2023-10-15,Выезд на встречную полосу (12.15 ч.4 КоАП),5000,оплачен
1025,478,2024-01-29,Выезд на встречную полосу (12.15 ч.4 КоАП),5000,не оплачен
1026,22,2023-09-23,Непристегнутый ремень (12.6 КоАП),1000,оплачен
1027,877,2024-07-20,Выезд на встречную полосу (12.15 ч.4 КоАП),5000,не оплачен
1028,208,2024-12-26,Непристегнутый ремень (12.6 КоАП),1000,оплачен
1029,930,2024-05-06,Превышение скорости (12.9 ч.2 КоАП),500,оплачен
1030,395,2023-07-15,Непристегнутый ремень (12.6 КоАП),1000,оплачен
1031,139,2025-06-07,Превышение скорости (12.9 ч.2 КоАП),500,оплачен
1032,1174,2023-07-26,Проезд на запрещающий сигнал (12.12 ч.1 КоАП),1000,оплачен
1033,525,2026-01-25,Непристегнутый ремень (12.6 КоАП),1000,оплачен
1034,911,2023-07-23,Выезд на встречную полосу (12.15 ч.4 КоАП),5000,оплачен
1035,91,2025-11-23,Проезд на запрещающий сигнал (12.12 ч.1 КоАП),1000,оплачен
1036,1198,2024-09-15,Нарушение правил парковки (12.19 КоАП),1500,оплачен
1037,638,2025-07-26,Нарушение правил парковки (12.19 КоАП),1500,оплачен
1038,299,2024-03-09,Непристегнутый ремень (12.6 КоАП),1000,оплачен
1039,703,2023-05-26,Нарушение правил парковки (12.19 КоАП),1500,оплачен
1040,1061,2024-05-27,Превышение скорости (12.9 ч.2 КоАП),500,оплачен
1041,118,2024-01-15,Проезд на запрещающий сигнал (12.12 ч.1 КоАП),1000,оплачен
1042,112,2025-08-08,Непристегнутый ремень (12.6 КоАП),1000,оплачен
1043,411,2024-12-23,Проезд на запрещающий сигнал (12.12 ч.1 КоАП),1000,оплачен
1044,141,2024-03-26,Проезд на запрещающий сигнал (12.12 ч.1 КоАП),1000,оплачен
1045,958,2023-12-11,Выезд на встречную полосу (12.15 ч.4 КоАП),5000,оплачен
1046,1185,2024-04-30,Нарушение правил парковки (12.19 КоАП),1500,оплачен
1047,614,2023-08-04,Нарушение правил парковки (12.19 КоАП),1500,оплачен
1048,215,2023-07-10,Проезд на запрещающий сигнал (12.12 ч.1 КоАП),1000,оплачен
1049,1016,2024-01-24,Превышение скорости (12.9 ч.2 КоАП),500,оплачен
1050,457,2025-01-09,Превышение скорости (12.9 ч.2 КоАП),500,оплачен
1051,437,2024-11-01,Выезд на встречную полосу (12.15 ч.4 КоАП),5000,оплачен
1052,770,2026-03-27,Нарушение правил парковки (12.19 КоАП),1500,оплачен
1053,14,2024-09-01,Проезд на запрещающий сигнал (12.12 ч.1 КоАП),1000,оплачен
1054,733,2025-06-04,Превышение скорости (12.9 ч.2 КоАП),500,оплачен
1055,292,2024-07-04,Превышение скорости (12.9 ч.2 КоАП),500,оплачен
1056,1200,2025-05-04,Проезд на запрещающий сигнал (12.12 ч.1 КоАП),1000,не оплачен
1057,90,2024-06-07,Нарушение правил парковки (12.19 КоАП),1500,не оплачен
1058,406,2026-03-19,Проезд на запрещающий сигнал (12.12 ч.1 КоАП),1000,оплачен
1059,537,2024-07-19,Проезд на запрещающий сигнал (12.12 ч.1 КоАП),1000,не оплачен
1060,1136,2025-11-16,Нарушение правил парковки (12.19 КоАП),1500,оплачен
1061,45,2024-02-28,Проезд на запрещающий сигнал (12.12 ч.1 КоАП),1000,оплачен
1062,208,2024-12-28,Нарушение правил парковки (12.19 КоАП),1500,оплачен
1063,777,2024-12-25,Проезд на запрещающий сигнал (12.12 ч.1 КоАП),1000,оплачен
1064,694,2025-05-24,Превышение скорости (12.9 ч.2 КоАП),500,не оплачен
1065,935,2024-04-11,Нарушение правил парковки (12.19 КоАП),1500,оплачен
1066,351,2024-09-11,Нарушение правил парковки (12.19 КоАП),1500,не оплачен
1067,889,2023-12-03,Непристегнутый ремень (12.6 КоАП),1000,не оплачен
1068,243,2023-09-25,Превышение скорости (12.9 ч.2 КоАП),500,оплачен
1069,389,2025-01-04,Проезд на запрещающий сигнал (12.12 ч.1 КоАП),1000,оплачен
1070,767,2023-05-19,Выезд на встречную полосу (12.15 ч.4 КоАП),5000,оплачен
1071,501,2025-07-10,Выезд на встречную полосу (12.15 ч.4 КоАП),5000,не оплачен
1072,388,2024-05-11,Непристегнутый ремень (12.6 КоАП),1000,не оплачен
1073,305,2024-07-29,Нарушение правил парковки (12.19 КоАП),1500,оплачен
1074,574,2023-07-04,Превышение скорости (12.9 ч.2 КоАП),500,не оплачен
1075,1197,2024-01-08,Непристегнутый ремень (12.6 КоАП),1000,не оплачен
1076,167,2025-06-20,Проезд на запрещающий сигнал (12.12 ч.1 КоАП),1000,не оплачен
1077,133,2025-10-29,Непристегнутый ремень (12.6 КоАП),1000,оплачен
1078,1043,2025-04-01,Выезд на встречную полосу (12.15 ч.4 КоАП),5000,оплачен
1079,951,2024-06-30,Непристегнутый ремень (12.6 КоАП),1000,оплачен
1080,1077,2023-04-29,Нарушение правил парковки (12.19 КоАП),1500,оплачен
1081,971,2025-12-08,Выезд на встречную полосу (12.15 ч.4 КоАП),5000,оплачен
1082,1196,2024-03-18,Выезд на встречную полосу (12.15 ч.4 КоАП),5000,оплачен
1083,450,2026-03-24,Проезд на запрещающий сигнал (12.12 ч.1 КоАП),1000,не оплачен
1084,481,2025-10-18,Выезд на встречную полосу (12.15 ч.4 КоАП),5000,оплачен
1085,871,2024-03-05,Нарушение правил парковки (12.19 КоАП),1500,не оплачен
1086,322,2024-06-11,Непристегнутый ремень (12.6 КоАП),1000,не оплачен
1087,522,2025-12-01,Нарушение правил парковки (12.19 КоАП),1500,оплачен
1088,173,2026-04-01,Проезд на запрещающий сигнал (12.12 ч.1 КоАП),1000,оплачен
1089,721,2026-03-27,Непристегнутый ремень (12.6 КоАП),1000,оплачен
1090,953,2024-12-21,Превышение скорости (12.9 ч.2 КоАП),500,оплачен
1091,873,2024-07-01,Нарушение правил парковки (12.19 КоАП),1500,оплачен
1092,838,2025-05-01,Выезд на встречную полосу (12.15 ч.4 КоАП),5000,оплачен
1093,650,2025-11-10,Выезд на встречную полосу (12.15 ч.4 КоАП),5000,оплачен
1094,368,2024-02-23,Превышение скорости (12.9 ч.2 КоАП),500,оплачен
1095,156,2024-11-09,Нарушение правил парковки (12.19 КоАП),1500,оплачен
1096,604,2024-03-29,Превышение скорости (12.9 ч.2 КоАП),500,не оплачен
1097,1120,2025-12-13,Непристегнутый ремень (12.6 КоАП),1000,оплачен
1098,467,2024-09-26,Нарушение правил парковки (12.19 КоАП),1500,оплачен
1099,738,2024-12-19,Превышение скорости (12.9 ч.2 КоАП),500,оплачен
1100,684,2024-01-03,Проезд на запрещающий сигнал (12.12 ч.1 КоАП),1000,оплачен
1101,513,2023-10-04,Нарушение правил парковки (12.19 КоАП),1500,оплачен
1102,391,2024-09-09,Нарушение правил парковки (12.19 КоАП),1500,не оплачен
1103,1113,2024-07-19,Проезд на запрещающий сигнал (12.12 ч.1 КоАП),1000,не оплачен
1104,614,2023-12-12,Превышение скорости (12.9 ч.2 КоАП),500,оплачен
1105,828,2026-04-23,Нарушение правил парковки (12.19 КоАП),1500,не оплачен
1106,25,2025-01-30,Непристегнутый ремень (12.6 КоАП),1000,оплачен
1107,306,2023-11-17,Непристегнутый ремень (12.6 КоАП),1000,не оплачен
1108,465,2025-01-25,Проезд на запрещающий сигнал (12.12 ч.1 КоАП),1000,не оплачен
1109,972,2025-03-30,Проезд на запрещающий сигнал (12.12 ч.1 КоАП),1000,оплачен
1110,1132,2023-08-27,Непристегнутый ремень (12.6 КоАП),1000,не оплачен
1111,698,2025-07-18,Выезд на встречную полосу (12.15 ч.4 КоАП),5000,не оплачен
1112,385,2025-08-07,Нарушение правил парковки (12.19 КоАП),1500,оплачен
1113,430,2025-11-15,Выезд на встречную полосу (12.15 ч.4 КоАП),5000,оплачен
1114,62,2026-01-16,Непристегнутый ремень (12.6 КоАП),1000,оплачен
1115,263,2023-12-25,Непристегнутый ремень (12.6 КоАП),1000,оплачен
1116,1024,2025-01-19,Превышение скорости (12.9 ч.2 КоАП),500,не оплачен
1117,696,2025-05-04,Нарушение правил парковки (12.19 КоАП),1500,оплачен
1118,827,2023-07-28,Выезд на встречную полосу (12.15 ч.4 КоАП),5000,не оплачен
1119,614,2023-09-10,Непристегнутый ремень (12.6 КоАП),1000,оплачен
1120,1163,2024-03-12,Превышение скорости (12.9 ч.2 КоАП),500,не оплачен
1121,315,2025-02-21,Проезд на запрещающий сигнал (12.12 ч.1 КоАП),1000,не оплачен
1122,1164,2023-08-03,Нарушение правил парковки (12.19 КоАП),1500,оплачен
1123,1176,2025-10-16,Непристегнутый ремень (12.6 КоАП),1000,не оплачен
1124,419,2023-09-14,Выезд на встречную полосу (12.15 ч.4 КоАП),5000,не оплачен
1125,1095,2025-01-23,Превышение скорости (12.9 ч.2 КоАП),500,оплачен
1126,223,2024-12-15,Выезд на встречную полосу (12.15 ч.4 КоАП),5000,оплачен
1127,624,2025-03-06,Выезд на встречную полосу (12.15 ч.4 КоАП),5000,оплачен
1128,1133,2024-03-28,Превышение скорости (12.9 ч.2 КоАП),500,оплачен
1129,1001,2024-02-07,Непристегнутый ремень (12.6 КоАП),1000,оплачен
1130,143,2023-12-01,Проезд на запрещающий сигнал (12.12 ч.1 КоАП),1000,не оплачен
1131,582,2023-10-27,Выезд на встречную полосу (12.15 ч.4 КоАП),5000,оплачен
1132,1074,2026-04-18,Нарушение правил парковки (12.19 КоАП),1500,оплачен
1133,755,2026-01-16,Превышение скорости (12.9 ч.2 КоАП),500,оплачен
1134,670,2025-04-03,Проезд на запрещающий сигнал (12.12 ч.1 КоАП),1000,не оплачен
1135,801,2026-01-26,Выезд на встречную полосу (12.15 ч.4 КоАП),5000,оплачен
1136,265,2025-03-19,Превышение скорости (12.9 ч.2 КоАП),500,оплачен
1137,141,2024-10-16,Выезд на встречную полосу (12.15 ч.4 КоАП),5000,оплачен
1138,267,2025-10-26,Проезд на запрещающий сигнал (12.12 ч.1 КоАП),1000,не оплачен
1139,886,2024-06-27,Нарушение правил парковки (12.19 КоАП),1500,не оплачен
1140,326,2023-08-06,Выезд на встречную полосу (12.15 ч.4 КоАП),5000,оплачен
1141,416,2024-07-30,Нарушение правил парковки (12.19 КоАП),1500,оплачен
1142,565,2024-06-09,Выезд на встречную полосу (12.15 ч.4 КоАП),5000,оплачен
1143,913,2025-05-18,Проезд на запрещающий сигнал (12.12 ч.1 КоАП),1000,оплачен
1144,506,2025-05-07,Выезд на встречную полосу (12.15 ч.4 КоАП),5000,оплачен
1145,1006,2024-01-25,Непристегнутый ремень (12.6 КоАП),1000,оплачен
1146,81,2023-05-31,Непристегнутый ремень (12.6 КоАП),1000,не оплачен
1147,935,2024-07-02,Нарушение правил парковки (12.19 КоАП),1500,оплачен
1148,801,2024-10-05,Нарушение правил парковки (12.19 КоАП),1500,оплачен
1149,851,2024-04-08,Проезд на запрещающий сигнал (12.12 ч.1 КоАП),1000,оплачен
1150,885,2024-04-05,Непристегнутый ремень (12.6 КоАП),1000,оплачен
1151,1165,2025-03-11,Проезд на запрещающий сигнал (12.12 ч.1 КоАП),1000,оплачен
1152,491,2024-12-15,Превышение скорости (12.9 ч.2 КоАП),500,не оплачен
1153,561,2025-10-24,Проезд на запрещающий сигнал (12.12 ч.1 КоАП),1000,не оплачен
1154,598,2025-04-01,Непристегнутый ремень (12.6 КоАП),1000,оплачен
1155,445,2025-11-08,Превышение скорости (12.9 ч.2 КоАП),500,не оплачен
1156,1133,2023-09-28,Выезд на встречную полосу (12.15 ч.4 КоАП),5000,оплачен
1157,157,2026-04-09,Нарушение правил парковки (12.19 КоАП),1500,не оплачен
1158,668,2025-02-28,Непристегнутый ремень (12.6 КоАП),1000,оплачен
1159,518,2023-11-23,Проезд на запрещающий сигнал (12.12 ч.1 КоАП),1000,оплачен
1160,947,2025-04-07,Превышение скорости (12.9 ч.2 КоАП),500,оплачен
1161,781,2025-01-02,Выезд на встречную полосу (12.15 ч.4 КоАП),5000,оплачен
1162,399,2023-12-13,Выезд на встречную полосу (12.15 ч.4 КоАП),5000,оплачен
1163,514,2024-06-21,Превышение скорости (12.9 ч.2 КоАП),500,оплачен
1164,670,2024-05-08,Проезд на запрещающий сигнал (12.12 ч.1 КоАП),1000,оплачен
1165,993,2025-10-04,Выезд на встречную полосу (12.15 ч.4 КоАП),5000,оплачен
1166,1124,2025-01-18,Превышение скорости (12.9 ч.2 КоАП),500,оплачен
1167,288,2026-02-09,Выезд на встречную полосу (12.15 ч.4 КоАП),5000,оплачен
1168,331,2023-07-10,Нарушение правил парковки (12.19 КоАП),1500,оплачен
1169,206,2025-01-05,Превышение скорости (12.9 ч.2 КоАП),500,оплачен
1170,1095,2024-03-31,Превышение скорости (12.9 ч.2 КоАП),500,не оплачен
1171,159,2023-06-22,Проезд на запрещающий сигнал (12.12 ч.1 КоАП),1000,оплачен
1172,560,2023-06-22,Превышение скорости (12.9 ч.2 КоАП),500,оплачен
1173,365,2025-04-16,Нарушение правил парковки (12.19 КоАП),1500,оплачен
1174,1091,2025-10-25,Превышение скорости (12.9 ч.2 КоАП),500,оплачен
1175,1071,2025-07-26,Превышение скорости (12.9 ч.2 КоАП),500,оплачен
1176,800,2024-01-17,Превышение скорости (12.9 ч.2 КоАП),500,оплачен
1177,108,2024-03-11,Выезд на встречную полосу (12.15 ч.4 КоАП),5000,оплачен
1178,773,2024-03-24,Превышение скорости (12.9 ч.2 КоАП),500,не оплачен
1179,768,2026-01-11,Проезд на запрещающий сигнал (12.12 ч.1 КоАП),1000,не оплачен
1180,188,2025-09-03,Проезд на запрещающий сигнал (12.12 ч.1 КоАП),1000,оплачен
1181,30,2025-10-13,Превышение скорости (12.9 ч.2 КоАП),500,оплачен
1182,130,2023-08-20,Проезд на запрещающий сигнал (12.12 ч.1 КоАП),1000,оплачен
1183,344,2025-04-29,Превышение скорости (12.9 ч.2 КоАП),500,не оплачен
1184,852,2025-06-08,Превышение скорости (12.9 ч.2 КоАП),500,оплачен
1185,661,2025-05-25,Нарушение правил парковки (12.19 КоАП),1500,оплачен
1186,425,2024-03-06,Проезд на запрещающий сигнал (12.12 ч.1 КоАП),1000,не оплачен
1187,877,2026-02-18,Выезд на встречную полосу (12.15 ч.4 КоАП),5000,оплачен
1188,217,2025-12-23,Проезд на запрещающий сигнал (12.12 ч.1 КоАП),1000,оплачен
1189,31,2024-11-10,Проезд на запрещающий сигнал (12.12 ч.1 КоАП),1000,оплачен
1190,25,2025-02-02,Нарушение правил парковки (12.19 КоАП),1500,оплачен
1191,451,2024-04-01,Выезд на встречную полосу (12.15 ч.4 КоАП),5000,оплачен
1192,756,2025-12-15,Нарушение правил парковки (12.19 КоАП),1500,оплачен
1193,842,2024-02-05,Проезд на запрещающий сигнал (12.12 ч.1 КоАП),1000,оплачен
1194,1024,2023-08-17,Непристегнутый ремень (12.6 КоАП),1000,не оплачен
1195,1099,2023-10-09,Превышение скорости (12.9 ч.2 КоАП),500,не оплачен
1196,352,2025-06-14,Непристегнутый ремень (12.6 КоАП),1000,оплачен
1197,665,2025-03-29,Превышение скорости (12.9 ч.2 КоАП),500,не оплачен
1198,273,2025-08-31,Выезд на встречную полосу (12.15 ч.4 КоАП),5000,оплачен
1199,988,2023-10-01,Нарушение правил парковки (12.19 КоАП),1500,оплачен
1200,1199,2024-12-10,Превышение скорости (12.9 ч.2 КоАП),500,оплачен
1201,477,2023-11-30,Непристегнутый ремень (12.6 КоАП),1000,оплачен
1202,477,2024-12-09,Превышение скорости (12.9 ч.2 КоАП),500,оплачен
1203,633,2026-01-16,Превышение скорости (12.9 ч.2 КоАП),500,оплачен
1204,499,2025-10-01,Выезд на встречную полосу (12.15 ч.4 КоАП),5000,оплачен
1205,282,2025-07-19,Превышение скорости (12.9 ч.2 КоАП),500,оплачен
1206,414,2025-05-04,Нарушение правил парковки (12.19 КоАП),1500,оплачен
1207,78,2025-03-04,Проезд на запрещающий сигнал (12.12 ч.1 КоАП),1000,оплачен
1208,909,2024-03-30,Непристегнутый ремень (12.6 КоАП),1000,не оплачен
1209,275,2024-09-15,Нарушение правил парковки (12.19 КоАП),1500,оплачен
1210,1067,2026-03-03,Превышение скорости (12.9 ч.2 КоАП),500,не оплачен
1211,591,2023-10-22,Выезд на встречную полосу (12.15 ч.4 КоАП),5000,не оплачен
1212,679,2023-07-07,Проезд на запрещающий сигнал (12.12 ч.1 КоАП),1000,оплачен
1213,1105,2024-10-23,Проезд на запрещающий сигнал (12.12 ч.1 КоАП),1000,оплачен
1214,456,2026-03-23,Проезд на запрещающий сигнал (12.12 ч.1 КоАП),1000,оплачен
1215,1068,2026-01-08,Выезд на встречную полосу (12.15 ч.4 КоАП),5000,оплачен
1216,13,2025-12-19,Выезд на встречную полосу (12.15 ч.4 КоАП),5000,оплачен
1217,144,2025-04-11,Выезд на встречную полосу (12.15 ч.4 КоАП),5000,не оплачен
1218,290,2024-03-18,Превышение скорости (12.9 ч.2 КоАП),500,не оплачен
1219,188,2024-07-31,Проезд на запрещающий сигнал (12.12 ч.1 КоАП),1000,оплачен
1220,419,2024-08-02,Непристегнутый ремень (12.6 КоАП),1000,оплачен
1221,873,2025-01-22,Превышение скорости (12.9 ч.2 КоАП),500,не оплачен
1222,337,2025-07-14,Нарушение правил парковки (12.19 КоАП),1500,не оплачен
1223,869,2024-10-08,Проезд на запрещающий сигнал (12.12 ч.1 КоАП),1000,оплачен
1224,621,2023-04-27,Проезд на запрещающий сигнал (12.12 ч.1 КоАП),1000,оплачен
1225,413,2023-06-20,Выезд на встречную полосу (12.15 ч.4 КоАП),5000,оплачен
1226,164,2025-12-12,Выезд на встречную полосу (12.15 ч.4 КоАП),5000,не оплачен
1227,816,2024-07-23,Нарушение правил парковки (12.19 КоАП),1500,оплачен
1228,904,2025-03-20,Выезд на встречную полосу (12.15 ч.4 КоАП),5000,оплачен
1229,888,2025-12-06,Непристегнутый ремень (12.6 КоАП),1000,не оплачен
1230,41,2026-03-09,Выезд на встречную полосу (12.15 ч.4 КоАП),5000,не оплачен
1231,171,2024-06-02,Выезд на встречную полосу (12.15 ч.4 КоАП),5000,не оплачен
1232,1101,2025-04-02,Нарушение правил парковки (12.19 КоАП),1500,оплачен
1233,527,2026-02-21,Проезд на запрещающий сигнал (12.12 ч.1 КоАП),1000,оплачен
1234,929,2025-10-30,Нарушение правил парковки (12.19 КоАП),1500,оплачен
1235,985,2024-01-03,Непристегнутый ремень (12.6 КоАП),1000,оплачен
1236,962,2025-10-19,Проезд на запрещающий сигнал (12.12 ч.1 КоАП),1000,оплачен
1237,9,2024-04-21,Проезд на запрещающий сигнал (12.12 ч.1 КоАП),1000,оплачен
1238,767,2026-01-23,Непристегнутый ремень (12.6 КоАП),1000,оплачен
1239,809,2025-01-02,Выезд на встречную полосу (12.15 ч.4 КоАП),5000,не оплачен
1240,787,2026-01-29,Нарушение правил парковки (12.19 КоАП),1500,оплачен
1241,146,2023-09-25,Непристегнутый ремень (12.6 КоАП),1000,оплачен
1242,255,2024-12-16,Превышение скорости (12.9 ч.2 КоАП),500,оплачен
1243,333,2025-01-22,Непристегнутый ремень (12.6 КоАП),1000,оплачен
1244,523,2023-12-19,Выезд на встречную полосу (12.15 ч.4 КоАП),5000,не оплачен
1245,1044,2026-04-18,Нарушение правил парковки (12.19 КоАП),1500,не оплачен
1246,119,2025-11-25,Нарушение правил парковки (12.19 КоАП),1500,оплачен
1247,506,2023-06-26,Выезд на встречную полосу (12.15 ч.4 КоАП),5000,оплачен
1248,741,2025-08-17,Превышение скорости (12.9 ч.2 КоАП),500,оплачен
1249,303,2025-03-15,Превышение скорости (12.9 ч.2 КоАП),500,оплачен
1250,302,2025-09-30,Выезд на встречную полосу (12.15 ч.4 КоАП),5000,оплачен
1251,1185,2023-11-16,Непристегнутый ремень (12.6 КоАП),1000,не оплачен
1252,26,2025-09-24,Проезд на запрещающий сигнал (12.12 ч.1 КоАП),1000,оплачен
1253,788,2024-12-25,Превышение скорости (12.9 ч.2 КоАП),500,оплачен
1254,165,2025-08-09,Непристегнутый ремень (12.6 КоАП),1000,оплачен
1255,867,2024-12-09,Проезд на запрещающий сигнал (12.12 ч.1 КоАП),1000,оплачен
1256,518,2024-04-18,Выезд на встречную полосу (12.15 ч.4 КоАП),5000,оплачен
1257,1092,2026-01-23,Непристегнутый ремень (12.6 КоАП),1000,оплачен
1258,631,2025-02-15,Выезд на встречную полосу (12.15 ч.4 КоАП),5000,не оплачен
1259,224,2025-05-24,Превышение скорости (12.9 ч.2 КоАП),500,оплачен
1260,293,2025-03-27,Нарушение правил парковки (12.19 КоАП),1500,оплачен
1261,816,2025-02-16,Проезд на запрещающий сигнал (12.12 ч.1 КоАП),1000,оплачен
1262,345,2024-04-16,Превышение скорости (12.9 ч.2 КоАП),500,не оплачен
1263,199,2025-12-17,Превышение скорости (12.9 ч.2 КоАП),500,оплачен
1264,1076,2024-11-26,Выезд на встречную полосу (12.15 ч.4 КоАП),5000,оплачен
1265,883,2024-12-13,Нарушение правил парковки (12.19 КоАП),1500,оплачен
1266,382,2024-04-15,Нарушение правил парковки (12.19 КоАП),1500,не оплачен
1267,997,2024-11-22,Проезд на запрещающий сигнал (12.12 ч.1 КоАП),1000,оплачен
1268,923,2023-11-08,Превышение скорости (12.9 ч.2 КоАП),500,оплачен
1269,381,2025-05-01,Проезд на запрещающий сигнал (12.12 ч.1 КоАП),1000,оплачен
1270,393,2024-04-28,Проезд на запрещающий сигнал (12.12 ч.1 КоАП),1000,оплачен
1271,903,2025-01-09,Выезд на встречную полосу (12.15 ч.4 КоАП),5000,оплачен
1272,224,2023-05-11,Непристегнутый ремень (12.6 КоАП),1000,не оплачен
1273,164,2023-05-22,Проезд на запрещающий сигнал (12.12 ч.1 КоАП),1000,оплачен
1274,256,2025-03-27,Выезд на встречную полосу (12.15 ч.4 КоАП),5000,оплачен
1275,61,2024-11-05,Нарушение правил парковки (12.19 КоАП),1500,оплачен
1276,994,2024-11-15,Выезд на встречную полосу (12.15 ч.4 КоАП),5000,оплачен
1277,20,2023-05-11,Превышение скорости (12.9 ч.2 КоАП),500,оплачен
1278,1193,2024-05-26,Превышение скорости (12.9 ч.2 КоАП),500,не оплачен
1279,199,2023-05-08,Превышение скорости (12.9 ч.2 КоАП),500,оплачен
1280,770,2026-01-29,Превышение скорости (12.9 ч.2 КоАП),500,оплачен
1281,996,2025-09-08,Нарушение правил парковки (12.19 КоАП),1500,оплачен
1282,880,2024-06-25,Нарушение правил парковки (12.19 КоАП),1500,оплачен
1283,646,2023-10-18,Нарушение правил парковки (12.19 КоАП),1500,не оплачен
1284,817,2024-02-22,Нарушение правил парковки (12.19 КоАП),1500,оплачен
1285,730,2025-06-24,Превышение скорости (12.9 ч.2 КоАП),500,не оплачен
1286,7,2024-04-17,Превышение скорости (12.9 ч.2 КоАП),500,оплачен
1287,285,2025-06-09,Выезд на встречную полосу (12.15 ч.4 КоАП),5000,оплачен
1288,1087,2025-10-01,Превышение скорости (12.9 ч.2 КоАП),500,оплачен
1289,755,2023-07-12,Проезд на запрещающий сигнал (12.12 ч.1 КоАП),1000,оплачен
1290,1055,2023-09-22,Выезд на встречную полосу (12.15 ч.4 КоАП),5000,оплачен
1291,7,2023-08-05,Проезд на запрещающий сигнал (12.12 ч.1 КоАП),1000,не оплачен
1292,35,2025-04-06,Нарушение правил парковки (12.19 КоАП),1500,оплачен
1293,667,2024-08-29,Превышение скорости (12.9 ч.2 КоАП),500,оплачен
1294,993,2023-12-11,Проезд на запрещающий сигнал (12.12 ч.1 КоАП),1000,оплачен
1295,167,2025-08-16,Непристегнутый ремень (12.6 КоАП),1000,оплачен
1296,206,2026-01-21,Выезд на встречную полосу (12.15 ч.4 КоАП),5000,не оплачен
1297,400,2023-11-13,Нарушение правил парковки (12.19 КоАП),1500,не оплачен
1298,1172,2023-04-30,Непристегнутый ремень (12.6 КоАП),1000,не оплачен
1299,66,2026-01-15,Непристегнутый ремень (12.6 КоАП),1000,оплачен
1300,618,2025-04-21,Превышение скорости (12.9 ч.2 КоАП),500,не оплачен
1301,957,2025-11-06,Непристегнутый ремень (12.6 КоАП),1000,оплачен
1302,237,2023-05-12,Выезд на встречную полосу (12.15 ч.4 КоАП),5000,оплачен
1303,494,2025-06-04,Непристегнутый ремень (12.6 КоАП),1000,оплачен
1304,184,2025-05-13,Проезд на запрещающий сигнал (12.12 ч.1 КоАП),1000,оплачен
1305,329,2026-01-14,Превышение скорости (12.9 ч.2 КоАП),500,не оплачен
1306,786,2025-10-12,Нарушение правил парковки (12.19 КоАП),1500,не оплачен
1307,528,2026-02-07,Проезд на запрещающий сигнал (12.12 ч.1 КоАП),1000,оплачен
1308,279,2025-06-12,Превышение скорости (12.9 ч.2 КоАП),500,не оплачен
1309,186,2025-08-05,Выезд на встречную полосу (12.15 ч.4 КоАП),5000,не оплачен
1310,459,2026-03-16,Нарушение правил парковки (12.19 КоАП),1500,не оплачен
1311,133,2025-01-07,Непристегнутый ремень (12.6 КоАП),1000,оплачен
1312,782,2023-11-02,Выезд на встречную полосу (12.15 ч.4 КоАП),5000,оплачен
1313,895,2025-07-04,Непристегнутый ремень (12.6 КоАП),1000,не оплачен
1314,531,2024-01-19,Проезд на запрещающий сигнал (12.12 ч.1 КоАП),1000,оплачен
1315,229,2024-11-24,Превышение скорости (12.9 ч.2 КоАП),500,оплачен
1316,386,2025-01-26,Непристегнутый ремень (12.6 КоАП),1000,не оплачен
1317,1174,2023-08-08,Превышение скорости (12.9 ч.2 КоАП),500,оплачен
1318,779,2025-01-26,Нарушение правил парковки (12.19 КоАП),1500,оплачен
1319,637,2025-02-14,Превышение скорости (12.9 ч.2 КоАП),500,оплачен
1320,389,2024-06-02,Непристегнутый ремень (12.6 КоАП),1000,не оплачен
1321,655,2023-06-25,Выезд на встречную полосу (12.15 ч.4 КоАП),5000,не оплачен
1322,1065,2024-01-14,Проезд на запрещающий сигнал (12.12 ч.1 КоАП),1000,оплачен
1323,455,2025-08-28,Непристегнутый ремень (12.6 КоАП),1000,оплачен
1324,1103,2026-01-13,Превышение скорости (12.9 ч.2 КоАП),500,не оплачен
1325,297,2023-04-29,Нарушение правил парковки (12.19 КоАП),1500,не оплачен
1326,449,2023-11-13,Нарушение правил парковки (12.19 КоАП),1500,оплачен
1327,302,2025-09-11,Выезд на встречную полосу (12.15 ч.4 КоАП),5000,оплачен
1328,71,2023-06-03,Проезд на запрещающий сигнал (12.12 ч.1 КоАП),1000,оплачен
1329,1029,2023-12-04,Нарушение правил парковки (12.19 КоАП),1500,не оплачен
1330,561,2024-01-14,Превышение скорости (12.9 ч.2 КоАП),500,не оплачен
1331,980,2024-01-27,Непристегнутый ремень (12.6 КоАП),1000,оплачен
1332,1014,2026-03-14,Проезд на запрещающий сигнал (12.12 ч.1 КоАП),1000,оплачен
1333,121,2024-08-03,Выезд на встречную полосу (12.15 ч.4 КоАП),5000,не оплачен
1334,313,2024-07-23,Нарушение правил парковки (12.19 КоАП),1500,не оплачен
1335,461,2024-12-16,Проезд на запрещающий сигнал (12.12 ч.1 КоАП),1000,не оплачен
1336,367,2025-02-24,Превышение скорости (12.9 ч.2 КоАП),500,не оплачен
1337,613,2023-08-31,Выезд на встречную полосу (12.15 ч.4 КоАП),5000,не оплачен
1338,45,2026-04-10,Проезд на запрещающий сигнал (12.12 ч.1 КоАП),1000,оплачен
1339,866,2025-01-24,Нарушение правил парковки (12.19 КоАП),1500,оплачен
1340,802,2024-09-11,Нарушение правил парковки (12.19 КоАП),1500,оплачен
1341,580,2023-09-14,Непристегнутый ремень (12.6 КоАП),1000,оплачен
1342,1123,2025-04-27,Проезд на запрещающий сигнал (12.12 ч.1 КоАП),1000,оплачен
1343,663,2026-04-13,Проезд на запрещающий сигнал (12.12 ч.1 КоАП),1000,не оплачен
1344,111,2024-11-02,Непристегнутый ремень (12.6 КоАП),1000,не оплачен
1345,938,2025-09-12,Нарушение правил парковки (12.19 КоАП),1500,оплачен
1346,282,2025-02-24,Непристегнутый ремень (12.6 КоАП),1000,оплачен
1347,597,2025-01-01,Выезд на встречную полосу (12.15 ч.4 КоАП),5000,не оплачен
1348,447,2025-01-18,Проезд на запрещающий сигнал (12.12 ч.1 КоАП),1000,не оплачен
1349,19,2024-02-02,Проезд на запрещающий сигнал (12.12 ч.1 КоАП),1000,оплачен
1350,209,2025-01-09,Непристегнутый ремень (12.6 КоАП),1000,оплачен
1351,772,2024-10-26,Проезд на запрещающий сигнал (12.12 ч.1 КоАП),1000,не оплачен
1352,345,2025-06-05,Выезд на встречную полосу (12.15 ч.4 КоАП),5000,не оплачен
1353,729,2023-07-14,Превышение скорости (12.9 ч.2 КоАП),500,не оплачен
1354,108,2024-07-31,Проезд на запрещающий сигнал (12.12 ч.1 КоАП),1000,оплачен
1355,694,2024-03-28,Непристегнутый ремень (12.6 КоАП),1000,оплачен
1356,828,2025-08-16,Проезд на запрещающий сигнал (12.12 ч.1 КоАП),1000,оплачен
1357,494,2025-07-25,Превышение скорости (12.9 ч.2 КоАП),500,оплачен
1358,354,2024-03-01,Нарушение правил парковки (12.19 КоАП),1500,оплачен
1359,184,2024-02-24,Выезд на встречную полосу (12.15 ч.4 КоАП),5000,не оплачен
1360,564,2025-09-26,Выезд на встречную полосу (12.15 ч.4 КоАП),5000,оплачен
1361,753,2024-01-21,Выезд на встречную полосу (12.15 ч.4 КоАП),5000,оплачен
1362,170,2024-02-25,Превышение скорости (12.9 ч.2 КоАП),500,оплачен
1363,461,2026-03-05,Непристегнутый ремень (12.6 КоАП),1000,оплачен
1364,1173,2025-07-12,Непристегнутый ремень (12.6 КоАП),1000,оплачен
1365,371,2024-06-08,Превышение скорости (12.9 ч.2 КоАП),500,оплачен
1366,612,2023-06-02,Выезд на встречную полосу (12.15 ч.4 КоАП),5000,оплачен
1367,667,2025-12-16,Превышение скорости (12.9 ч.2 КоАП),500,оплачен
1368,379,2025-10-07,Непристегнутый ремень (12.6 КоАП),1000,оплачен
1369,807,2023-10-24,Превышение скорости (12.9 ч.2 КоАП),500,оплачен
1370,1086,2024-02-08,Непристегнутый ремень (12.6 КоАП),1000,оплачен
1371,1198,2024-12-28,Непристегнутый ремень (12.6 КоАП),1000,оплачен
1372,425,2025-11-09,Превышение скорости (12.9 ч.2 КоАП),500,не оплачен
1373,371,2023-08-22,Превышение скорости (12.9 ч.2 КоАП),500,не оплачен
1374,11,2025-03-31,Проезд на запрещающий сигнал (12.12 ч.1 КоАП),1000,оплачен
1375,252,2025-01-12,Нарушение правил парковки (12.19 КоАП),1500,оплачен
1376,423,2024-05-23,Непристегнутый ремень (12.6 КоАП),1000,оплачен
1377,1152,2025-10-04,Превышение скорости (12.9 ч.2 КоАП),500,оплачен
1378,174,2025-09-06,Превышение скорости (12.9 ч.2 КоАП),500,не оплачен
1379,612,2024-11-11,Непристегнутый ремень (12.6 КоАП),1000,оплачен
1380,352,2025-03-19,Непристегнутый ремень (12.6 КоАП),1000,оплачен
1381,509,2025-03-14,Превышение скорости (12.9 ч.2 КоАП),500,оплачен
1382,601,2024-07-27,Непристегнутый ремень (12.6 КоАП),1000,оплачен
1383,287,2024-01-09,Выезд на встречную полосу (12.15 ч.4 КоАП),5000,оплачен
1384,1071,2025-03-14,Нарушение правил парковки (12.19 КоАП),1500,не оплачен
1385,1103,2024-03-14,Нарушение правил парковки (12.19 КоАП),1500,оплачен
1386,92,2024-08-25,Превышение скорости (12.9 ч.2 КоАП),500,оплачен
1387,291,2025-09-22,Проезд на запрещающий сигнал (12.12 ч.1 КоАП),1000,оплачен
1388,275,2025-08-29,Проезд на запрещающий сигнал (12.12 ч.1 КоАП),1000,оплачен
1389,736,2024-06-03,Проезд на запрещающий сигнал (12.12 ч.1 КоАП),1000,оплачен
1390,865,2023-07-18,Непристегнутый ремень (12.6 КоАП),1000,оплачен
1391,534,2026-03-13,Нарушение правил парковки (12.19 КоАП),1500,оплачен
1392,820,2026-03-18,Проезд на запрещающий сигнал (12.12 ч.1 КоАП),1000,оплачен
1393,872,2026-03-15,Нарушение правил парковки (12.19 КоАП),1500,не оплачен
1394,1098,2025-04-02,Проезд на запрещающий сигнал (12.12 ч.1 КоАП),1000,оплачен
1395,395,2023-06-03,Нарушение правил парковки (12.19 КоАП),1500,не оплачен
1396,1048,2024-09-05,Непристегнутый ремень (12.6 КоАП),1000,оплачен
1397,315,2024-08-01,Выезд на встречную полосу (12.15 ч.4 КоАП),5000,оплачен
1398,777,2025-04-20,Выезд на встречную полосу (12.15 ч.4 КоАП),5000,оплачен
1399,507,2023-12-19,Непристегнутый ремень (12.6 КоАП),1000,оплачен
1400,1089,2023-07-07,Превышение скорости (12.9 ч.2 КоАП),500,оплачен
1401,834,2025-12-12,Непристегнутый ремень (12.6 КоАП),1000,оплачен
1402,744,2023-11-17,Превышение скорости (12.9 ч.2 КоАП),500,не оплачен
1403,300,2025-02-25,Нарушение правил парковки (12.19 КоАП),1500,не оплачен
1404,561,2024-06-13,Проезд на запрещающий сигнал (12.12 ч.1 КоАП),1000,оплачен
1405,456,2024-12-17,Выезд на встречную полосу (12.15 ч.4 КоАП),5000,оплачен
1406,253,2026-03-27,Превышение скорости (12.9 ч.2 КоАП),500,оплачен
1407,1003,2024-09-13,Нарушение правил парковки (12.19 КоАП),1500,оплачен
1408,1172,2023-11-30,Нарушение правил парковки (12.19 КоАП),1500,не оплачен
1409,556,2025-10-22,Непристегнутый ремень (12.6 КоАП),1000,оплачен
1410,350,2025-01-24,Превышение скорости (12.9 ч.2 КоАП),500,оплачен
1411,371,2025-04-06,Выезд на встречную полосу (12.15 ч.4 КоАП),5000,оплачен
1412,1130,2025-11-01,Непристегнутый ремень (12.6 КоАП),1000,оплачен
1413,977,2024-05-18,Выезд на встречную полосу (12.15 ч.4 КоАП),5000,оплачен
1414,20,2025-04-25,Нарушение правил парковки (12.19 КоАП),1500,оплачен
1415,259,2023-10-13,Проезд на запрещающий сигнал (12.12 ч.1 КоАП),1000,оплачен
1416,548,2025-06-10,Непристегнутый ремень (12.6 КоАП),1000,оплачен
1417,511,2025-11-17,Нарушение правил парковки (12.19 КоАП),1500,оплачен
1418,938,2023-08-22,Выезд на встречную полосу (12.15 ч.4 КоАП),5000,оплачен
1419,960,2026-04-17,Нарушение правил парковки (12.19 КоАП),1500,оплачен
1420,877,2025-02-19,Нарушение правил парковки (12.19 КоАП),1500,оплачен
1421,626,2025-01-19,Проезд на запрещающий сигнал (12.12 ч.1 КоАП),1000,оплачен
1422,626,2025-08-10,Превышение скорости (12.9 ч.2 КоАП),500,оплачен
1423,185,2023-06-30,Нарушение правил парковки (12.19 КоАП),1500,оплачен
1424,492,2025-05-24,Превышение скорости (12.9 ч.2 КоАП),500,не оплачен
1425,1179,2024-04-18,Проезд на запрещающий сигнал (12.12 ч.1 КоАП),1000,оплачен
1426,1135,2023-10-18,Нарушение правил парковки (12.19 КоАП),1500,не оплачен
1427,869,2023-07-04,Превышение скорости (12.9 ч.2 КоАП),500,оплачен
1428,983,2023-06-07,Проезд на запрещающий сигнал (12.12 ч.1 КоАП),1000,оплачен
1429,256,2023-08-25,Непристегнутый ремень (12.6 КоАП),1000,оплачен
1430,390,2025-03-19,Непристегнутый ремень (12.6 КоАП),1000,не оплачен
1431,871,2025-09-24,Превышение скорости (12.9 ч.2 КоАП),500,не оплачен
1432,501,2025-04-24,Нарушение правил парковки (12.19 КоАП),1500,не оплачен
1433,87,2025-04-22,Непристегнутый ремень (12.6 КоАП),1000,оплачен
1434,1073,2025-01-07,Проезд на запрещающий сигнал (12.12 ч.1 КоАП),1000,не оплачен
1435,154,2024-12-09,Проезд на запрещающий сигнал (12.12 ч.1 КоАП),1000,оплачен
1436,1053,2026-02-25,Проезд на запрещающий сигнал (12.12 ч.1 КоАП),1000,оплачен
1437,866,2023-07-05,Превышение скорости (12.9 ч.2 КоАП),500,оплачен
1438,765,2023-07-14,Проезд на запрещающий сигнал (12.12 ч.1 КоАП),1000,не оплачен
1439,512,2024-01-26,Нарушение правил парковки (12.19 КоАП),1500,не оплачен
1440,595,2023-12-28,Превышение скорости (12.9 ч.2 КоАП),500,оплачен
1441,543,2023-05-15,Нарушение правил парковки (12.19 КоАП),1500,оплачен
1442,807,2023-06-01,Непристегнутый ремень (12.6 КоАП),1000,оплачен
1443,1056,2026-01-25,Нарушение правил парковки (12.19 КоАП),1500,не оплачен
1444,949,2024-05-16,Превышение скорости (12.9 ч.2 КоАП),500,не оплачен
1445,118,2026-03-29,Выезд на встречную полосу (12.15 ч.4 КоАП),5000,оплачен
1446,943,2026-04-15,Непристегнутый ремень (12.6 КоАП),1000,оплачен
1447,220,2025-02-20,Нарушение правил парковки (12.19 КоАП),1500,оплачен
1448,824,2024-08-14,Проезд на запрещающий сигнал (12.12 ч.1 КоАП),1000,оплачен
1449,883,2023-11-13,Превышение скорости (12.9 ч.2 КоАП),500,оплачен
1450,1084,2024-03-26,Превышение скорости (12.9 ч.2 КоАП),500,оплачен
1451,842,2025-06-26,Проезд на запрещающий сигнал (12.12 ч.1 КоАП),1000,оплачен
1452,15,2024-01-08,Выезд на встречную полосу (12.15 ч.4 КоАП),5000,оплачен
1453,464,2023-11-22,Нарушение правил парковки (12.19 КоАП),1500,оплачен
1454,613,2024-05-13,Нарушение правил парковки (12.19 КоАП),1500,оплачен
1455,1099,2024-10-08,Проезд на запрещающий сигнал (12.12 ч.1 КоАП),1000,не оплачен
1456,899,2024-09-01,Превышение скорости (12.9 ч.2 КоАП),500,оплачен
1457,332,2024-01-29,Выезд на встречную полосу (12.15 ч.4 КоАП),5000,оплачен
1458,12,2023-11-29,Выезд на встречную полосу (12.15 ч.4 КоАП),5000,оплачен
1459,227,2023-06-08,Проезд на запрещающий сигнал (12.12 ч.1 КоАП),1000,оплачен
1460,274,2025-11-14,Превышение скорости (12.9 ч.2 КоАП),500,оплачен
1461,65,2024-08-18,Нарушение правил парковки (12.19 КоАП),1500,оплачен
1462,982,2023-09-28,Проезд на запрещающий сигнал (12.12 ч.1 КоАП),1000,не оплачен
1463,244,2024-01-05,Нарушение правил парковки (12.19 КоАП),1500,оплачен
1464,1015,2024-05-31,Непристегнутый ремень (12.6 КоАП),1000,не оплачен
1465,666,2024-09-27,Проезд на запрещающий сигнал (12.12 ч.1 КоАП),1000,не оплачен
1466,1028,2026-02-03,Выезд на встречную полосу (12.15 ч.4 КоАП),5000,не оплачен
1467,270,2026-04-21,Выезд на встречную полосу (12.15 ч.4 КоАП),5000,оплачен
1468,44,2025-01-06,Превышение скорости (12.9 ч.2 КоАП),500,оплачен
1469,1025,2024-02-06,Нарушение правил парковки (12.19 КоАП),1500,оплачен
1470,107,2026-01-01,Проезд на запрещающий сигнал (12.12 ч.1 КоАП),1000,оплачен
1471,880,2025-12-21,Нарушение правил парковки (12.19 КоАП),1500,не оплачен
1472,890,2023-10-09,Превышение скорости (12.9 ч.2 КоАП),500,оплачен
1473,996,2023-12-09,Нарушение правил парковки (12.19 КоАП),1500,оплачен
1474,508,2023-05-30,Выезд на встречную полосу (12.15 ч.4 КоАП),5000,оплачен
1475,383,2024-01-12,Непристегнутый ремень (12.6 КоАП),1000,оплачен
1476,540,2024-11-04,Превышение скорости (12.9 ч.2 КоАП),500,не оплачен
1477,879,2024-05-28,Проезд на запрещающий сигнал (12.12 ч.1 КоАП),1000,оплачен
1478,1029,2026-01-22,Превышение скорости (12.9 ч.2 КоАП),500,оплачен
1479,305,2023-06-03,Проезд на запрещающий сигнал (12.12 ч.1 КоАП),1000,оплачен
1480,822,2025-10-06,Проезд на запрещающий сигнал (12.12 ч.1 КоАП),1000,оплачен
1481,300,2024-05-20,Проезд на запрещающий сигнал (12.12 ч.1 КоАП),1000,оплачен
1482,409,2023-10-05,Непристегнутый ремень (12.6 КоАП),1000,оплачен
1483,779,2023-08-25,Превышение скорости (12.9 ч.2 КоАП),500,оплачен
1484,474,2024-02-11,Нарушение правил парковки (12.19 КоАП),1500,оплачен
1485,982,2025-09-24,Выезд на встречную полосу (12.15 ч.4 КоАП),5000,оплачен
1486,106,2025-01-08,Выезд на встречную полосу (12.15 ч.4 КоАП),5000,оплачен
1487,745,2024-09-22,Нарушение правил парковки (12.19 КоАП),1500,оплачен
1488,857,2024-06-02,Нарушение правил парковки (12.19 КоАП),1500,оплачен
1489,373,2024-10-15,Превышение скорости (12.9 ч.2 КоАП),500,оплачен
1490,659,2023-12-27,Превышение скорости (12.9 ч.2 КоАП),500,оплачен
1491,574,2024-09-16,Выезд на встречную полосу (12.15 ч.4 КоАП),5000,не оплачен
1492,883,2026-04-06,Превышение скорости (12.9 ч.2 КоАП),500,оплачен
1493,745,2024-08-22,Выезд на встречную полосу (12.15 ч.4 КоАП),5000,оплачен
1494,199,2023-09-22,Превышение скорости (12.9 ч.2 КоАП),500,оплачен
1495,267,2025-03-14,Непристегнутый ремень (12.6 КоАП),1000,оплачен
1496,1084,2024-12-19,Нарушение правил парковки (12.19 КоАП),1500,оплачен
1497,566,2024-09-01,Проезд на запрещающий сигнал (12.12 ч.1 КоАП),1000,оплачен
1498,179,2025-01-28,Выезд на встречную полосу (12.15 ч.4 КоАП),5000,не оплачен
1499,247,2025-12-01,Проезд на запрещающий сигнал (12.12 ч.1 КоАП),1000,оплачен
1500,396,2025-09-10,Проезд на запрещающий сигнал (12.12 ч.1 КоАП),1000,не оплачен
1501,154,2024-03-31,Превышение скорости (12.9 ч.2 КоАП),500,не оплачен
1502,703,2025-02-07,Непристегнутый ремень (12.6 КоАП),1000,оплачен
1503,414,2024-08-06,Выезд на встречную полосу (12.15 ч.4 КоАП),5000,оплачен
1504,90,2025-11-14,Проезд на запрещающий сигнал (12.12 ч.1 КоАП),1000,оплачен
1505,1128,2024-09-07,Выезд на встречную полосу (12.15 ч.4 КоАП),5000,не оплачен
1506,712,2023-06-03,Непристегнутый ремень (12.6 КоАП),1000,не оплачен
1507,241,2025-11-10,Выезд на встречную полосу (12.15 ч.4 КоАП),5000,не оплачен
1508,989,2026-02-03,Превышение скорости (12.9 ч.2 КоАП),500,оплачен
1509,45,2024-01-23,Непристегнутый ремень (12.6 КоАП),1000,оплачен
1510,265,2025-01-16,Нарушение правил парковки (12.19 КоАП),1500,оплачен
1511,125,2023-12-09,Непристегнутый ремень (12.6 КоАП),1000,не оплачен
1512,815,2025-06-26,Проезд на запрещающий сигнал (12.12 ч.1 КоАП),1000,оплачен
1513,1052,2025-12-05,Непристегнутый ремень (12.6 КоАП),1000,не оплачен
1514,897,2025-05-11,Проезд на запрещающий сигнал (12.12 ч.1 КоАП),1000,не оплачен
1515,1152,2024-11-19,Выезд на встречную полосу (12.15 ч.4 КоАП),5000,не оплачен
1516,557,2026-03-09,Выезд на встречную полосу (12.15 ч.4 КоАП),5000,оплачен
1517,328,2025-05-25,Превышение скорости (12.9 ч.2 КоАП),500,оплачен
1518,19,2023-12-17,Непристегнутый ремень (12.6 КоАП),1000,не оплачен
1519,933,2023-07-25,Непристегнутый ремень (12.6 КоАП),1000,оплачен
1520,531,2026-02-17,Непристегнутый ремень (12.6 КоАП),1000,оплачен
1521,607,2024-02-15,Проезд на запрещающий сигнал (12.12 ч.1 КоАП),1000,не оплачен
1522,244,2023-09-25,Непристегнутый ремень (12.6 КоАП),1000,оплачен
1523,1093,2024-07-12,Превышение скорости (12.9 ч.2 КоАП),500,оплачен
1524,304,2026-04-03,Превышение скорости (12.9 ч.2 КоАП),500,не оплачен
1525,273,2024-02-23,Нарушение правил парковки (12.19 КоАП),1500,оплачен
1526,510,2023-05-09,Превышение скорости (12.9 ч.2 КоАП),500,не оплачен
1527,1095,2025-01-12,Проезд на запрещающий сигнал (12.12 ч.1 КоАП),1000,оплачен
1528,756,2023-09-28,Нарушение правил парковки (12.19 КоАП),1500,оплачен
1529,541,2024-08-01,Непристегнутый ремень (12.6 КоАП),1000,не оплачен
1530,604,2024-04-25,Выезд на встречную полосу (12.15 ч.4 КоАП),5000,оплачен
1531,22,2024-01-24,Превышение скорости (12.9 ч.2 КоАП),500,не оплачен
1532,573,2025-06-24,Проезд на запрещающий сигнал (12.12 ч.1 КоАП),1000,оплачен
1533,1101,2025-06-09,Превышение скорости (12.9 ч.2 КоАП),500,оплачен
1534,218,2024-11-12,Непристегнутый ремень (12.6 КоАП),1000,не оплачен
1535,528,2025-07-23,Выезд на встречную полосу (12.15 ч.4 КоАП),5000,не оплачен
1536,1129,2025-10-07,Непристегнутый ремень (12.6 КоАП),1000,оплачен
1537,452,2025-12-15,Выезд на встречную полосу (12.15 ч.4 КоАП),5000,оплачен
1538,1192,2024-07-17,Проезд на запрещающий сигнал (12.12 ч.1 КоАП),1000,оплачен
1539,319,2025-03-27,Выезд на встречную полосу (12.15 ч.4 КоАП),5000,оплачен
1540,755,2023-06-23,Выезд на встречную полосу (12.15 ч.4 КоАП),5000,оплачен
1541,192,2025-11-10,Выезд на встречную полосу (12.15 ч.4 КоАП),5000,оплачен
1542,379,2026-02-10,Выезд на встречную полосу (12.15 ч.4 КоАП),5000,не оплачен
1543,387,2025-10-15,Проезд на запрещающий сигнал (12.12 ч.1 КоАП),1000,оплачен
1544,578,2023-05-27,Проезд на запрещающий сигнал (12.12 ч.1 КоАП),1000,оплачен
1545,364,2025-01-26,Проезд на запрещающий сигнал (12.12 ч.1 КоАП),1000,не оплачен
1546,385,2025-11-07,Непристегнутый ремень (12.6 КоАП),1000,оплачен
1547,874,2025-10-03,Превышение скорости (12.9 ч.2 КоАП),500,оплачен
1548,206,2025-08-20,Выезд на встречную полосу (12.15 ч.4 КоАП),5000,не оплачен
1549,25,2023-10-17,Проезд на запрещающий сигнал (12.12 ч.1 КоАП),1000,оплачен
1550,787,2025-08-28,Выезд на встречную полосу (12.15 ч.4 КоАП),5000,оплачен
1551,90,2025-09-19,Превышение скорости (12.9 ч.2 КоАП),500,оплачен
1552,549,2023-11-09,Превышение скорости (12.9 ч.2 КоАП),500,оплачен
1553,28,2024-04-04,Непристегнутый ремень (12.6 КоАП),1000,не оплачен
1554,218,2025-04-26,Превышение скорости (12.9 ч.2 КоАП),500,оплачен
1555,175,2023-08-13,Нарушение правил парковки (12.19 КоАП),1500,оплачен
1556,1153,2023-07-26,Выезд на встречную полосу (12.15 ч.4 КоАП),5000,не оплачен
1557,630,2024-05-28,Проезд на запрещающий сигнал (12.12 ч.1 КоАП),1000,оплачен
1558,500,2024-08-07,Проезд на запрещающий сигнал (12.12 ч.1 КоАП),1000,оплачен
1559,1114,2025-10-08,Нарушение правил парковки (12.19 КоАП),1500,оплачен
1560,211,2023-07-24,Превышение скорости (12.9 ч.2 КоАП),500,оплачен
1561,1048,2025-05-31,Превышение скорости (12.9 ч.2 КоАП),500,не оплачен
1562,291,2023-09-20,Выезд на встречную полосу (12.15 ч.4 КоАП),5000,оплачен
1563,50,2026-02-07,Проезд на запрещающий сигнал (12.12 ч.1 КоАП),1000,оплачен
1564,302,2023-10-03,Выезд на встречную полосу (12.15 ч.4 КоАП),5000,оплачен
1565,463,2024-04-05,Нарушение правил парковки (12.19 КоАП),1500,не оплачен
1566,231,2026-02-11,Выезд на встречную полосу (12.15 ч.4 КоАП),5000,оплачен
1567,460,2025-02-07,Превышение скорости (12.9 ч.2 КоАП),500,оплачен
1568,732,2024-05-22,Нарушение правил парковки (12.19 КоАП),1500,оплачен
1569,243,2025-02-10,Нарушение правил парковки (12.19 КоАП),1500,оплачен
1570,89,2025-08-10,Превышение скорости (12.9 ч.2 КоАП),500,оплачен
1571,878,2025-12-03,Проезд на запрещающий сигнал (12.12 ч.1 КоАП),1000,оплачен
1572,372,2023-07-16,Непристегнутый ремень (12.6 КоАП),1000,оплачен
1573,618,2024-12-12,Проезд на запрещающий сигнал (12.12 ч.1 КоАП),1000,оплачен
1574,714,2025-07-29,Нарушение правил парковки (12.19 КоАП),1500,не оплачен
1575,1023,2025-07-21,Нарушение правил парковки (12.19 КоАП),1500,оплачен
1576,157,2025-04-18,Нарушение правил парковки (12.19 КоАП),1500,не оплачен
1577,301,2025-07-01,Проезд на запрещающий сигнал (12.12 ч.1 КоАП),1000,оплачен
1578,915,2024-08-23,Выезд на встречную полосу (12.15 ч.4 КоАП),5000,не оплачен
1579,138,2025-08-08,Выезд на встречную полосу (12.15 ч.4 КоАП),5000,оплачен
1580,571,2023-06-02,Выезд на встречную полосу (12.15 ч.4 КоАП),5000,оплачен
1581,262,2024-02-12,Нарушение правил парковки (12.19 КоАП),1500,оплачен
1582,723,2025-11-09,Выезд на встречную полосу (12.15 ч.4 КоАП),5000,оплачен
1583,986,2023-09-27,Выезд на встречную полосу (12.15 ч.4 КоАП),5000,оплачен
1584,683,2023-11-30,Выезд на встречную полосу (12.15 ч.4 КоАП),5000,оплачен
1585,785,2026-01-19,Проезд на запрещающий сигнал (12.12 ч.1 КоАП),1000,оплачен
1586,1104,2025-04-08,Выезд на встречную полосу (12.15 ч.4 КоАП),5000,оплачен
1587,1099,2025-05-14,Непристегнутый ремень (12.6 КоАП),1000,не оплачен
1588,172,2025-12-08,Выезд на встречную полосу (12.15 ч.4 КоАП),5000,оплачен
1589,1080,2023-06-20,Выезд на встречную полосу (12.15 ч.4 КоАП),5000,оплачен
1590,179,2024-09-27,Проезд на запрещающий сигнал (12.12 ч.1 КоАП),1000,оплачен
1591,417,2024-02-14,Превышение скорости (12.9 ч.2 КоАП),500,не оплачен
1592,743,2026-03-01,Превышение скорости (12.9 ч.2 КоАП),500,оплачен
1593,226,2025-08-11,Проезд на запрещающий сигнал (12.12 ч.1 КоАП),1000,оплачен
1594,740,2025-06-08,Нарушение правил парковки (12.19 КоАП),1500,не оплачен
1595,604,2024-09-22,Проезд на запрещающий сигнал (12.12 ч.1 КоАП),1000,оплачен
1596,863,2023-08-19,Непристегнутый ремень (12.6 КоАП),1000,оплачен
1597,115,2026-04-03,Проезд на запрещающий сигнал (12.12 ч.1 КоАП),1000,не оплачен
1598,294,2025-06-19,Превышение скорости (12.9 ч.2 КоАП),500,оплачен
1599,870,2026-04-06,Превышение скорости (12.9 ч.2 КоАП),500,оплачен
1600,1192,2025-12-17,Превышение скорости (12.9 ч.2 КоАП),500,оплачен
1601,324,2024-10-04,Непристегнутый ремень (12.6 КоАП),1000,оплачен
1602,290,2024-03-18,Нарушение правил парковки (12.19 КоАП),1500,оплачен
1603,26,2024-05-19,Превышение скорости (12.9 ч.2 КоАП),500,оплачен
1604,307,2024-01-29,Выезд на встречную полосу (12.15 ч.4 КоАП),5000,не оплачен
1605,287,2025-10-07,Выезд на встречную полосу (12.15 ч.4 КоАП),5000,не оплачен
1606,963,2025-03-25,Нарушение правил парковки (12.19 КоАП),1500,оплачен
1607,910,2026-01-14,Нарушение правил парковки (12.19 КоАП),1500,не оплачен
1608,588,2023-07-16,Превышение скорости (12.9 ч.2 КоАП),500,оплачен
1609,66,2024-04-15,Превышение скорости (12.9 ч.2 КоАП),500,оплачен
1610,1031,2025-09-22,Проезд на запрещающий сигнал (12.12 ч.1 КоАП),1000,оплачен
1611,868,2025-04-11,Выезд на встречную полосу (12.15 ч.4 КоАП),5000,оплачен
1612,1135,2025-05-29,Выезд на встречную полосу (12.15 ч.4 КоАП),5000,не оплачен
1613,1172,2024-03-04,Нарушение правил парковки (12.19 КоАП),1500,оплачен
1614,868,2024-04-18,Проезд на запрещающий сигнал (12.12 ч.1 КоАП),1000,не оплачен
1615,189,2025-06-30,Нарушение правил парковки (12.19 КоАП),1500,оплачен
1616,434,2023-04-28,Проезд на запрещающий сигнал (12.12 ч.1 КоАП),1000,оплачен
1617,449,2023-06-10,Превышение скорости (12.9 ч.2 КоАП),500,оплачен
1618,159,2024-05-20,Непристегнутый ремень (12.6 КоАП),1000,не оплачен
1619,978,2023-09-11,Выезд на встречную полосу (12.15 ч.4 КоАП),5000,оплачен
1620,780,2024-05-25,Выезд на встречную полосу (12.15 ч.4 КоАП),5000,оплачен
1621,869,2026-02-24,Нарушение правил парковки (12.19 КоАП),1500,оплачен
1622,214,2024-02-18,Превышение скорости (12.9 ч.2 КоАП),500,оплачен
1623,688,2024-01-05,Непристегнутый ремень (12.6 КоАП),1000,оплачен
1624,334,2026-02-01,Нарушение правил парковки (12.19 КоАП),1500,оплачен
1625,434,2026-04-05,Превышение скорости (12.9 ч.2 КоАП),500,оплачен
1626,385,2025-02-01,Нарушение правил парковки (12.19 КоАП),1500,оплачен
1627,493,2026-03-24,Превышение скорости (12.9 ч.2 КоАП),500,оплачен
1628,1157,2026-01-20,Непристегнутый ремень (12.6 КоАП),1000,оплачен
1629,94,2025-11-27,Выезд на встречную полосу (12.15 ч.4 КоАП),5000,оплачен
1630,633,2024-08-21,Превышение скорости (12.9 ч.2 КоАП),500,оплачен
1631,579,2026-01-05,Нарушение правил парковки (12.19 КоАП),1500,не оплачен
1632,400,2024-08-03,Непристегнутый ремень (12.6 КоАП),1000,оплачен
1633,729,2023-11-01,Выезд на встречную полосу (12.15 ч.4 КоАП),5000,не оплачен
1634,679,2023-05-06,Превышение скорости (12.9 ч.2 КоАП),500,оплачен
1635,207,2024-06-07,Непристегнутый ремень (12.6 КоАП),1000,оплачен
1636,49,2023-11-17,Проезд на запрещающий сигнал (12.12 ч.1 КоАП),1000,оплачен
1637,977,2024-03-07,Выезд на встречную полосу (12.15 ч.4 КоАП),5000,оплачен
1638,595,2023-11-29,Превышение скорости (12.9 ч.2 КоАП),500,оплачен
1639,162,2023-05-15,Выезд на встречную полосу (12.15 ч.4 КоАП),5000,не оплачен
1640,475,2023-06-15,Превышение скорости (12.9 ч.2 КоАП),500,не оплачен
1641,330,2026-04-10,Проезд на запрещающий сигнал (12.12 ч.1 КоАП),1000,не оплачен
1642,1058,2026-03-20,Непристегнутый ремень (12.6 КоАП),1000,не оплачен
1643,1072,2025-08-27,Непристегнутый ремень (12.6 КоАП),1000,не оплачен
1644,917,2024-12-14,Нарушение правил парковки (12.19 КоАП),1500,не оплачен
1645,596,2024-11-09,Нарушение правил парковки (12.19 КоАП),1500,оплачен
1646,82,2025-08-19,Выезд на встречную полосу (12.15 ч.4 КоАП),5000,не оплачен
1647,490,2024-11-26,Выезд на встречную полосу (12.15 ч.4 КоАП),5000,оплачен
1648,154,2024-01-19,Непристегнутый ремень (12.6 КоАП),1000,не оплачен
1649,1019,2026-04-09,Непристегнутый ремень (12.6 КоАП),1000,оплачен
1650,293,2026-04-06,Превышение скорости (12.9 ч.2 КоАП),500,не оплачен
1651,1121,2024-02-13,Нарушение правил парковки (12.19 КоАП),1500,не оплачен
1652,1022,2024-04-04,Превышение скорости (12.9 ч.2 КоАП),500,оплачен
1653,348,2024-05-31,Нарушение правил парковки (12.19 КоАП),1500,не оплачен
1654,140,2025-09-12,Проезд на запрещающий сигнал (12.12 ч.1 КоАП),1000,оплачен
1655,724,2025-05-17,Нарушение правил парковки (12.19 КоАП),1500,оплачен
1656,944,2025-07-15,Проезд на запрещающий сигнал (12.12 ч.1 КоАП),1000,оплачен
1657,525,2023-08-06,Выезд на встречную полосу (12.15 ч.4 КоАП),5000,не оплачен
1658,288,2025-12-05,Выезд на встречную полосу (12.15 ч.4 КоАП),5000,не оплачен
1659,1000,2024-04-13,Непристегнутый ремень (12.6 КоАП),1000,оплачен
1660,822,2024-07-30,Нарушение правил парковки (12.19 КоАП),1500,оплачен
1661,265,2024-01-08,Непристегнутый ремень (12.6 КоАП),1000,оплачен
1662,643,2023-09-15,Непристегнутый ремень (12.6 КоАП),1000,оплачен
1663,1037,2023-07-31,Выезд на встречную полосу (12.15 ч.4 КоАП),5000,оплачен
1664,117,2024-07-09,Превышение скорости (12.9 ч.2 КоАП),500,не оплачен
1665,1149,2025-03-04,Проезд на запрещающий сигнал (12.12 ч.1 КоАП),1000,оплачен
1666,596,2026-01-19,Превышение скорости (12.9 ч.2 КоАП),500,оплачен
1667,818,2024-07-06,Непристегнутый ремень (12.6 КоАП),1000,не оплачен
1668,796,2024-12-30,Проезд на запрещающий сигнал (12.12 ч.1 КоАП),1000,не оплачен
1669,715,2025-04-21,Превышение скорости (12.9 ч.2 КоАП),500,оплачен
1670,953,2024-08-25,Непристегнутый ремень (12.6 КоАП),1000,оплачен
1671,222,2025-05-18,Проезд на запрещающий сигнал (12.12 ч.1 КоАП),1000,не оплачен
1672,888,2024-03-29,Выезд на встречную полосу (12.15 ч.4 КоАП),5000,оплачен
1673,133,2024-01-11,Нарушение правил парковки (12.19 КоАП),1500,оплачен
1674,996,2026-04-18,Непристегнутый ремень (12.6 КоАП),1000,оплачен
1675,235,2024-08-27,Выезд на встречную полосу (12.15 ч.4 КоАП),5000,оплачен
1676,1117,2023-09-02,Превышение скорости (12.9 ч.2 КоАП),500,оплачен
1677,299,2025-12-24,Выезд на встречную полосу (12.15 ч.4 КоАП),5000,оплачен
1678,1164,2024-05-16,Нарушение правил парковки (12.19 КоАП),1500,оплачен
1679,779,2023-10-10,Непристегнутый ремень (12.6 КоАП),1000,оплачен
1680,881,2024-09-22,Нарушение правил парковки (12.19 КоАП),1500,не оплачен
1681,111,2025-02-04,Проезд на запрещающий сигнал (12.12 ч.1 КоАП),1000,оплачен
1682,867,2023-08-10,Превышение скорости (12.9 ч.2 КоАП),500,оплачен
1683,172,2025-04-01,Проезд на запрещающий сигнал (12.12 ч.1 КоАП),1000,оплачен
1684,830,2024-02-12,Нарушение правил парковки (12.19 КоАП),1500,оплачен
1685,860,2023-09-04,Выезд на встречную полосу (12.15 ч.4 КоАП),5000,оплачен
1686,377,2024-01-24,Нарушение правил парковки (12.19 КоАП),1500,не оплачен
1687,878,2024-07-01,Превышение скорости (12.9 ч.2 КоАП),500,оплачен
1688,337,2024-04-09,Нарушение правил парковки (12.19 КоАП),1500,оплачен
1689,987,2023-12-12,Выезд на встречную полосу (12.15 ч.4 КоАП),5000,оплачен
1690,895,2023-10-20,Проезд на запрещающий сигнал (12.12 ч.1 КоАП),1000,оплачен
1691,797,2025-10-12,Непристегнутый ремень (12.6 КоАП),1000,не оплачен
1692,407,2025-04-04,Непристегнутый ремень (12.6 КоАП),1000,оплачен
1693,297,2025-09-29,Непристегнутый ремень (12.6 КоАП),1000,оплачен
1694,30,2023-12-18,Нарушение правил парковки (12.19 КоАП),1500,оплачен
1695,303,2024-05-20,Выезд на встречную полосу (12.15 ч.4 КоАП),5000,оплачен
1696,233,2025-04-28,Нарушение правил парковки (12.19 КоАП),1500,не оплачен
1697,539,2026-04-08,Выезд на встречную полосу (12.15 ч.4 КоАП),5000,оплачен
1698,923,2026-04-15,Превышение скорости (12.9 ч.2 КоАП),500,не оплачен
1699,921,2025-01-02,Проезд на запрещающий сигнал (12.12 ч.1 КоАП),1000,оплачен
1700,200,2023-10-18,Непристегнутый ремень (12.6 КоАП),1000,оплачен
1701,861,2025-04-11,Проезд на запрещающий сигнал (12.12 ч.1 КоАП),1000,оплачен
1702,774,2024-06-22,Проезд на запрещающий сигнал (12.12 ч.1 КоАП),1000,оплачен
1703,392,2023-07-08,Проезд на запрещающий сигнал (12.12 ч.1 КоАП),1000,не оплачен
1704,30,2024-04-12,Непристегнутый ремень (12.6 КоАП),1000,оплачен
1705,34,2024-09-13,Нарушение правил парковки (12.19 КоАП),1500,оплачен
1706,1029,2026-01-07,Нарушение правил парковки (12.19 КоАП),1500,не оплачен
1707,1023,2024-03-06,Превышение скорости (12.9 ч.2 КоАП),500,оплачен
1708,848,2023-06-21,Выезд на встречную полосу (12.15 ч.4 КоАП),5000,оплачен
1709,1111,2023-06-23,Нарушение правил парковки (12.19 КоАП),1500,оплачен
1710,233,2024-09-21,Нарушение правил парковки (12.19 КоАП),1500,не оплачен
1711,878,2024-12-09,Выезд на встречную полосу (12.15 ч.4 КоАП),5000,оплачен
1712,334,2025-07-10,Непристегнутый ремень (12.6 КоАП),1000,оплачен
1713,584,2024-06-17,Выезд на встречную полосу (12.15 ч.4 КоАП),5000,не оплачен
1714,581,2023-11-02,Выезд на встречную полосу (12.15 ч.4 КоАП),5000,не оплачен
1715,180,2025-03-21,Превышение скорости (12.9 ч.2 КоАП),500,не оплачен
1716,184,2023-12-22,Превышение скорости (12.9 ч.2 КоАП),500,оплачен
1717,843,2025-05-23,Непристегнутый ремень (12.6 КоАП),1000,оплачен
1718,1116,2024-03-15,Непристегнутый ремень (12.6 КоАП),1000,оплачен
1719,1031,2024-06-18,Выезд на встречную полосу (12.15 ч.4 КоАП),5000,оплачен
1720,594,2023-07-19,Превышение скорости (12.9 ч.2 КоАП),500,не оплачен
1721,457,2024-12-21,Проезд на запрещающий сигнал (12.12 ч.1 КоАП),1000,не оплачен
1722,781,2025-09-17,Непристегнутый ремень (12.6 КоАП),1000,оплачен
1723,255,2025-05-24,Выезд на встречную полосу (12.15 ч.4 КоАП),5000,оплачен
1724,846,2024-09-17,Выезд на встречную полосу (12.15 ч.4 КоАП),5000,не оплачен
1725,16,2024-06-05,Выезд на встречную полосу (12.15 ч.4 КоАП),5000,не оплачен
1726,1040,2023-10-22,Проезд на запрещающий сигнал (12.12 ч.1 КоАП),1000,оплачен
1727,630,2024-04-10,Нарушение правил парковки (12.19 КоАП),1500,не оплачен
1728,495,2024-01-31,Выезд на встречную полосу (12.15 ч.4 КоАП),5000,оплачен
1729,67,2024-12-10,Выезд на встречную полосу (12.15 ч.4 КоАП),5000,оплачен
1730,767,2024-02-19,Проезд на запрещающий сигнал (12.12 ч.1 КоАП),1000,не оплачен
1731,651,2023-05-02,Непристегнутый ремень (12.6 КоАП),1000,оплачен
1732,881,2026-02-24,Непристегнутый ремень (12.6 КоАП),1000,оплачен
1733,395,2023-09-30,Выезд на встречную полосу (12.15 ч.4 КоАП),5000,оплачен
1734,106,2024-09-01,Выезд на встречную полосу (12.15 ч.4 КоАП),5000,не оплачен
1735,879,2023-07-18,Непристегнутый ремень (12.6 КоАП),1000,оплачен
1736,356,2025-08-27,Выезд на встречную полосу (12.15 ч.4 КоАП),5000,оплачен
1737,1060,2026-01-13,Нарушение правил парковки (12.19 КоАП),1500,оплачен
1738,204,2025-10-08,Проезд на запрещающий сигнал (12.12 ч.1 КоАП),1000,не оплачен
1739,1033,2023-11-14,Проезд на запрещающий сигнал (12.12 ч.1 КоАП),1000,оплачен
1740,803,2023-11-14,Непристегнутый ремень (12.6 КоАП),1000,не оплачен
1741,1133,2025-12-01,Нарушение правил парковки (12.19 КоАП),1500,оплачен
1742,418,2025-06-15,Нарушение правил парковки (12.19 КоАП),1500,оплачен
1743,896,2024-03-03,Превышение скорости (12.9 ч.2 КоАП),500,оплачен
1744,314,2023-07-02,Непристегнутый ремень (12.6 КоАП),1000,оплачен
1745,162,2025-10-27,Непристегнутый ремень (12.6 КоАП),1000,оплачен
1746,268,2023-12-15,Превышение скорости (12.9 ч.2 КоАП),500,не оплачен
1747,383,2023-12-04,Нарушение правил парковки (12.19 КоАП),1500,оплачен
1748,609,2023-08-19,Проезд на запрещающий сигнал (12.12 ч.1 КоАП),1000,оплачен
1749,775,2024-04-06,Проезд на запрещающий сигнал (12.12 ч.1 КоАП),1000,не оплачен
1750,564,2024-03-10,Превышение скорости (12.9 ч.2 КоАП),500,оплачен
1751,48,2025-04-14,Проезд на запрещающий сигнал (12.12 ч.1 КоАП),1000,оплачен
1752,212,2023-06-10,Непристегнутый ремень (12.6 КоАП),1000,оплачен
1753,252,2024-05-21,Непристегнутый ремень (12.6 КоАП),1000,оплачен
1754,537,2026-02-24,Нарушение правил парковки (12.19 КоАП),1500,не оплачен
1755,159,2024-09-05,Превышение скорости (12.9 ч.2 КоАП),500,оплачен
1756,426,2026-04-15,Нарушение правил парковки (12.19 КоАП),1500,оплачен
1757,45,2023-06-27,Выезд на встречную полосу (12.15 ч.4 КоАП),5000,оплачен
1758,157,2024-03-25,Выезд на встречную полосу (12.15 ч.4 КоАП),5000,оплачен
1759,769,2026-01-25,Выезд на встречную полосу (12.15 ч.4 КоАП),5000,не оплачен
1760,330,2025-06-30,Выезд на встречную полосу (12.15 ч.4 КоАП),5000,оплачен
1761,366,2025-01-19,Превышение скорости (12.9 ч.2 КоАП),500,оплачен
1762,65,2023-05-18,Непристегнутый ремень (12.6 КоАП),1000,оплачен
1763,711,2025-06-02,Нарушение правил парковки (12.19 КоАП),1500,оплачен
1764,1120,2024-01-04,Непристегнутый ремень (12.6 КоАП),1000,оплачен
1765,522,2025-12-11,Непристегнутый ремень (12.6 КоАП),1000,не оплачен
1766,61,2024-07-31,Проезд на запрещающий сигнал (12.12 ч.1 КоАП),1000,оплачен
1767,1049,2024-02-19,Непристегнутый ремень (12.6 КоАП),1000,не оплачен
1768,748,2023-06-17,Проезд на запрещающий сигнал (12.12 ч.1 КоАП),1000,оплачен
1769,61,2025-01-20,Проезд на запрещающий сигнал (12.12 ч.1 КоАП),1000,оплачен
1770,171,2023-11-26,Проезд на запрещающий сигнал (12.12 ч.1 КоАП),1000,не оплачен
1771,549,2025-06-14,Проезд на запрещающий сигнал (12.12 ч.1 КоАП),1000,оплачен
1772,189,2025-04-03,Проезд на запрещающий сигнал (12.12 ч.1 КоАП),1000,оплачен
1773,603,2024-02-09,Непристегнутый ремень (12.6 КоАП),1000,оплачен
1774,894,2024-06-23,Выезд на встречную полосу (12.15 ч.4 КоАП),5000,оплачен
1775,396,2024-09-25,Выезд на встречную полосу (12.15 ч.4 КоАП),5000,оплачен
1776,576,2023-11-01,Проезд на запрещающий сигнал (12.12 ч.1 КоАП),1000,не оплачен
1777,1196,2023-11-24,Превышение скорости (12.9 ч.2 КоАП),500,не оплачен
1778,639,2025-09-30,Непристегнутый ремень (12.6 КоАП),1000,оплачен
1779,1000,2024-11-17,Проезд на запрещающий сигнал (12.12 ч.1 КоАП),1000,оплачен
1780,868,2023-10-22,Выезд на встречную полосу (12.15 ч.4 КоАП),5000,оплачен
1781,653,2025-12-04,Нарушение правил парковки (12.19 КоАП),1500,оплачен
1782,785,2025-03-10,Непристегнутый ремень (12.6 КоАП),1000,оплачен
1783,723,2026-03-05,Непристегнутый ремень (12.6 КоАП),1000,оплачен
1784,921,2026-03-21,Превышение скорости (12.9 ч.2 КоАП),500,оплачен
1785,1048,2023-12-06,Превышение скорости (12.9 ч.2 КоАП),500,оплачен
1786,602,2025-08-05,Выезд на встречную полосу (12.15 ч.4 КоАП),5000,оплачен
1787,722,2024-09-26,Непристегнутый ремень (12.6 КоАП),1000,оплачен
1788,369,2024-09-22,Превышение скорости (12.9 ч.2 КоАП),500,не оплачен
1789,381,2025-08-14,Выезд на встречную полосу (12.15 ч.4 КоАП),5000,оплачен
1790,441,2024-12-09,Превышение скорости (12.9 ч.2 КоАП),500,оплачен
1791,298,2025-06-07,Нарушение правил парковки (12.19 КоАП),1500,не оплачен
1792,20,2025-12-19,Превышение скорости (12.9 ч.2 КоАП),500,оплачен
1793,674,2024-05-03,Превышение скорости (12.9 ч.2 КоАП),500,оплачен
1794,659,2023-10-26,Непристегнутый ремень (12.6 КоАП),1000,не оплачен
1795,136,2024-12-03,Непристегнутый ремень (12.6 КоАП),1000,оплачен
1796,435,2023-06-24,Непристегнутый ремень (12.6 КоАП),1000,оплачен
1797,1149,2026-01-20,Превышение скорости (12.9 ч.2 КоАП),500,оплачен
1798,154,2023-12-19,Непристегнутый ремень (12.6 КоАП),1000,оплачен
1799,892,2025-04-27,Выезд на встречную полосу (12.15 ч.4 КоАП),5000,оплачен
1800,406,2025-06-29,Нарушение правил парковки (12.19 КоАП),1500,оплачен
1801,1022,2025-02-12,Выезд на встречную полосу (12.15 ч.4 КоАП),5000,оплачен
1802,863,2024-02-22,Нарушение правил парковки (12.19 КоАП),1500,оплачен
1803,351,2024-07-26,Выезд на встречную полосу (12.15 ч.4 КоАП),5000,оплачен
1804,785,2025-08-01,Непристегнутый ремень (12.6 КоАП),1000,оплачен
1805,584,2025-03-09,Превышение скорости (12.9 ч.2 КоАП),500,оплачен
1806,10,2025-02-03,Непристегнутый ремень (12.6 КоАП),1000,не оплачен
1807,269,2024-11-05,Нарушение правил парковки (12.19 КоАП),1500,не оплачен
1808,76,2024-12-22,Выезд на встречную полосу (12.15 ч.4 КоАП),5000,не оплачен
1809,81,2023-09-19,Непристегнутый ремень (12.6 КоАП),1000,оплачен
1810,143,2023-11-17,Превышение скорости (12.9 ч.2 КоАП),500,оплачен
1811,617,2025-07-25,Выезд на встречную полосу (12.15 ч.4 КоАП),5000,оплачен
1812,820,2023-07-18,Нарушение правил парковки (12.19 КоАП),1500,оплачен
1813,1012,2025-01-17,Нарушение правил парковки (12.19 КоАП),1500,оплачен
1814,612,2025-11-20,Выезд на встречную полосу (12.15 ч.4 КоАП),5000,оплачен
1815,1011,2024-10-16,Выезд на встречную полосу (12.15 ч.4 КоАП),5000,не оплачен
1816,766,2024-08-29,Превышение скорости (12.9 ч.2 КоАП),500,не оплачен
1817,60,2023-12-25,Превышение скорости (12.9 ч.2 КоАП),500,оплачен
1818,285,2023-11-04,Превышение скорости (12.9 ч.2 КоАП),500,оплачен
1819,893,2023-10-04,Нарушение правил парковки (12.19 КоАП),1500,оплачен
1820,392,2023-06-18,Превышение скорости (12.9 ч.2 КоАП),500,не оплачен
1821,1101,2026-04-10,Нарушение правил парковки (12.19 КоАП),1500,не оплачен
1822,532,2025-11-05,Превышение скорости (12.9 ч.2 КоАП),500,не оплачен
1823,227,2024-09-19,Превышение скорости (12.9 ч.2 КоАП),500,оплачен
1824,154,2024-03-18,Нарушение правил парковки (12.19 КоАП),1500,оплачен
1825,778,2023-08-24,Непристегнутый ремень (12.6 КоАП),1000,оплачен
1826,283,2024-12-31,Проезд на запрещающий сигнал (12.12 ч.1 КоАП),1000,оплачен
1827,259,2023-10-11,Превышение скорости (12.9 ч.2 КоАП),500,оплачен
1828,1197,2024-09-24,Проезд на запрещающий сигнал (12.12 ч.1 КоАП),1000,не оплачен
1829,916,2024-12-07,Выезд на встречную полосу (12.15 ч.4 КоАП),5000,оплачен
1830,1081,2024-12-20,Непристегнутый ремень (12.6 КоАП),1000,оплачен
1831,1004,2025-04-26,Выезд на встречную полосу (12.15 ч.4 КоАП),5000,не оплачен
1832,989,2025-08-30,Нарушение правил парковки (12.19 КоАП),1500,оплачен
1833,607,2026-03-22,Нарушение правил парковки (12.19 КоАП),1500,не оплачен
1834,1144,2024-09-29,Нарушение правил парковки (12.19 КоАП),1500,не оплачен
1835,422,2025-12-01,Проезд на запрещающий сигнал (12.12 ч.1 КоАП),1000,оплачен
1836,1013,2025-03-13,Превышение скорости (12.9 ч.2 КоАП),500,оплачен
1837,443,2023-10-03,Превышение скорости (12.9 ч.2 КоАП),500,оплачен
1838,385,2024-03-16,Выезд на встречную полосу (12.15 ч.4 КоАП),5000,оплачен
1839,428,2024-06-13,Нарушение правил парковки (12.19 КоАП),1500,не оплачен
1840,1053,2023-08-14,Непристегнутый ремень (12.6 КоАП),1000,не оплачен
1841,930,2023-10-17,Нарушение правил парковки (12.19 КоАП),1500,оплачен
1842,217,2023-11-12,Непристегнутый ремень (12.6 КоАП),1000,не оплачен
1843,745,2025-11-22,Проезд на запрещающий сигнал (12.12 ч.1 КоАП),1000,оплачен
1844,1052,2023-12-08,Выезд на встречную полосу (12.15 ч.4 КоАП),5000,оплачен
1845,385,2025-12-30,Выезд на встречную полосу (12.15 ч.4 КоАП),5000,оплачен
1846,337,2025-08-04,Выезд на встречную полосу (12.15 ч.4 КоАП),5000,оплачен
1847,210,2026-03-22,Непристегнутый ремень (12.6 КоАП),1000,оплачен
1848,226,2025-07-09,Превышение скорости (12.9 ч.2 КоАП),500,оплачен
1849,384,2023-08-06,Выезд на встречную полосу (12.15 ч.4 КоАП),5000,оплачен
1850,1088,2023-05-07,Выезд на встречную полосу (12.15 ч.4 КоАП),5000,оплачен
1851,243,2024-06-16,Нарушение правил парковки (12.19 КоАП),1500,не оплачен
1852,726,2024-01-10,Превышение скорости (12.9 ч.2 КоАП),500,оплачен
1853,813,2024-03-18,Проезд на запрещающий сигнал (12.12 ч.1 КоАП),1000,оплачен
1854,684,2025-08-26,Непристегнутый ремень (12.6 КоАП),1000,оплачен
1855,758,2025-12-27,Нарушение правил парковки (12.19 КоАП),1500,оплачен
1856,866,2026-02-28,Выезд на встречную полосу (12.15 ч.4 КоАП),5000,оплачен
1857,825,2024-09-09,Проезд на запрещающий сигнал (12.12 ч.1 КоАП),1000,оплачен
1858,1085,2025-12-22,Нарушение правил парковки (12.19 КоАП),1500,оплачен
1859,888,2024-01-30,Непристегнутый ремень (12.6 КоАП),1000,оплачен
1860,510,2024-05-21,Превышение скорости (12.9 ч.2 КоАП),500,не оплачен
1861,236,2025-03-24,Проезд на запрещающий сигнал (12.12 ч.1 КоАП),1000,оплачен
1862,1179,2025-12-12,Превышение скорости (12.9 ч.2 КоАП),500,оплачен
1863,1090,2025-01-04,Превышение скорости (12.9 ч.2 КоАП),500,оплачен
1864,829,2024-09-01,Проезд на запрещающий сигнал (12.12 ч.1 КоАП),1000,оплачен
1865,451,2026-03-29,Превышение скорости (12.9 ч.2 КоАП),500,не оплачен
1866,1015,2024-10-30,Нарушение правил парковки (12.19 КоАП),1500,оплачен
1867,712,2024-07-17,Проезд на запрещающий сигнал (12.12 ч.1 КоАП),1000,оплачен
1868,590,2024-10-27,Непристегнутый ремень (12.6 КоАП),1000,не оплачен
1869,380,2023-06-29,Превышение скорости (12.9 ч.2 КоАП),500,оплачен
1870,977,2025-06-10,Непристегнутый ремень (12.6 КоАП),1000,не оплачен
1871,349,2024-09-07,Проезд на запрещающий сигнал (12.12 ч.1 КоАП),1000,оплачен
1872,342,2024-09-06,Превышение скорости (12.9 ч.2 КоАП),500,оплачен
1873,291,2024-06-02,Выезд на встречную полосу (12.15 ч.4 КоАП),5000,не оплачен
1874,877,2025-08-11,Выезд на встречную полосу (12.15 ч.4 КоАП),5000,оплачен
1875,541,2025-07-06,Проезд на запрещающий сигнал (12.12 ч.1 КоАП),1000,не оплачен
1876,20,2024-09-26,Проезд на запрещающий сигнал (12.12 ч.1 КоАП),1000,оплачен
1877,1195,2025-11-12,Выезд на встречную полосу (12.15 ч.4 КоАП),5000,оплачен
1878,968,2025-06-30,Проезд на запрещающий сигнал (12.12 ч.1 КоАП),1000,оплачен
1879,1162,2025-12-31,Превышение скорости (12.9 ч.2 КоАП),500,оплачен
1880,468,2026-04-06,Нарушение правил парковки (12.19 КоАП),1500,оплачен
1881,301,2023-07-01,Проезд на запрещающий сигнал (12.12 ч.1 КоАП),1000,не оплачен
1882,624,2024-12-15,Превышение скорости (12.9 ч.2 КоАП),500,не оплачен
1883,927,2025-10-01,Нарушение правил парковки (12.19 КоАП),1500,оплачен
1884,1118,2023-07-11,Нарушение правил парковки (12.19 КоАП),1500,оплачен
1885,520,2024-08-11,Выезд на встречную полосу (12.15 ч.4 КоАП),5000,оплачен
1886,723,2024-05-01,Превышение скорости (12.9 ч.2 КоАП),500,оплачен
1887,1061,2025-10-10,Нарушение правил парковки (12.19 КоАП),1500,не оплачен
1888,992,2025-08-23,Непристегнутый ремень (12.6 КоАП),1000,оплачен
1889,43,2025-04-30,Непристегнутый ремень (12.6 КоАП),1000,оплачен
1890,452,2025-07-02,Выезд на встречную полосу (12.15 ч.4 КоАП),5000,оплачен
1891,732,2025-07-22,Проезд на запрещающий сигнал (12.12 ч.1 КоАП),1000,оплачен
1892,1183,2025-08-09,Проезд на запрещающий сигнал (12.12 ч.1 КоАП),1000,не оплачен
1893,737,2025-11-20,Выезд на встречную полосу (12.15 ч.4 КоАП),5000,оплачен
1894,397,2025-10-08,Превышение скорости (12.9 ч.2 КоАП),500,не оплачен
1895,222,2025-10-07,Выезд на встречную полосу (12.15 ч.4 КоАП),5000,не оплачен
1896,921,2024-07-15,Непристегнутый ремень (12.6 КоАП),1000,не оплачен
1897,359,2025-12-14,Непристегнутый ремень (12.6 КоАП),1000,оплачен
1898,679,2026-01-12,Нарушение правил парковки (12.19 КоАП),1500,оплачен
1899,566,2025-08-17,Выезд на встречную полосу (12.15 ч.4 КоАП),5000,оплачен
1900,1187,2024-08-09,Превышение скорости (12.9 ч.2 КоАП),500,оплачен
1901,252,2024-07-01,Нарушение правил парковки (12.19 КоАП),1500,оплачен
1902,1161,2023-04-25,Выезд на встречную полосу (12.15 ч.4 КоАП),5000,не оплачен
1903,591,2024-12-28,Нарушение правил парковки (12.19 КоАП),1500,оплачен
1904,1022,2023-06-23,Превышение скорости (12.9 ч.2 КоАП),500,не оплачен
1905,956,2023-12-06,Проезд на запрещающий сигнал (12.12 ч.1 КоАП),1000,оплачен
1906,594,2024-12-16,Непристегнутый ремень (12.6 КоАП),1000,оплачен
1907,622,2025-10-10,Проезд на запрещающий сигнал (12.12 ч.1 КоАП),1000,оплачен
1908,604,2023-06-17,Превышение скорости (12.9 ч.2 КоАП),500,оплачен
1909,446,2025-09-27,Превышение скорости (12.9 ч.2 КоАП),500,оплачен
1910,253,2026-01-05,Непристегнутый ремень (12.6 КоАП),1000,оплачен
1911,11,2024-11-12,Нарушение правил парковки (12.19 КоАП),1500,оплачен
1912,103,2025-11-05,Превышение скорости (12.9 ч.2 КоАП),500,оплачен
1913,581,2024-08-13,Нарушение правил парковки (12.19 КоАП),1500,не оплачен
1914,1149,2023-07-08,Непристегнутый ремень (12.6 КоАП),1000,оплачен
1915,555,2024-10-11,Превышение скорости (12.9 ч.2 КоАП),500,оплачен
1916,885,2026-03-14,Проезд на запрещающий сигнал (12.12 ч.1 КоАП),1000,оплачен
1917,596,2026-01-18,Превышение скорости (12.9 ч.2 КоАП),500,оплачен
1918,727,2023-11-16,Выезд на встречную полосу (12.15 ч.4 КоАП),5000,оплачен
1919,866,2023-10-04,Выезд на встречную полосу (12.15 ч.4 КоАП),5000,оплачен
1920,536,2025-09-18,Превышение скорости (12.9 ч.2 КоАП),500,не оплачен
1921,637,2025-07-19,Непристегнутый ремень (12.6 КоАП),1000,оплачен
1922,661,2025-10-01,Выезд на встречную полосу (12.15 ч.4 КоАП),5000,не оплачен
1923,409,2025-12-08,Проезд на запрещающий сигнал (12.12 ч.1 КоАП),1000,оплачен
1924,1136,2023-05-22,Выезд на встречную полосу (12.15 ч.4 КоАП),5000,оплачен
1925,176,2024-02-09,Нарушение правил парковки (12.19 КоАП),1500,оплачен
1926,1118,2023-04-25,Выезд на встречную полосу (12.15 ч.4 КоАП),5000,оплачен
1927,197,2025-06-04,Выезд на встречную полосу (12.15 ч.4 КоАП),5000,оплачен
1928,642,2025-04-15,Выезд на встречную полосу (12.15 ч.4 КоАП),5000,оплачен
1929,960,2025-06-06,Нарушение правил парковки (12.19 КоАП),1500,оплачен
1930,862,2024-02-19,Выезд на встречную полосу (12.15 ч.4 КоАП),5000,не оплачен
1931,57,2023-07-12,Выезд на встречную полосу (12.15 ч.4 КоАП),5000,не оплачен
1932,863,2025-07-30,Превышение скорости (12.9 ч.2 КоАП),500,оплачен
1933,620,2025-06-13,Проезд на запрещающий сигнал (12.12 ч.1 КоАП),1000,не оплачен
1934,1049,2023-09-11,Непристегнутый ремень (12.6 КоАП),1000,оплачен
1935,1113,2024-09-17,Непристегнутый ремень (12.6 КоАП),1000,не оплачен
1936,110,2024-04-15,Нарушение правил парковки (12.19 КоАП),1500,не оплачен
1937,258,2023-05-25,Выезд на встречную полосу (12.15 ч.4 КоАП),5000,оплачен
1938,948,2024-01-01,Превышение скорости (12.9 ч.2 КоАП),500,не оплачен
1939,943,2025-10-10,Непристегнутый ремень (12.6 КоАП),1000,не оплачен
1940,113,2024-03-31,Превышение скорости (12.9 ч.2 КоАП),500,оплачен
1941,683,2024-03-10,Превышение скорости (12.9 ч.2 КоАП),500,оплачен
1942,1159,2024-03-04,Нарушение правил парковки (12.19 КоАП),1500,оплачен
1943,125,2024-12-15,Нарушение правил парковки (12.19 КоАП),1500,оплачен
1944,1047,2025-04-15,Непристегнутый ремень (12.6 КоАП),1000,не оплачен
1945,420,2025-03-21,Превышение скорости (12.9 ч.2 КоАП),500,оплачен
1946,1015,2023-07-27,Непристегнутый ремень (12.6 КоАП),1000,оплачен
1947,617,2024-10-11,Проезд на запрещающий сигнал (12.12 ч.1 КоАП),1000,оплачен
1948,994,2023-11-29,Превышение скорости (12.9 ч.2 КоАП),500,оплачен
1949,235,2025-09-16,Проезд на запрещающий сигнал (12.12 ч.1 КоАП),1000,оплачен
1950,248,2025-05-29,Проезд на запрещающий сигнал (12.12 ч.1 КоАП),1000,оплачен
1951,419,2025-10-08,Проезд на запрещающий сигнал (12.12 ч.1 КоАП),1000,оплачен
1952,1036,2023-11-22,Превышение скорости (12.9 ч.2 КоАП),500,оплачен
1953,250,2024-10-24,Превышение скорости (12.9 ч.2 КоАП),500,оплачен
1954,377,2024-04-21,Выезд на встречную полосу (12.15 ч.4 КоАП),5000,не оплачен
1955,534,2025-08-11,Непристегнутый ремень (12.6 КоАП),1000,не оплачен
1956,253,2024-08-13,Выезд на встречную полосу (12.15 ч.4 КоАП),5000,оплачен
1957,379,2023-09-28,Превышение скорости (12.9 ч.2 КоАП),500,оплачен
1958,350,2026-04-23,Проезд на запрещающий сигнал (12.12 ч.1 КоАП),1000,оплачен
1959,411,2023-12-04,Непристегнутый ремень (12.6 КоАП),1000,оплачен
1960,593,2026-04-09,Нарушение правил парковки (12.19 КоАП),1500,оплачен
1961,1010,2025-03-21,Непристегнутый ремень (12.6 КоАП),1000,оплачен
1962,802,2025-10-23,Нарушение правил парковки (12.19 КоАП),1500,оплачен
1963,951,2025-12-30,Превышение скорости (12.9 ч.2 КоАП),500,оплачен
1964,304,2023-10-02,Выезд на встречную полосу (12.15 ч.4 КоАП),5000,оплачен
1965,247,2024-04-06,Выезд на встречную полосу (12.15 ч.4 КоАП),5000,оплачен
1966,1189,2023-12-02,Превышение скорости (12.9 ч.2 КоАП),500,оплачен
1967,911,2024-11-24,Непристегнутый ремень (12.6 КоАП),1000,оплачен
1968,286,2024-03-31,Нарушение правил парковки (12.19 КоАП),1500,оплачен
1969,568,2024-05-14,Выезд на встречную полосу (12.15 ч.4 КоАП),5000,оплачен
1970,733,2023-11-27,Проезд на запрещающий сигнал (12.12 ч.1 КоАП),1000,оплачен
1971,432,2026-04-19,Непристегнутый ремень (12.6 КоАП),1000,оплачен
1972,800,2024-10-30,Непристегнутый ремень (12.6 КоАП),1000,оплачен
1973,311,2025-07-09,Проезд на запрещающий сигнал (12.12 ч.1 КоАП),1000,оплачен
1974,695,2025-09-10,Непристегнутый ремень (12.6 КоАП),1000,оплачен
1975,571,2025-06-23,Проезд на запрещающий сигнал (12.12 ч.1 КоАП),1000,не оплачен
1976,807,2024-05-31,Нарушение правил парковки (12.19 КоАП),1500,оплачен
1977,772,2026-01-19,Выезд на встречную полосу (12.15 ч.4 КоАП),5000,не оплачен
1978,370,2026-03-30,Непристегнутый ремень (12.6 КоАП),1000,оплачен
1979,1077,2023-05-20,Непристегнутый ремень (12.6 КоАП),1000,оплачен
1980,1190,2024-08-07,Нарушение правил парковки (12.19 КоАП),1500,оплачен
1981,827,2023-08-24,Непристегнутый ремень (12.6 КоАП),1000,оплачен
1982,326,2025-02-08,Превышение скорости (12.9 ч.2 КоАП),500,оплачен
1983,1023,2024-01-17,Превышение скорости (12.9 ч.2 КоАП),500,не оплачен
1984,663,2025-05-18,Выезд на встречную полосу (12.15 ч.4 КоАП),5000,не оплачен
1985,216,2024-06-24,Проезд на запрещающий сигнал (12.12 ч.1 КоАП),1000,не оплачен
1986,787,2024-01-24,Проезд на запрещающий сигнал (12.12 ч.1 КоАП),1000,не оплачен
1987,132,2023-11-23,Выезд на встречную полосу (12.15 ч.4 КоАП),5000,оплачен
1988,235,2023-09-21,Нарушение правил парковки (12.19 КоАП),1500,оплачен
1989,905,2023-11-09,Превышение скорости (12.9 ч.2 КоАП),500,не оплачен
1990,61,2026-03-02,Непристегнутый ремень (12.6 КоАП),1000,не оплачен
1991,221,2023-10-15,Нарушение правил парковки (12.19 КоАП),1500,оплачен
1992,273,2023-09-08,Выезд на встречную полосу (12.15 ч.4 КоАП),5000,не оплачен
1993,1140,2024-09-11,Непристегнутый ремень (12.6 КоАП),1000,оплачен
1994,1006,2024-08-03,Нарушение правил парковки (12.19 КоАП),1500,оплачен
1995,462,2026-01-29,Нарушение правил парковки (12.19 КоАП),1500,оплачен
1996,889,2024-06-18,Проезд на запрещающий сигнал (12.12 ч.1 КоАП),1000,не оплачен
1997,177,2024-08-17,Проезд на запрещающий сигнал (12.12 ч.1 КоАП),1000,оплачен
1998,417,2026-01-23,Превышение скорости (12.9 ч.2 КоАП),500,оплачен
1999,11,2025-06-30,Проезд на запрещающий сигнал (12.12 ч.1 КоАП),1000,оплачен
2000,1164,2024-10-19,Выезд на встречную полосу (12.15 ч.4 КоАП),5000,оплачен
2001,698,2023-05-17,Превышение скорости (12.9 ч.2 КоАП),500,оплачен
2002,1017,2023-12-06,Непристегнутый ремень (12.6 КоАП),1000,оплачен
2003,1169,2026-03-11,Проезд на запрещающий сигнал (12.12 ч.1 КоАП),1000,не оплачен
2004,722,2024-07-30,Непристегнутый ремень (12.6 КоАП),1000,оплачен
2005,283,2025-01-16,Непристегнутый ремень (12.6 КоАП),1000,не оплачен
2006,876,2026-04-12,Выезд на встречную полосу (12.15 ч.4 КоАП),5000,оплачен
2007,1166,2023-08-15,Превышение скорости (12.9 ч.2 КоАП),500,оплачен
2008,611,2023-05-22,Непристегнутый ремень (12.6 КоАП),1000,оплачен
2009,473,2026-03-13,Выезд на встречную полосу (12.15 ч.4 КоАП),5000,оплачен
2010,678,2026-04-01,Непристегнутый ремень (12.6 КоАП),1000,оплачен
2011,515,2023-08-11,Нарушение правил парковки (12.19 КоАП),1500,оплачен
2012,140,2024-12-18,Нарушение правил парковки (12.19 КоАП),1500,не оплачен
2013,590,2025-07-31,Проезд на запрещающий сигнал (12.12 ч.1 КоАП),1000,оплачен
2014,495,2023-09-16,Непристегнутый ремень (12.6 КоАП),1000,не оплачен
2015,1025,2023-04-29,Непристегнутый ремень (12.6 КоАП),1000,оплачен
2016,117,2025-05-31,Непристегнутый ремень (12.6 КоАП),1000,оплачен
2017,1194,2023-09-29,Превышение скорости (12.9 ч.2 КоАП),500,оплачен
2018,62,2024-05-11,Нарушение правил парковки (12.19 КоАП),1500,оплачен
2019,535,2025-05-11,Выезд на встречную полосу (12.15 ч.4 КоАП),5000,оплачен
2020,286,2025-05-15,Превышение скорости (12.9 ч.2 КоАП),500,оплачен
2021,128,2026-03-12,Нарушение правил парковки (12.19 КоАП),1500,оплачен
2022,1155,2025-10-11,Превышение скорости (12.9 ч.2 КоАП),500,не оплачен
2023,709,2025-05-23,Превышение скорости (12.9 ч.2 КоАП),500,не оплачен
2024,166,2024-04-17,Выезд на встречную полосу (12.15 ч.4 КоАП),5000,не оплачен
2025,266,2023-05-16,Выезд на встречную полосу (12.15 ч.4 КоАП),5000,оплачен
2026,214,2025-12-11,Превышение скорости (12.9 ч.2 КоАП),500,оплачен
2027,462,2026-01-03,Непристегнутый ремень (12.6 КоАП),1000,оплачен
2028,979,2025-12-28,Выезд на встречную полосу (12.15 ч.4 КоАП),5000,оплачен
2029,44,2024-09-25,Проезд на запрещающий сигнал (12.12 ч.1 КоАП),1000,не оплачен
2030,402,2023-09-19,Превышение скорости (12.9 ч.2 КоАП),500,оплачен
2031,38,2024-08-07,Выезд на встречную полосу (12.15 ч.4 КоАП),5000,оплачен
2032,793,2026-01-03,Превышение скорости (12.9 ч.2 КоАП),500,не оплачен
2033,881,2024-12-25,Проезд на запрещающий сигнал (12.12 ч.1 КоАП),1000,не оплачен
2034,283,2023-05-10,Непристегнутый ремень (12.6 КоАП),1000,оплачен
2035,754,2025-03-18,Превышение скорости (12.9 ч.2 КоАП),500,оплачен
2036,895,2024-02-13,Нарушение правил парковки (12.19 КоАП),1500,не оплачен
2037,476,2025-05-29,Проезд на запрещающий сигнал (12.12 ч.1 КоАП),1000,оплачен
2038,466,2024-01-16,Превышение скорости (12.9 ч.2 КоАП),500,оплачен
2039,1164,2023-07-21,Непристегнутый ремень (12.6 КоАП),1000,оплачен
2040,512,2024-08-13,Превышение скорости (12.9 ч.2 КоАП),500,не оплачен
2041,117,2023-06-24,Превышение скорости (12.9 ч.2 КоАП),500,оплачен
2042,579,2024-05-06,Проезд на запрещающий сигнал (12.12 ч.1 КоАП),1000,оплачен
2043,501,2026-01-04,Нарушение правил парковки (12.19 КоАП),1500,не оплачен
2044,815,2024-01-25,Проезд на запрещающий сигнал (12.12 ч.1 КоАП),1000,оплачен
2045,158,2026-03-07,Превышение скорости (12.9 ч.2 КоАП),500,оплачен
2046,422,2024-07-30,Непристегнутый ремень (12.6 КоАП),1000,оплачен
2047,452,2023-05-08,Нарушение правил парковки (12.19 КоАП),1500,оплачен
2048,752,2024-07-07,Нарушение правил парковки (12.19 КоАП),1500,не оплачен
2049,501,2024-08-07,Нарушение правил парковки (12.19 КоАП),1500,оплачен
2050,654,2023-05-25,Нарушение правил парковки (12.19 КоАП),1500,оплачен
2051,214,2023-09-30,Непристегнутый ремень (12.6 КоАП),1000,оплачен
2052,996,2023-12-25,Выезд на встречную полосу (12.15 ч.4 КоАП),5000,оплачен
2053,281,2023-08-19,Проезд на запрещающий сигнал (12.12 ч.1 КоАП),1000,не оплачен
2054,473,2025-03-15,Непристегнутый ремень (12.6 КоАП),1000,оплачен
2055,432,2025-09-03,Непристегнутый ремень (12.6 КоАП),1000,оплачен
2056,74,2024-10-06,Проезд на запрещающий сигнал (12.12 ч.1 КоАП),1000,не оплачен
2057,930,2025-02-11,Выезд на встречную полосу (12.15 ч.4 КоАП),5000,не оплачен
2058,1022,2026-01-12,Превышение скорости (12.9 ч.2 КоАП),500,не оплачен
2059,570,2024-03-07,Нарушение правил парковки (12.19 КоАП),1500,оплачен
2060,174,2026-02-06,Нарушение правил парковки (12.19 КоАП),1500,оплачен
2061,787,2024-08-18,Непристегнутый ремень (12.6 КоАП),1000,оплачен
2062,788,2024-02-28,Выезд на встречную полосу (12.15 ч.4 КоАП),5000,оплачен
2063,422,2025-01-04,Проезд на запрещающий сигнал (12.12 ч.1 КоАП),1000,оплачен
2064,1091,2023-08-09,Выезд на встречную полосу (12.15 ч.4 КоАП),5000,оплачен
2065,65,2024-06-22,Нарушение правил парковки (12.19 КоАП),1500,оплачен
2066,54,2024-09-28,Нарушение правил парковки (12.19 КоАП),1500,не оплачен
2067,538,2024-11-10,Нарушение правил парковки (12.19 КоАП),1500,не оплачен
2068,444,2023-06-13,Непристегнутый ремень (12.6 КоАП),1000,не оплачен
2069,889,2023-09-02,Нарушение правил парковки (12.19 КоАП),1500,не оплачен
2070,224,2023-12-22,Превышение скорости (12.9 ч.2 КоАП),500,оплачен
2071,1096,2025-11-11,Нарушение правил парковки (12.19 КоАП),1500,оплачен
2072,1164,2023-05-18,Непристегнутый ремень (12.6 КоАП),1000,не оплачен
2073,333,2024-05-18,Нарушение правил парковки (12.19 КоАП),1500,не оплачен
2074,488,2024-04-28,Выезд на встречную полосу (12.15 ч.4 КоАП),5000,оплачен
2075,575,2023-08-30,Превышение скорости (12.9 ч.2 КоАП),500,не оплачен
2076,176,2023-12-27,Нарушение правил парковки (12.19 КоАП),1500,не оплачен
2077,606,2025-07-23,Непристегнутый ремень (12.6 КоАП),1000,оплачен
2078,80,2025-02-27,Выезд на встречную полосу (12.15 ч.4 КоАП),5000,оплачен
2079,551,2025-08-03,Нарушение правил парковки (12.19 КоАП),1500,оплачен
2080,26,2025-02-11,Непристегнутый ремень (12.6 КоАП),1000,оплачен
2081,658,2025-02-16,Непристегнутый ремень (12.6 КоАП),1000,не оплачен
2082,909,2025-04-03,Проезд на запрещающий сигнал (12.12 ч.1 КоАП),1000,оплачен
2083,19,2025-03-05,Выезд на встречную полосу (12.15 ч.4 КоАП),5000,оплачен
2084,984,2024-10-11,Нарушение правил парковки (12.19 КоАП),1500,оплачен
2085,447,2024-12-09,Непристегнутый ремень (12.6 КоАП),1000,оплачен
2086,163,2024-07-22,Непристегнутый ремень (12.6 КоАП),1000,оплачен
2087,1130,2025-01-03,Непристегнутый ремень (12.6 КоАП),1000,оплачен
2088,903,2025-11-26,Превышение скорости (12.9 ч.2 КоАП),500,оплачен
2089,532,2025-06-11,Нарушение правил парковки (12.19 КоАП),1500,не оплачен
2090,466,2026-02-28,Проезд на запрещающий сигнал (12.12 ч.1 КоАП),1000,оплачен
2091,102,2024-03-01,Проезд на запрещающий сигнал (12.12 ч.1 КоАП),1000,оплачен
2092,378,2024-12-08,Превышение скорости (12.9 ч.2 КоАП),500,оплачен
2093,1188,2024-05-04,Выезд на встречную полосу (12.15 ч.4 КоАП),5000,оплачен
2094,467,2024-03-09,Непристегнутый ремень (12.6 КоАП),1000,оплачен
2095,528,2023-12-14,Нарушение правил парковки (12.19 КоАП),1500,оплачен
2096,1107,2023-06-17,Нарушение правил парковки (12.19 КоАП),1500,не оплачен
2097,481,2025-09-23,Непристегнутый ремень (12.6 КоАП),1000,оплачен
2098,1039,2024-07-05,Превышение скорости (12.9 ч.2 КоАП),500,оплачен
2099,159,2025-07-14,Непристегнутый ремень (12.6 КоАП),1000,оплачен
2100,1169,2023-09-17,Нарушение правил парковки (12.19 КоАП),1500,оплачен
2101,147,2025-01-14,Выезд на встречную полосу (12.15 ч.4 КоАП),5000,оплачен
2102,294,2025-06-20,Нарушение правил парковки (12.19 КоАП),1500,оплачен
2103,738,2024-10-25,Непристегнутый ремень (12.6 КоАП),1000,оплачен
2104,768,2024-02-14,Выезд на встречную полосу (12.15 ч.4 КоАП),5000,оплачен
2105,64,2023-09-03,Нарушение правил парковки (12.19 КоАП),1500,оплачен
2106,596,2025-10-14,Превышение скорости (12.9 ч.2 КоАП),500,не оплачен
2107,53,2025-10-08,Непристегнутый ремень (12.6 КоАП),1000,оплачен
2108,642,2026-02-11,Проезд на запрещающий сигнал (12.12 ч.1 КоАП),1000,оплачен
2109,1191,2025-11-05,Непристегнутый ремень (12.6 КоАП),1000,не оплачен
2110,776,2023-04-26,Проезд на запрещающий сигнал (12.12 ч.1 КоАП),1000,не оплачен
2111,308,2026-03-27,Превышение скорости (12.9 ч.2 КоАП),500,оплачен
2112,159,2025-07-17,Превышение скорости (12.9 ч.2 КоАП),500,не оплачен
2113,1158,2025-04-26,Проезд на запрещающий сигнал (12.12 ч.1 КоАП),1000,оплачен
2114,1123,2023-06-14,Непристегнутый ремень (12.6 КоАП),1000,не оплачен
2115,249,2023-08-06,Непристегнутый ремень (12.6 КоАП),1000,не оплачен
2116,106,2024-08-08,Непристегнутый ремень (12.6 КоАП),1000,оплачен
2117,1066,2024-12-04,Непристегнутый ремень (12.6 КоАП),1000,оплачен
2118,400,2023-10-16,Нарушение правил парковки (12.19 КоАП),1500,не оплачен
2119,500,2025-07-02,Нарушение правил парковки (12.19 КоАП),1500,оплачен
2120,473,2025-04-22,Нарушение правил парковки (12.19 КоАП),1500,оплачен
2121,494,2023-07-21,Превышение скорости (12.9 ч.2 КоАП),500,оплачен
2122,742,2025-12-25,Выезд на встречную полосу (12.15 ч.4 КоАП),5000,оплачен
2123,1036,2026-04-23,Непристегнутый ремень (12.6 КоАП),1000,оплачен
2124,992,2024-01-03,Нарушение правил парковки (12.19 КоАП),1500,оплачен
2125,858,2025-05-03,Выезд на встречную полосу (12.15 ч.4 КоАП),5000,оплачен
2126,1102,2026-04-11,Проезд на запрещающий сигнал (12.12 ч.1 КоАП),1000,оплачен
2127,1198,2024-04-12,Выезд на встречную полосу (12.15 ч.4 КоАП),5000,оплачен
2128,534,2025-12-14,Непристегнутый ремень (12.6 КоАП),1000,не оплачен
2129,643,2023-11-11,Нарушение правил парковки (12.19 КоАП),1500,оплачен
2130,863,2024-06-11,Выезд на встречную полосу (12.15 ч.4 КоАП),5000,оплачен
2131,1180,2024-12-19,Проезд на запрещающий сигнал (12.12 ч.1 КоАП),1000,оплачен
2132,369,2025-04-10,Проезд на запрещающий сигнал (12.12 ч.1 КоАП),1000,не оплачен
2133,342,2025-08-07,Превышение скорости (12.9 ч.2 КоАП),500,оплачен
2134,1136,2024-04-17,Нарушение правил парковки (12.19 КоАП),1500,не оплачен
2135,207,2023-09-09,Выезд на встречную полосу (12.15 ч.4 КоАП),5000,оплачен
2136,884,2024-08-09,Превышение скорости (12.9 ч.2 КоАП),500,оплачен
2137,150,2026-03-30,Проезд на запрещающий сигнал (12.12 ч.1 КоАП),1000,оплачен
2138,795,2024-12-16,Непристегнутый ремень (12.6 КоАП),1000,не оплачен
2139,262,2024-07-02,Нарушение правил парковки (12.19 КоАП),1500,оплачен
2140,495,2023-12-24,Непристегнутый ремень (12.6 КоАП),1000,не оплачен
2141,690,2024-09-23,Превышение скорости (12.9 ч.2 КоАП),500,не оплачен
2142,221,2023-06-07,Нарушение правил парковки (12.19 КоАП),1500,не оплачен
2143,152,2025-06-21,Превышение скорости (12.9 ч.2 КоАП),500,не оплачен
2144,920,2025-07-05,Нарушение правил парковки (12.19 КоАП),1500,не оплачен
2145,893,2024-01-22,Выезд на встречную полосу (12.15 ч.4 КоАП),5000,оплачен
2146,276,2024-04-27,Выезд на встречную полосу (12.15 ч.4 КоАП),5000,не оплачен
2147,1044,2023-11-29,Непристегнутый ремень (12.6 КоАП),1000,оплачен
2148,758,2024-06-08,Превышение скорости (12.9 ч.2 КоАП),500,оплачен
2149,777,2025-12-31,Выезд на встречную полосу (12.15 ч.4 КоАП),5000,оплачен
2150,1042,2024-02-26,Проезд на запрещающий сигнал (12.12 ч.1 КоАП),1000,не оплачен
2151,199,2025-12-18,Нарушение правил парковки (12.19 КоАП),1500,оплачен
2152,699,2025-01-21,Выезд на встречную полосу (12.15 ч.4 КоАП),5000,оплачен
2153,1076,2025-09-27,Непристегнутый ремень (12.6 КоАП),1000,оплачен
2154,585,2025-02-22,Выезд на встречную полосу (12.15 ч.4 КоАП),5000,оплачен
2155,366,2025-12-22,Нарушение правил парковки (12.19 КоАП),1500,не оплачен
2156,432,2024-08-10,Превышение скорости (12.9 ч.2 КоАП),500,оплачен
2157,1178,2026-03-02,Нарушение правил парковки (12.19 КоАП),1500,не оплачен
2158,204,2025-03-19,Нарушение правил парковки (12.19 КоАП),1500,оплачен
2159,243,2026-03-11,Проезд на запрещающий сигнал (12.12 ч.1 КоАП),1000,оплачен
2160,899,2025-05-25,Выезд на встречную полосу (12.15 ч.4 КоАП),5000,оплачен
2161,591,2024-03-19,Проезд на запрещающий сигнал (12.12 ч.1 КоАП),1000,не оплачен
2162,218,2023-12-10,Нарушение правил парковки (12.19 КоАП),1500,не оплачен
2163,289,2024-05-15,Нарушение правил парковки (12.19 КоАП),1500,оплачен
2164,1042,2025-05-27,Непристегнутый ремень (12.6 КоАП),1000,не оплачен
2165,82,2023-12-23,Превышение скорости (12.9 ч.2 КоАП),500,не оплачен
2166,1102,2024-05-25,Непристегнутый ремень (12.6 КоАП),1000,не оплачен
2167,1001,2025-10-28,Превышение скорости (12.9 ч.2 КоАП),500,не оплачен
2168,757,2024-01-04,Превышение скорости (12.9 ч.2 КоАП),500,оплачен
2169,874,2025-11-17,Непристегнутый ремень (12.6 КоАП),1000,не оплачен
2170,259,2024-01-06,Непристегнутый ремень (12.6 КоАП),1000,не оплачен
2171,225,2026-01-26,Нарушение правил парковки (12.19 КоАП),1500,не оплачен
2172,911,2023-09-05,Превышение скорости (12.9 ч.2 КоАП),500,не оплачен
2173,539,2024-05-11,Выезд на встречную полосу (12.15 ч.4 КоАП),5000,оплачен
2174,571,2024-04-16,Проезд на запрещающий сигнал (12.12 ч.1 КоАП),1000,не оплачен
2175,725,2023-11-24,Превышение скорости (12.9 ч.2 КоАП),500,не оплачен
2176,153,2024-08-11,Проезд на запрещающий сигнал (12.12 ч.1 КоАП),1000,оплачен
2177,687,2023-05-02,Непристегнутый ремень (12.6 КоАП),1000,оплачен
2178,152,2024-12-25,Непристегнутый ремень (12.6 КоАП),1000,не оплачен
2179,79,2023-08-13,Нарушение правил парковки (12.19 КоАП),1500,оплачен
2180,651,2025-07-05,Непристегнутый ремень (12.6 КоАП),1000,оплачен
2181,73,2025-01-08,Непристегнутый ремень (12.6 КоАП),1000,не оплачен
2182,504,2026-03-23,Превышение скорости (12.9 ч.2 КоАП),500,оплачен
2183,451,2025-12-03,Выезд на встречную полосу (12.15 ч.4 КоАП),5000,оплачен
2184,963,2026-01-21,Нарушение правил парковки (12.19 КоАП),1500,оплачен
2185,1018,2024-07-15,Проезд на запрещающий сигнал (12.12 ч.1 КоАП),1000,оплачен
2186,182,2025-01-10,Проезд на запрещающий сигнал (12.12 ч.1 КоАП),1000,не оплачен
2187,7,2023-05-25,Проезд на запрещающий сигнал (12.12 ч.1 КоАП),1000,оплачен
2188,1143,2024-10-30,Выезд на встречную полосу (12.15 ч.4 КоАП),5000,оплачен
2189,80,2024-12-29,Проезд на запрещающий сигнал (12.12 ч.1 КоАП),1000,оплачен
2190,779,2025-10-24,Нарушение правил парковки (12.19 КоАП),1500,оплачен
2191,715,2023-12-12,Проезд на запрещающий сигнал (12.12 ч.1 КоАП),1000,оплачен
2192,615,2025-03-19,Проезд на запрещающий сигнал (12.12 ч.1 КоАП),1000,не оплачен
2193,994,2024-05-19,Нарушение правил парковки (12.19 КоАП),1500,оплачен
2194,732,2024-11-20,Выезд на встречную полосу (12.15 ч.4 КоАП),5000,оплачен
2195,198,2023-06-04,Нарушение правил парковки (12.19 КоАП),1500,оплачен
2196,860,2024-11-13,Нарушение правил парковки (12.19 КоАП),1500,не оплачен
2197,507,2026-04-19,Нарушение правил парковки (12.19 КоАП),1500,оплачен
2198,361,2025-01-14,Превышение скорости (12.9 ч.2 КоАП),500,оплачен
2199,233,2025-12-08,Нарушение правил парковки (12.19 КоАП),1500,оплачен
2200,263,2024-10-31,Выезд на встречную полосу (12.15 ч.4 КоАП),5000,не оплачен
2201,1002,2026-02-22,Выезд на встречную полосу (12.15 ч.4 КоАП),5000,оплачен
2202,60,2025-07-15,Проезд на запрещающий сигнал (12.12 ч.1 КоАП),1000,оплачен
2203,441,2024-01-09,Непристегнутый ремень (12.6 КоАП),1000,не оплачен
2204,125,2024-12-07,Выезд на встречную полосу (12.15 ч.4 КоАП),5000,оплачен
2205,536,2023-08-31,Нарушение правил парковки (12.19 КоАП),1500,оплачен
2206,802,2025-02-19,Выезд на встречную полосу (12.15 ч.4 КоАП),5000,не оплачен
2207,817,2025-10-15,Выезд на встречную полосу (12.15 ч.4 КоАП),5000,оплачен
2208,550,2023-09-18,Превышение скорости (12.9 ч.2 КоАП),500,оплачен
2209,696,2024-02-28,Проезд на запрещающий сигнал (12.12 ч.1 КоАП),1000,оплачен
2210,632,2024-06-26,Превышение скорости (12.9 ч.2 КоАП),500,оплачен
2211,1173,2024-04-03,Проезд на запрещающий сигнал (12.12 ч.1 КоАП),1000,не оплачен
2212,423,2025-12-25,Непристегнутый ремень (12.6 КоАП),1000,не оплачен
2213,676,2025-07-13,Превышение скорости (12.9 ч.2 КоАП),500,оплачен
2214,41,2026-03-07,Непристегнутый ремень (12.6 КоАП),1000,не оплачен
2215,777,2023-08-11,Превышение скорости (12.9 ч.2 КоАП),500,оплачен
2216,723,2023-12-22,Нарушение правил парковки (12.19 КоАП),1500,не оплачен
2217,130,2024-10-01,Непристегнутый ремень (12.6 КоАП),1000,оплачен
2218,432,2025-09-10,Непристегнутый ремень (12.6 КоАП),1000,оплачен
2219,322,2023-07-06,Проезд на запрещающий сигнал (12.12 ч.1 КоАП),1000,не оплачен
2220,470,2024-02-06,Выезд на встречную полосу (12.15 ч.4 КоАП),5000,оплачен
2221,766,2024-09-02,Проезд на запрещающий сигнал (12.12 ч.1 КоАП),1000,оплачен
2222,1133,2024-12-22,Проезд на запрещающий сигнал (12.12 ч.1 КоАП),1000,не оплачен
2223,74,2024-01-11,Превышение скорости (12.9 ч.2 КоАП),500,не оплачен
2224,210,2023-08-31,Непристегнутый ремень (12.6 КоАП),1000,оплачен
2225,87,2025-11-10,Выезд на встречную полосу (12.15 ч.4 КоАП),5000,оплачен
2226,50,2025-03-11,Нарушение правил парковки (12.19 КоАП),1500,оплачен
2227,70,2024-06-16,Проезд на запрещающий сигнал (12.12 ч.1 КоАП),1000,оплачен
2228,774,2025-05-01,Превышение скорости (12.9 ч.2 КоАП),500,оплачен
2229,553,2025-03-01,Проезд на запрещающий сигнал (12.12 ч.1 КоАП),1000,не оплачен
2230,152,2023-07-06,Превышение скорости (12.9 ч.2 КоАП),500,оплачен
2231,42,2024-08-01,Выезд на встречную полосу (12.15 ч.4 КоАП),5000,оплачен
2232,311,2024-07-28,Непристегнутый ремень (12.6 КоАП),1000,оплачен
2233,802,2023-07-23,Непристегнутый ремень (12.6 КоАП),1000,оплачен
2234,640,2024-07-28,Непристегнутый ремень (12.6 КоАП),1000,не оплачен
2235,1050,2023-12-08,Выезд на встречную полосу (12.15 ч.4 КоАП),5000,не оплачен
2236,562,2024-06-10,Нарушение правил парковки (12.19 КоАП),1500,оплачен
2237,542,2023-10-09,Превышение скорости (12.9 ч.2 КоАП),500,не оплачен
2238,966,2024-07-15,Непристегнутый ремень (12.6 КоАП),1000,оплачен
2239,191,2023-12-07,Выезд на встречную полосу (12.15 ч.4 КоАП),5000,оплачен
2240,1149,2026-04-04,Выезд на встречную полосу (12.15 ч.4 КоАП),5000,оплачен
2241,1093,2026-03-11,Нарушение правил парковки (12.19 КоАП),1500,оплачен
2242,36,2025-01-30,Выезд на встречную полосу (12.15 ч.4 КоАП),5000,не оплачен
2243,764,2024-08-25,Выезд на встречную полосу (12.15 ч.4 КоАП),5000,не оплачен
2244,927,2024-11-26,Превышение скорости (12.9 ч.2 КоАП),500,оплачен
2245,814,2023-12-20,Превышение скорости (12.9 ч.2 КоАП),500,не оплачен
2246,758,2025-02-08,Выезд на встречную полосу (12.15 ч.4 КоАП),5000,оплачен
2247,637,2023-08-11,Превышение скорости (12.9 ч.2 КоАП),500,оплачен
2248,196,2024-12-27,Превышение скорости (12.9 ч.2 КоАП),500,оплачен
2249,1004,2023-07-18,Проезд на запрещающий сигнал (12.12 ч.1 КоАП),1000,оплачен
2250,290,2024-05-26,Превышение скорости (12.9 ч.2 КоАП),500,оплачен
2251,1072,2025-01-10,Выезд на встречную полосу (12.15 ч.4 КоАП),5000,не оплачен
2252,477,2024-07-28,Непристегнутый ремень (12.6 КоАП),1000,оплачен
2253,517,2024-05-10,Выезд на встречную полосу (12.15 ч.4 КоАП),5000,оплачен
2254,309,2023-06-04,Нарушение правил парковки (12.19 КоАП),1500,оплачен
2255,833,2023-06-05,Непристегнутый ремень (12.6 КоАП),1000,не оплачен
2256,429,2025-03-05,Нарушение правил парковки (12.19 КоАП),1500,не оплачен
2257,1118,2023-12-28,Выезд на встречную полосу (12.15 ч.4 КоАП),5000,оплачен
2258,660,2024-08-10,Проезд на запрещающий сигнал (12.12 ч.1 КоАП),1000,оплачен
2259,1054,2025-04-12,Выезд на встречную полосу (12.15 ч.4 КоАП),5000,оплачен
2260,216,2024-12-25,Превышение скорости (12.9 ч.2 КоАП),500,оплачен
2261,770,2024-12-15,Превышение скорости (12.9 ч.2 КоАП),500,оплачен
2262,332,2026-03-30,Превышение скорости (12.9 ч.2 КоАП),500,оплачен
2263,341,2023-05-09,Превышение скорости (12.9 ч.2 КоАП),500,оплачен
2264,80,2024-10-29,Превышение скорости (12.9 ч.2 КоАП),500,не оплачен
2265,350,2024-03-27,Выезд на встречную полосу (12.15 ч.4 КоАП),5000,оплачен
2266,998,2023-08-13,Непристегнутый ремень (12.6 КоАП),1000,оплачен
2267,857,2024-03-27,Непристегнутый ремень (12.6 КоАП),1000,оплачен
2268,241,2025-12-07,Нарушение правил парковки (12.19 КоАП),1500,оплачен
2269,556,2026-04-20,Нарушение правил парковки (12.19 КоАП),1500,оплачен
2270,762,2025-05-09,Непристегнутый ремень (12.6 КоАП),1000,оплачен
2271,290,2025-07-23,Проезд на запрещающий сигнал (12.12 ч.1 КоАП),1000,оплачен
2272,761,2024-03-14,Проезд на запрещающий сигнал (12.12 ч.1 КоАП),1000,оплачен
2273,967,2025-04-11,Нарушение правил парковки (12.19 КоАП),1500,оплачен
2274,278,2024-07-08,Нарушение правил парковки (12.19 КоАП),1500,оплачен
2275,21,2025-05-05,Выезд на встречную полосу (12.15 ч.4 КоАП),5000,оплачен
2276,308,2024-11-28,Проезд на запрещающий сигнал (12.12 ч.1 КоАП),1000,оплачен
2277,639,2024-12-04,Превышение скорости (12.9 ч.2 КоАП),500,не оплачен
2278,193,2025-11-16,Проезд на запрещающий сигнал (12.12 ч.1 КоАП),1000,оплачен
2279,194,2024-04-06,Нарушение правил парковки (12.19 КоАП),1500,оплачен
2280,321,2025-05-28,Выезд на встречную полосу (12.15 ч.4 КоАП),5000,оплачен
2281,463,2025-04-26,Непристегнутый ремень (12.6 КоАП),1000,оплачен
2282,395,2025-05-11,Превышение скорости (12.9 ч.2 КоАП),500,оплачен
2283,1197,2024-02-06,Выезд на встречную полосу (12.15 ч.4 КоАП),5000,не оплачен
2284,826,2024-08-10,Нарушение правил парковки (12.19 КоАП),1500,не оплачен
2285,1109,2024-01-22,Непристегнутый ремень (12.6 КоАП),1000,оплачен
2286,159,2024-05-27,Проезд на запрещающий сигнал (12.12 ч.1 КоАП),1000,оплачен
2287,444,2024-01-11,Превышение скорости (12.9 ч.2 КоАП),500,оплачен
2288,1155,2025-05-12,Нарушение правил парковки (12.19 КоАП),1500,оплачен
2289,785,2025-06-24,Непристегнутый ремень (12.6 КоАП),1000,оплачен
2290,568,2024-08-20,Непристегнутый ремень (12.6 КоАП),1000,не оплачен
2291,970,2026-04-02,Непристегнутый ремень (12.6 КоАП),1000,оплачен
2292,475,2023-08-14,Превышение скорости (12.9 ч.2 КоАП),500,не оплачен
2293,301,2024-01-22,Превышение скорости (12.9 ч.2 КоАП),500,оплачен
2294,1,2025-08-08,Выезд на встречную полосу (12.15 ч.4 КоАП),5000,оплачен
2295,281,2026-02-23,Превышение скорости (12.9 ч.2 КоАП),500,оплачен
2296,872,2025-05-26,Выезд на встречную полосу (12.15 ч.4 КоАП),5000,оплачен
2297,620,2026-01-12,Нарушение правил парковки (12.19 КоАП),1500,оплачен
2298,494,2025-01-23,Превышение скорости (12.9 ч.2 КоАП),500,оплачен
2299,790,2023-10-05,Выезд на встречную полосу (12.15 ч.4 КоАП),5000,не оплачен
2300,639,2023-11-17,Нарушение правил парковки (12.19 КоАП),1500,не оплачен
2301,1087,2025-06-15,Нарушение правил парковки (12.19 КоАП),1500,оплачен
2302,439,2023-12-04,Непристегнутый ремень (12.6 КоАП),1000,не оплачен
2303,293,2025-02-14,Нарушение правил парковки (12.19 КоАП),1500,не оплачен
2304,905,2023-10-05,Непристегнутый ремень (12.6 КоАП),1000,оплачен
2305,247,2023-12-27,Нарушение правил парковки (12.19 КоАП),1500,оплачен
2306,714,2024-07-01,Выезд на встречную полосу (12.15 ч.4 КоАП),5000,оплачен
2307,955,2025-10-16,Нарушение правил парковки (12.19 КоАП),1500,не оплачен
2308,869,2025-11-30,Нарушение правил парковки (12.19 КоАП),1500,оплачен
2309,392,2025-08-31,Непристегнутый ремень (12.6 КоАП),1000,оплачен
2310,22,2025-04-10,Проезд на запрещающий сигнал (12.12 ч.1 КоАП),1000,оплачен
2311,1078,2025-03-20,Нарушение правил парковки (12.19 КоАП),1500,оплачен
2312,636,2025-11-25,Непристегнутый ремень (12.6 КоАП),1000,оплачен
2313,520,2025-09-21,Нарушение правил парковки (12.19 КоАП),1500,оплачен
2314,560,2025-11-11,Превышение скорости (12.9 ч.2 КоАП),500,оплачен
2315,981,2024-07-12,Нарушение правил парковки (12.19 КоАП),1500,оплачен
2316,562,2026-02-10,Нарушение правил парковки (12.19 КоАП),1500,оплачен
2317,63,2025-06-16,Непристегнутый ремень (12.6 КоАП),1000,не оплачен
2318,931,2023-08-15,Выезд на встречную полосу (12.15 ч.4 КоАП),5000,оплачен
2319,1118,2025-10-15,Выезд на встречную полосу (12.15 ч.4 КоАП),5000,не оплачен
2320,757,2024-08-20,Превышение скорости (12.9 ч.2 КоАП),500,оплачен
2321,363,2026-04-04,Проезд на запрещающий сигнал (12.12 ч.1 КоАП),1000,не оплачен
2322,170,2023-06-20,Проезд на запрещающий сигнал (12.12 ч.1 КоАП),1000,оплачен
2323,115,2025-01-15,Превышение скорости (12.9 ч.2 КоАП),500,оплачен
2324,644,2025-08-27,Превышение скорости (12.9 ч.2 КоАП),500,оплачен
2325,569,2023-10-30,Непристегнутый ремень (12.6 КоАП),1000,не оплачен
2326,35,2024-01-24,Проезд на запрещающий сигнал (12.12 ч.1 КоАП),1000,оплачен
2327,347,2025-04-04,Нарушение правил парковки (12.19 КоАП),1500,не оплачен
2328,751,2024-10-14,Непристегнутый ремень (12.6 КоАП),1000,оплачен
2329,853,2025-01-07,Выезд на встречную полосу (12.15 ч.4 КоАП),5000,не оплачен
2330,134,2023-09-11,Превышение скорости (12.9 ч.2 КоАП),500,оплачен
2331,303,2023-05-10,Непристегнутый ремень (12.6 КоАП),1000,не оплачен
2332,354,2024-07-24,Превышение скорости (12.9 ч.2 КоАП),500,оплачен
2333,407,2023-06-20,Нарушение правил парковки (12.19 КоАП),1500,оплачен
2334,355,2025-09-08,Выезд на встречную полосу (12.15 ч.4 КоАП),5000,оплачен
2335,638,2025-02-12,Превышение скорости (12.9 ч.2 КоАП),500,оплачен
2336,242,2025-04-26,Нарушение правил парковки (12.19 КоАП),1500,оплачен
2337,177,2024-02-09,Непристегнутый ремень (12.6 КоАП),1000,оплачен
2338,181,2023-12-02,Выезд на встречную полосу (12.15 ч.4 КоАП),5000,оплачен
2339,374,2024-09-07,Превышение скорости (12.9 ч.2 КоАП),500,не оплачен
2340,651,2025-07-11,Проезд на запрещающий сигнал (12.12 ч.1 КоАП),1000,оплачен
2341,347,2024-12-24,Превышение скорости (12.9 ч.2 КоАП),500,не оплачен
2342,768,2025-06-13,Проезд на запрещающий сигнал (12.12 ч.1 КоАП),1000,оплачен
2343,631,2024-06-10,Проезд на запрещающий сигнал (12.12 ч.1 КоАП),1000,не оплачен
2344,272,2025-07-10,Проезд на запрещающий сигнал (12.12 ч.1 КоАП),1000,оплачен
2345,588,2023-08-13,Выезд на встречную полосу (12.15 ч.4 КоАП),5000,оплачен
2346,1158,2023-06-09,Проезд на запрещающий сигнал (12.12 ч.1 КоАП),1000,оплачен
2347,386,2024-12-01,Проезд на запрещающий сигнал (12.12 ч.1 КоАП),1000,оплачен
2348,363,2023-12-28,Проезд на запрещающий сигнал (12.12 ч.1 КоАП),1000,не оплачен
2349,901,2024-06-25,Нарушение правил парковки (12.19 КоАП),1500,оплачен
2350,728,2025-04-07,Выезд на встречную полосу (12.15 ч.4 КоАП),5000,оплачен
2351,1072,2023-08-17,Нарушение правил парковки (12.19 КоАП),1500,оплачен
2352,76,2024-12-15,Проезд на запрещающий сигнал (12.12 ч.1 КоАП),1000,не оплачен
2353,790,2024-10-14,Непристегнутый ремень (12.6 КоАП),1000,оплачен
2354,432,2024-12-22,Непристегнутый ремень (12.6 КоАП),1000,не оплачен
2355,711,2025-12-05,Выезд на встречную полосу (12.15 ч.4 КоАП),5000,оплачен
2356,425,2024-02-19,Нарушение правил парковки (12.19 КоАП),1500,оплачен
2357,1130,2025-12-26,Непристегнутый ремень (12.6 КоАП),1000,не оплачен
2358,186,2026-04-13,Нарушение правил парковки (12.19 КоАП),1500,оплачен
2359,529,2025-08-02,Проезд на запрещающий сигнал (12.12 ч.1 КоАП),1000,оплачен
2360,65,2025-02-03,Нарушение правил парковки (12.19 КоАП),1500,не оплачен
2361,382,2024-08-28,Непристегнутый ремень (12.6 КоАП),1000,оплачен
2362,662,2023-08-10,Выезд на встречную полосу (12.15 ч.4 КоАП),5000,оплачен
2363,70,2024-02-01,Выезд на встречную полосу (12.15 ч.4 КоАП),5000,оплачен
2364,735,2023-06-02,Превышение скорости (12.9 ч.2 КоАП),500,не оплачен
2365,326,2024-09-27,Превышение скорости (12.9 ч.2 КоАП),500,оплачен
2366,690,2024-06-05,Нарушение правил парковки (12.19 КоАП),1500,оплачен
2367,384,2023-10-13,Превышение скорости (12.9 ч.2 КоАП),500,не оплачен
2368,334,2024-10-26,Нарушение правил парковки (12.19 КоАП),1500,оплачен
2369,45,2023-11-10,Проезд на запрещающий сигнал (12.12 ч.1 КоАП),1000,оплачен
2370,935,2025-06-12,Непристегнутый ремень (12.6 КоАП),1000,оплачен
2371,818,2023-06-03,Выезд на встречную полосу (12.15 ч.4 КоАП),5000,оплачен
2372,518,2025-05-14,Проезд на запрещающий сигнал (12.12 ч.1 КоАП),1000,не оплачен
2373,692,2025-06-10,Непристегнутый ремень (12.6 КоАП),1000,оплачен
2374,615,2025-02-06,Выезд на встречную полосу (12.15 ч.4 КоАП),5000,оплачен
2375,1039,2024-08-01,Проезд на запрещающий сигнал (12.12 ч.1 КоАП),1000,оплачен
2376,552,2025-04-14,Выезд на встречную полосу (12.15 ч.4 КоАП),5000,не оплачен
2377,59,2025-05-14,Выезд на встречную полосу (12.15 ч.4 КоАП),5000,оплачен
2378,616,2023-05-06,Проезд на запрещающий сигнал (12.12 ч.1 КоАП),1000,не оплачен
2379,407,2023-10-17,Непристегнутый ремень (12.6 КоАП),1000,не оплачен
2380,286,2025-02-04,Непристегнутый ремень (12.6 КоАП),1000,оплачен
2381,111,2025-10-12,Нарушение правил парковки (12.19 КоАП),1500,не оплачен
2382,290,2024-11-27,Нарушение правил парковки (12.19 КоАП),1500,не оплачен
2383,811,2023-11-25,Выезд на встречную полосу (12.15 ч.4 КоАП),5000,оплачен
2384,303,2023-05-19,Превышение скорости (12.9 ч.2 КоАП),500,оплачен
2385,618,2023-12-14,Проезд на запрещающий сигнал (12.12 ч.1 КоАП),1000,оплачен
2386,484,2026-02-17,Проезд на запрещающий сигнал (12.12 ч.1 КоАП),1000,не оплачен
2387,185,2024-04-29,Выезд на встречную полосу (12.15 ч.4 КоАП),5000,не оплачен
2388,1138,2024-02-17,Проезд на запрещающий сигнал (12.12 ч.1 КоАП),1000,не оплачен
2389,11,2024-12-04,Нарушение правил парковки (12.19 КоАП),1500,оплачен
2390,205,2023-11-04,Нарушение правил парковки (12.19 КоАП),1500,оплачен
2391,436,2025-05-26,Выезд на встречную полосу (12.15 ч.4 КоАП),5000,не оплачен
2392,950,2023-06-10,Выезд на встречную полосу (12.15 ч.4 КоАП),5000,не оплачен
2393,794,2025-01-04,Превышение скорости (12.9 ч.2 КоАП),500,оплачен
2394,819,2024-11-20,Проезд на запрещающий сигнал (12.12 ч.1 КоАП),1000,не оплачен
2395,870,2024-05-07,Нарушение правил парковки (12.19 КоАП),1500,оплачен
2396,147,2026-03-05,Непристегнутый ремень (12.6 КоАП),1000,оплачен
2397,56,2025-09-09,Непристегнутый ремень (12.6 КоАП),1000,оплачен
2398,365,2023-08-14,Непристегнутый ремень (12.6 КоАП),1000,не оплачен
2399,742,2024-03-12,Нарушение правил парковки (12.19 КоАП),1500,оплачен
2400,816,2025-04-26,Превышение скорости (12.9 ч.2 КоАП),500,не оплачен
2401,283,2025-08-09,Проезд на запрещающий сигнал (12.12 ч.1 КоАП),1000,оплачен
2402,433,2025-10-31,Превышение скорости (12.9 ч.2 КоАП),500,оплачен
2403,696,2024-09-19,Превышение скорости (12.9 ч.2 КоАП),500,оплачен
2404,872,2024-12-15,Проезд на запрещающий сигнал (12.12 ч.1 КоАП),1000,оплачен
2405,793,2026-03-30,Нарушение правил парковки (12.19 КоАП),1500,оплачен
2406,72,2023-11-23,Выезд на встречную полосу (12.15 ч.4 КоАП),5000,оплачен
2407,368,2024-03-02,Выезд на встречную полосу (12.15 ч.4 КоАП),5000,оплачен
2408,218,2024-09-14,Непристегнутый ремень (12.6 КоАП),1000,оплачен
2409,710,2024-07-24,Превышение скорости (12.9 ч.2 КоАП),500,оплачен
2410,829,2024-04-08,Превышение скорости (12.9 ч.2 КоАП),500,не оплачен
2411,330,2024-11-11,Превышение скорости (12.9 ч.2 КоАП),500,оплачен
2412,1039,2026-01-27,Непристегнутый ремень (12.6 КоАП),1000,оплачен
2413,24,2023-08-07,Выезд на встречную полосу (12.15 ч.4 КоАП),5000,оплачен
2414,866,2024-01-01,Выезд на встречную полосу (12.15 ч.4 КоАП),5000,не оплачен
2415,871,2025-10-24,Нарушение правил парковки (12.19 КоАП),1500,оплачен
2416,923,2023-05-23,Превышение скорости (12.9 ч.2 КоАП),500,оплачен
2417,687,2024-08-19,Выезд на встречную полосу (12.15 ч.4 КоАП),5000,не оплачен
2418,229,2024-11-02,Нарушение правил парковки (12.19 КоАП),1500,не оплачен
2419,1089,2025-08-17,Выезд на встречную полосу (12.15 ч.4 КоАП),5000,не оплачен
2420,308,2025-09-19,Превышение скорости (12.9 ч.2 КоАП),500,оплачен
2421,529,2025-01-28,Непристегнутый ремень (12.6 КоАП),1000,оплачен
2422,932,2024-03-29,Непристегнутый ремень (12.6 КоАП),1000,оплачен
2423,577,2025-08-27,Выезд на встречную полосу (12.15 ч.4 КоАП),5000,оплачен
2424,943,2024-10-24,Выезд на встречную полосу (12.15 ч.4 КоАП),5000,оплачен
2425,757,2025-11-15,Непристегнутый ремень (12.6 КоАП),1000,оплачен
2426,607,2024-11-09,Нарушение правил парковки (12.19 КоАП),1500,не оплачен
2427,1112,2023-11-24,Превышение скорости (12.9 ч.2 КоАП),500,оплачен
2428,731,2024-07-17,Нарушение правил парковки (12.19 КоАП),1500,оплачен
2429,665,2023-07-07,Выезд на встречную полосу (12.15 ч.4 КоАП),5000,оплачен
2430,229,2024-10-02,Превышение скорости (12.9 ч.2 КоАП),500,оплачен
2431,1089,2023-06-23,Превышение скорости (12.9 ч.2 КоАП),500,не оплачен
2432,359,2023-07-21,Проезд на запрещающий сигнал (12.12 ч.1 КоАП),1000,оплачен
2433,259,2024-06-28,Превышение скорости (12.9 ч.2 КоАП),500,не оплачен
2434,883,2024-08-26,Выезд на встречную полосу (12.15 ч.4 КоАП),5000,не оплачен
2435,939,2023-09-07,Нарушение правил парковки (12.19 КоАП),1500,оплачен
2436,1073,2023-05-28,Проезд на запрещающий сигнал (12.12 ч.1 КоАП),1000,оплачен
2437,157,2025-01-03,Превышение скорости (12.9 ч.2 КоАП),500,оплачен
2438,301,2026-01-16,Превышение скорости (12.9 ч.2 КоАП),500,оплачен
2439,783,2024-12-06,Превышение скорости (12.9 ч.2 КоАП),500,оплачен
2440,692,2025-01-15,Превышение скорости (12.9 ч.2 КоАП),500,не оплачен
2441,866,2023-05-13,Нарушение правил парковки (12.19 КоАП),1500,оплачен
2442,527,2024-11-24,Проезд на запрещающий сигнал (12.12 ч.1 КоАП),1000,не оплачен
2443,888,2025-09-03,Превышение скорости (12.9 ч.2 КоАП),500,не оплачен
2444,1170,2025-06-29,Проезд на запрещающий сигнал (12.12 ч.1 КоАП),1000,оплачен
2445,1053,2023-07-01,Нарушение правил парковки (12.19 КоАП),1500,оплачен
2446,101,2025-10-08,Проезд на запрещающий сигнал (12.12 ч.1 КоАП),1000,оплачен
2447,441,2024-08-26,Выезд на встречную полосу (12.15 ч.4 КоАП),5000,не оплачен
2448,563,2025-09-23,Выезд на встречную полосу (12.15 ч.4 КоАП),5000,не оплачен
2449,567,2023-12-22,Проезд на запрещающий сигнал (12.12 ч.1 КоАП),1000,оплачен
2450,817,2026-01-14,Превышение скорости (12.9 ч.2 КоАП),500,не оплачен
2451,559,2024-06-02,Нарушение правил парковки (12.19 КоАП),1500,оплачен
2452,39,2024-03-16,Проезд на запрещающий сигнал (12.12 ч.1 КоАП),1000,не оплачен
2453,563,2025-10-09,Проезд на запрещающий сигнал (12.12 ч.1 КоАП),1000,оплачен
2454,652,2026-01-11,Непристегнутый ремень (12.6 КоАП),1000,оплачен
2455,38,2026-02-01,Проезд на запрещающий сигнал (12.12 ч.1 КоАП),1000,не оплачен
2456,131,2025-06-14,Проезд на запрещающий сигнал (12.12 ч.1 КоАП),1000,оплачен
2457,944,2023-09-03,Непристегнутый ремень (12.6 КоАП),1000,оплачен
2458,674,2024-09-28,Непристегнутый ремень (12.6 КоАП),1000,оплачен
2459,1143,2025-07-19,Выезд на встречную полосу (12.15 ч.4 КоАП),5000,оплачен
2460,655,2025-12-21,Нарушение правил парковки (12.19 КоАП),1500,оплачен
2461,311,2025-06-26,Выезд на встречную полосу (12.15 ч.4 КоАП),5000,оплачен
2462,432,2024-05-10,Выезд на встречную полосу (12.15 ч.4 КоАП),5000,оплачен
2463,799,2024-01-02,Проезд на запрещающий сигнал (12.12 ч.1 КоАП),1000,оплачен
2464,1171,2023-12-21,Превышение скорости (12.9 ч.2 КоАП),500,не оплачен
2465,1150,2024-11-26,Выезд на встречную полосу (12.15 ч.4 КоАП),5000,не оплачен
2466,426,2025-05-22,Превышение скорости (12.9 ч.2 КоАП),500,не оплачен
2467,757,2023-07-20,Непристегнутый ремень (12.6 КоАП),1000,оплачен
2468,925,2024-01-10,Нарушение правил парковки (12.19 КоАП),1500,оплачен
2469,320,2023-10-13,Превышение скорости (12.9 ч.2 КоАП),500,оплачен
2470,721,2023-10-07,Проезд на запрещающий сигнал (12.12 ч.1 КоАП),1000,оплачен
2471,48,2025-01-22,Выезд на встречную полосу (12.15 ч.4 КоАП),5000,не оплачен
2472,1140,2025-08-14,Нарушение правил парковки (12.19 КоАП),1500,не оплачен
2473,769,2024-12-20,Проезд на запрещающий сигнал (12.12 ч.1 КоАП),1000,не оплачен
2474,776,2025-01-08,Проезд на запрещающий сигнал (12.12 ч.1 КоАП),1000,оплачен
2475,199,2026-02-19,Превышение скорости (12.9 ч.2 КоАП),500,оплачен
2476,227,2023-06-30,Проезд на запрещающий сигнал (12.12 ч.1 КоАП),1000,оплачен
2477,326,2023-12-29,Проезд на запрещающий сигнал (12.12 ч.1 КоАП),1000,не оплачен
2478,1127,2025-08-08,Выезд на встречную полосу (12.15 ч.4 КоАП),5000,оплачен
2479,857,2025-11-25,Проезд на запрещающий сигнал (12.12 ч.1 КоАП),1000,не оплачен
2480,655,2026-02-23,Нарушение правил парковки (12.19 КоАП),1500,не оплачен
2481,651,2026-04-16,Превышение скорости (12.9 ч.2 КоАП),500,оплачен
2482,804,2024-01-31,Непристегнутый ремень (12.6 КоАП),1000,оплачен
2483,1014,2025-07-17,Выезд на встречную полосу (12.15 ч.4 КоАП),5000,не оплачен
2484,921,2023-09-16,Нарушение правил парковки (12.19 КоАП),1500,оплачен
2485,820,2024-05-27,Проезд на запрещающий сигнал (12.12 ч.1 КоАП),1000,оплачен
2486,685,2025-12-03,Непристегнутый ремень (12.6 КоАП),1000,не оплачен
2487,202,2025-06-17,Проезд на запрещающий сигнал (12.12 ч.1 КоАП),1000,оплачен
2488,857,2025-11-20,Выезд на встречную полосу (12.15 ч.4 КоАП),5000,оплачен
2489,460,2024-12-25,Превышение скорости (12.9 ч.2 КоАП),500,оплачен
2490,1031,2024-10-18,Непристегнутый ремень (12.6 КоАП),1000,не оплачен
2491,1169,2025-02-26,Непристегнутый ремень (12.6 КоАП),1000,не оплачен
2492,666,2026-02-07,Превышение скорости (12.9 ч.2 КоАП),500,оплачен
2493,1166,2025-10-25,Проезд на запрещающий сигнал (12.12 ч.1 КоАП),1000,оплачен
2494,759,2026-02-15,Превышение скорости (12.9 ч.2 КоАП),500,оплачен
2495,798,2023-09-17,Непристегнутый ремень (12.6 КоАП),1000,оплачен
2496,331,2025-05-12,Проезд на запрещающий сигнал (12.12 ч.1 КоАП),1000,оплачен
2497,359,2025-08-28,Проезд на запрещающий сигнал (12.12 ч.1 КоАП),1000,оплачен
2498,661,2023-10-12,Проезд на запрещающий сигнал (12.12 ч.1 КоАП),1000,оплачен
2499,64,2024-11-12,Превышение скорости (12.9 ч.2 КоАП),500,оплачен
2500,941,2024-05-29,Выезд на встречную полосу (12.15 ч.4 КоАП),5000,оплачен
2501,909,2026-03-08,Непристегнутый ремень (12.6 КоАП),1000,не оплачен
2502,945,2025-08-29,Проезд на запрещающий сигнал (12.12 ч.1 КоАП),1000,оплачен
2503,679,2026-04-13,Превышение скорости (12.9 ч.2 КоАП),500,не оплачен
2504,502,2024-02-10,Проезд на запрещающий сигнал (12.12 ч.1 КоАП),1000,оплачен
2505,15,2024-12-10,Превышение скорости (12.9 ч.2 КоАП),500,не оплачен
2506,1065,2023-09-05,Выезд на встречную полосу (12.15 ч.4 КоАП),5000,не оплачен
2507,145,2023-08-09,Выезд на встречную полосу (12.15 ч.4 КоАП),5000,не оплачен
2508,1101,2024-08-26,Нарушение правил парковки (12.19 КоАП),1500,оплачен
2509,1094,2024-05-02,Непристегнутый ремень (12.6 КоАП),1000,не оплачен
2510,985,2025-09-06,Выезд на встречную полосу (12.15 ч.4 КоАП),5000,не оплачен
2511,600,2024-03-31,Превышение скорости (12.9 ч.2 КоАП),500,не оплачен
2512,745,2024-04-03,Превышение скорости (12.9 ч.2 КоАП),500,оплачен
2513,902,2024-11-30,Непристегнутый ремень (12.6 КоАП),1000,оплачен
2514,213,2024-12-17,Превышение скорости (12.9 ч.2 КоАП),500,оплачен
2515,1188,2026-01-11,Нарушение правил парковки (12.19 КоАП),1500,не оплачен
2516,347,2024-08-10,Превышение скорости (12.9 ч.2 КоАП),500,оплачен
2517,291,2024-07-09,Нарушение правил парковки (12.19 КоАП),1500,не оплачен
2518,431,2025-10-27,Выезд на встречную полосу (12.15 ч.4 КоАП),5000,оплачен
2519,152,2024-02-23,Нарушение правил парковки (12.19 КоАП),1500,оплачен
2520,502,2024-07-06,Выезд на встречную полосу (12.15 ч.4 КоАП),5000,не оплачен
2521,605,2025-04-17,Нарушение правил парковки (12.19 КоАП),1500,оплачен
2522,923,2026-04-16,Нарушение правил парковки (12.19 КоАП),1500,оплачен
2523,564,2024-07-05,Непристегнутый ремень (12.6 КоАП),1000,оплачен
2524,304,2024-04-13,Проезд на запрещающий сигнал (12.12 ч.1 КоАП),1000,оплачен
2525,453,2023-07-14,Превышение скорости (12.9 ч.2 КоАП),500,не оплачен
2526,743,2024-04-19,Непристегнутый ремень (12.6 КоАП),1000,не оплачен
2527,325,2024-07-24,Нарушение правил парковки (12.19 КоАП),1500,оплачен
2528,974,2026-01-16,Нарушение правил парковки (12.19 КоАП),1500,не оплачен
2529,317,2023-11-30,Нарушение правил парковки (12.19 КоАП),1500,не оплачен
2530,301,2025-02-20,Проезд на запрещающий сигнал (12.12 ч.1 КоАП),1000,оплачен
2531,527,2025-04-16,Выезд на встречную полосу (12.15 ч.4 КоАП),5000,оплачен
2532,434,2025-08-21,Превышение скорости (12.9 ч.2 КоАП),500,оплачен
2533,1197,2024-06-13,Проезд на запрещающий сигнал (12.12 ч.1 КоАП),1000,оплачен
2534,1042,2024-10-04,Нарушение правил парковки (12.19 КоАП),1500,не оплачен
2535,832,2024-12-28,Непристегнутый ремень (12.6 КоАП),1000,оплачен
2536,705,2025-02-26,Проезд на запрещающий сигнал (12.12 ч.1 КоАП),1000,оплачен
2537,1027,2023-08-02,Непристегнутый ремень (12.6 КоАП),1000,оплачен
2538,775,2023-10-10,Нарушение правил парковки (12.19 КоАП),1500,не оплачен
2539,347,2024-09-16,Выезд на встречную полосу (12.15 ч.4 КоАП),5000,не оплачен
2540,360,2024-10-18,Выезд на встречную полосу (12.15 ч.4 КоАП),5000,оплачен
2541,30,2025-01-02,Выезд на встречную полосу (12.15 ч.4 КоАП),5000,оплачен
2542,702,2025-09-13,Превышение скорости (12.9 ч.2 КоАП),500,оплачен
2543,460,2026-01-20,Проезд на запрещающий сигнал (12.12 ч.1 КоАП),1000,оплачен
2544,245,2023-08-21,Непристегнутый ремень (12.6 КоАП),1000,оплачен
2545,1022,2025-01-18,Нарушение правил парковки (12.19 КоАП),1500,оплачен
2546,1074,2023-04-29,Превышение скорости (12.9 ч.2 КоАП),500,не оплачен
2547,745,2025-11-05,Проезд на запрещающий сигнал (12.12 ч.1 КоАП),1000,оплачен
2548,203,2024-12-08,Выезд на встречную полосу (12.15 ч.4 КоАП),5000,не оплачен
2549,138,2024-08-13,Непристегнутый ремень (12.6 КоАП),1000,оплачен
2550,1102,2026-03-02,Непристегнутый ремень (12.6 КоАП),1000,не оплачен
2551,915,2023-07-22,Превышение скорости (12.9 ч.2 КоАП),500,оплачен
2552,502,2024-11-18,Проезд на запрещающий сигнал (12.12 ч.1 КоАП),1000,оплачен
2553,502,2025-03-05,Проезд на запрещающий сигнал (12.12 ч.1 КоАП),1000,оплачен
2554,364,2025-06-26,Выезд на встречную полосу (12.15 ч.4 КоАП),5000,оплачен
2555,545,2025-05-29,Непристегнутый ремень (12.6 КоАП),1000,оплачен
2556,390,2025-02-16,Превышение скорости (12.9 ч.2 КоАП),500,не оплачен
2557,272,2025-01-31,Превышение скорости (12.9 ч.2 КоАП),500,оплачен
2558,426,2023-06-05,Превышение скорости (12.9 ч.2 КоАП),500,оплачен
2559,1191,2023-08-20,Непристегнутый ремень (12.6 КоАП),1000,оплачен
2560,1100,2025-04-24,Превышение скорости (12.9 ч.2 КоАП),500,не оплачен
2561,654,2025-08-17,Превышение скорости (12.9 ч.2 КоАП),500,не оплачен
2562,403,2023-12-24,Превышение скорости (12.9 ч.2 КоАП),500,оплачен
2563,171,2026-03-09,Выезд на встречную полосу (12.15 ч.4 КоАП),5000,оплачен
2564,1111,2025-12-16,Превышение скорости (12.9 ч.2 КоАП),500,оплачен
2565,998,2024-12-05,Непристегнутый ремень (12.6 КоАП),1000,оплачен
2566,1192,2023-09-20,Превышение скорости (12.9 ч.2 КоАП),500,оплачен
2567,907,2024-07-08,Превышение скорости (12.9 ч.2 КоАП),500,не оплачен
2568,935,2025-12-25,Проезд на запрещающий сигнал (12.12 ч.1 КоАП),1000,не оплачен
2569,834,2025-04-24,Нарушение правил парковки (12.19 КоАП),1500,оплачен
2570,362,2024-04-11,Выезд на встречную полосу (12.15 ч.4 КоАП),5000,оплачен
2571,1054,2023-05-20,Выезд на встречную полосу (12.15 ч.4 КоАП),5000,оплачен
2572,542,2025-03-26,Нарушение правил парковки (12.19 КоАП),1500,не оплачен
2573,699,2024-07-21,Проезд на запрещающий сигнал (12.12 ч.1 КоАП),1000,оплачен
2574,1031,2025-08-11,Непристегнутый ремень (12.6 КоАП),1000,оплачен
2575,229,2023-06-07,Выезд на встречную полосу (12.15 ч.4 КоАП),5000,не оплачен
2576,999,2023-12-12,Проезд на запрещающий сигнал (12.12 ч.1 КоАП),1000,оплачен
2577,964,2025-04-01,Непристегнутый ремень (12.6 КоАП),1000,оплачен
2578,135,2025-11-08,Проезд на запрещающий сигнал (12.12 ч.1 КоАП),1000,не оплачен
2579,194,2025-06-05,Нарушение правил парковки (12.19 КоАП),1500,не оплачен
2580,702,2026-04-15,Выезд на встречную полосу (12.15 ч.4 КоАП),5000,оплачен
2581,375,2023-11-17,Непристегнутый ремень (12.6 КоАП),1000,оплачен
2582,475,2025-06-02,Превышение скорости (12.9 ч.2 КоАП),500,оплачен
2583,626,2024-03-03,Непристегнутый ремень (12.6 КоАП),1000,оплачен
2584,967,2023-05-13,Непристегнутый ремень (12.6 КоАП),1000,оплачен
2585,431,2023-10-14,Нарушение правил парковки (12.19 КоАП),1500,оплачен
2586,664,2025-10-22,Проезд на запрещающий сигнал (12.12 ч.1 КоАП),1000,оплачен
2587,352,2025-12-03,Выезд на встречную полосу (12.15 ч.4 КоАП),5000,не оплачен
2588,322,2025-02-15,Непристегнутый ремень (12.6 КоАП),1000,оплачен
2589,971,2025-12-19,Непристегнутый ремень (12.6 КоАП),1000,оплачен
2590,552,2025-10-18,Выезд на встречную полосу (12.15 ч.4 КоАП),5000,оплачен
2591,967,2024-08-09,Нарушение правил парковки (12.19 КоАП),1500,не оплачен
2592,760,2024-12-28,Нарушение правил парковки (12.19 КоАП),1500,оплачен
2593,725,2024-11-23,Нарушение правил парковки (12.19 КоАП),1500,не оплачен
2594,922,2023-12-16,Нарушение правил парковки (12.19 КоАП),1500,оплачен
2595,806,2023-10-05,Непристегнутый ремень (12.6 КоАП),1000,не оплачен
2596,828,2025-05-01,Превышение скорости (12.9 ч.2 КоАП),500,оплачен
2597,725,2024-07-20,Выезд на встречную полосу (12.15 ч.4 КоАП),5000,оплачен
2598,936,2024-11-21,Проезд на запрещающий сигнал (12.12 ч.1 КоАП),1000,не оплачен
2599,415,2026-01-31,Превышение скорости (12.9 ч.2 КоАП),500,оплачен
2600,604,2024-12-22,Нарушение правил парковки (12.19 КоАП),1500,не оплачен
2601,660,2024-08-24,Превышение скорости (12.9 ч.2 КоАП),500,оплачен
2602,668,2025-09-03,Выезд на встречную полосу (12.15 ч.4 КоАП),5000,оплачен
2603,441,2025-10-14,Проезд на запрещающий сигнал (12.12 ч.1 КоАП),1000,оплачен
2604,562,2026-04-04,Выезд на встречную полосу (12.15 ч.4 КоАП),5000,оплачен
2605,329,2025-08-19,Проезд на запрещающий сигнал (12.12 ч.1 КоАП),1000,оплачен
2606,963,2025-08-03,Выезд на встречную полосу (12.15 ч.4 КоАП),5000,не оплачен
2607,799,2024-06-10,Превышение скорости (12.9 ч.2 КоАП),500,оплачен
2608,512,2024-02-21,Выезд на встречную полосу (12.15 ч.4 КоАП),5000,оплачен
2609,769,2025-08-30,Непристегнутый ремень (12.6 КоАП),1000,оплачен
2610,702,2025-02-10,Превышение скорости (12.9 ч.2 КоАП),500,оплачен
2611,898,2025-09-13,Нарушение правил парковки (12.19 КоАП),1500,не оплачен
2612,967,2024-07-26,Превышение скорости (12.9 ч.2 КоАП),500,оплачен
2613,665,2024-08-07,Превышение скорости (12.9 ч.2 КоАП),500,не оплачен
2614,311,2024-04-09,Выезд на встречную полосу (12.15 ч.4 КоАП),5000,не оплачен
2615,613,2026-03-28,Непристегнутый ремень (12.6 КоАП),1000,оплачен
2616,181,2025-09-05,Непристегнутый ремень (12.6 КоАП),1000,оплачен
2617,1173,2023-05-29,Нарушение правил парковки (12.19 КоАП),1500,оплачен
2618,1141,2026-02-24,Нарушение правил парковки (12.19 КоАП),1500,оплачен
2619,45,2024-12-22,Нарушение правил парковки (12.19 КоАП),1500,оплачен
2620,643,2025-07-13,Превышение скорости (12.9 ч.2 КоАП),500,не оплачен
2621,914,2024-06-22,Нарушение правил парковки (12.19 КоАП),1500,не оплачен
2622,378,2023-10-06,Проезд на запрещающий сигнал (12.12 ч.1 КоАП),1000,оплачен
2623,944,2024-08-07,Проезд на запрещающий сигнал (12.12 ч.1 КоАП),1000,оплачен
2624,531,2024-11-24,Проезд на запрещающий сигнал (12.12 ч.1 КоАП),1000,оплачен
2625,288,2025-04-17,Превышение скорости (12.9 ч.2 КоАП),500,оплачен
2626,876,2025-10-04,Выезд на встречную полосу (12.15 ч.4 КоАП),5000,оплачен
2627,99,2024-10-24,Выезд на встречную полосу (12.15 ч.4 КоАП),5000,не оплачен
2628,1050,2024-10-14,Превышение скорости (12.9 ч.2 КоАП),500,оплачен
2629,896,2025-03-30,Непристегнутый ремень (12.6 КоАП),1000,не оплачен
2630,670,2024-02-24,Непристегнутый ремень (12.6 КоАП),1000,не оплачен
2631,579,2025-08-29,Выезд на встречную полосу (12.15 ч.4 КоАП),5000,оплачен
2632,155,2023-08-03,Превышение скорости (12.9 ч.2 КоАП),500,оплачен
2633,231,2024-10-06,Непристегнутый ремень (12.6 КоАП),1000,оплачен
2634,180,2026-01-01,Непристегнутый ремень (12.6 КоАП),1000,оплачен
2635,391,2025-02-10,Выезд на встречную полосу (12.15 ч.4 КоАП),5000,не оплачен
2636,568,2025-03-26,Выезд на встречную полосу (12.15 ч.4 КоАП),5000,оплачен
2637,677,2025-10-08,Проезд на запрещающий сигнал (12.12 ч.1 КоАП),1000,оплачен
2638,696,2025-11-04,Непристегнутый ремень (12.6 КоАП),1000,оплачен
2639,44,2025-04-21,Выезд на встречную полосу (12.15 ч.4 КоАП),5000,оплачен
2640,14,2026-01-17,Нарушение правил парковки (12.19 КоАП),1500,оплачен
2641,39,2023-11-13,Выезд на встречную полосу (12.15 ч.4 КоАП),5000,оплачен
2642,875,2025-07-24,Нарушение правил парковки (12.19 КоАП),1500,оплачен
2643,1197,2023-08-26,Проезд на запрещающий сигнал (12.12 ч.1 КоАП),1000,оплачен
2644,1091,2024-10-09,Нарушение правил парковки (12.19 КоАП),1500,оплачен
2645,1177,2025-02-11,Проезд на запрещающий сигнал (12.12 ч.1 КоАП),1000,не оплачен
2646,313,2023-09-01,Непристегнутый ремень (12.6 КоАП),1000,оплачен
2647,423,2024-02-10,Проезд на запрещающий сигнал (12.12 ч.1 КоАП),1000,оплачен
2648,54,2026-01-26,Превышение скорости (12.9 ч.2 КоАП),500,оплачен
2649,261,2023-05-27,Превышение скорости (12.9 ч.2 КоАП),500,оплачен
2650,671,2023-11-04,Превышение скорости (12.9 ч.2 КоАП),500,не оплачен
2651,428,2025-12-23,Проезд на запрещающий сигнал (12.12 ч.1 КоАП),1000,оплачен
2652,869,2024-04-10,Проезд на запрещающий сигнал (12.12 ч.1 КоАП),1000,не оплачен
2653,445,2023-12-30,Проезд на запрещающий сигнал (12.12 ч.1 КоАП),1000,не оплачен
2654,282,2025-05-10,Превышение скорости (12.9 ч.2 КоАП),500,не оплачен
2655,253,2025-01-08,Выезд на встречную полосу (12.15 ч.4 КоАП),5000,не оплачен
2656,53,2024-03-23,Выезд на встречную полосу (12.15 ч.4 КоАП),5000,оплачен
2657,780,2025-11-03,Проезд на запрещающий сигнал (12.12 ч.1 КоАП),1000,оплачен
2658,818,2023-09-11,Выезд на встречную полосу (12.15 ч.4 КоАП),5000,оплачен
2659,256,2024-12-26,Выезд на встречную полосу (12.15 ч.4 КоАП),5000,оплачен
2660,1038,2025-12-30,Проезд на запрещающий сигнал (12.12 ч.1 КоАП),1000,не оплачен
2661,250,2025-12-11,Непристегнутый ремень (12.6 КоАП),1000,оплачен
2662,247,2024-07-08,Проезд на запрещающий сигнал (12.12 ч.1 КоАП),1000,не оплачен
2663,734,2025-11-14,Непристегнутый ремень (12.6 КоАП),1000,не оплачен
2664,851,2025-06-07,Нарушение правил парковки (12.19 КоАП),1500,оплачен
2665,1039,2024-03-09,Превышение скорости (12.9 ч.2 КоАП),500,оплачен
2666,1042,2025-10-07,Нарушение правил парковки (12.19 КоАП),1500,оплачен
2667,34,2025-03-24,Выезд на встречную полосу (12.15 ч.4 КоАП),5000,оплачен
2668,820,2024-12-24,Выезд на встречную полосу (12.15 ч.4 КоАП),5000,не оплачен
2669,727,2025-07-15,Превышение скорости (12.9 ч.2 КоАП),500,оплачен
2670,134,2025-04-13,Нарушение правил парковки (12.19 КоАП),1500,оплачен
2671,470,2026-03-15,Нарушение правил парковки (12.19 КоАП),1500,не оплачен
2672,799,2026-04-06,Превышение скорости (12.9 ч.2 КоАП),500,не оплачен
2673,563,2024-12-09,Превышение скорости (12.9 ч.2 КоАП),500,не оплачен
2674,93,2024-11-13,Нарушение правил парковки (12.19 КоАП),1500,оплачен
2675,364,2025-10-16,Проезд на запрещающий сигнал (12.12 ч.1 КоАП),1000,оплачен
2676,1063,2025-01-17,Проезд на запрещающий сигнал (12.12 ч.1 КоАП),1000,оплачен
2677,80,2024-07-26,Выезд на встречную полосу (12.15 ч.4 КоАП),5000,оплачен
2678,601,2025-06-07,Проезд на запрещающий сигнал (12.12 ч.1 КоАП),1000,оплачен
2679,323,2023-10-10,Выезд на встречную полосу (12.15 ч.4 КоАП),5000,оплачен
2680,1063,2025-07-30,Проезд на запрещающий сигнал (12.12 ч.1 КоАП),1000,не оплачен
2681,748,2023-08-26,Проезд на запрещающий сигнал (12.12 ч.1 КоАП),1000,не оплачен
2682,333,2026-03-06,Превышение скорости (12.9 ч.2 КоАП),500,оплачен
2683,627,2025-05-12,Проезд на запрещающий сигнал (12.12 ч.1 КоАП),1000,оплачен
2684,544,2024-10-28,Нарушение правил парковки (12.19 КоАП),1500,оплачен
2685,53,2024-04-10,Превышение скорости (12.9 ч.2 КоАП),500,оплачен
2686,71,2024-06-10,Выезд на встречную полосу (12.15 ч.4 КоАП),5000,не оплачен
2687,835,2023-06-23,Проезд на запрещающий сигнал (12.12 ч.1 КоАП),1000,оплачен
2688,1076,2025-10-12,Выезд на встречную полосу (12.15 ч.4 КоАП),5000,оплачен
2689,31,2025-02-23,Превышение скорости (12.9 ч.2 КоАП),500,оплачен
2690,189,2023-10-08,Проезд на запрещающий сигнал (12.12 ч.1 КоАП),1000,оплачен
2691,231,2026-01-02,Превышение скорости (12.9 ч.2 КоАП),500,не оплачен
2692,851,2025-10-02,Выезд на встречную полосу (12.15 ч.4 КоАП),5000,не оплачен
2693,902,2026-01-10,Непристегнутый ремень (12.6 КоАП),1000,оплачен
2694,2,2025-12-08,Непристегнутый ремень (12.6 КоАП),1000,оплачен
2695,527,2025-03-09,Выезд на встречную полосу (12.15 ч.4 КоАП),5000,оплачен
2696,749,2025-12-28,Непристегнутый ремень (12.6 КоАП),1000,не оплачен
2697,979,2024-10-09,Превышение скорости (12.9 ч.2 КоАП),500,оплачен
2698,402,2023-10-17,Непристегнутый ремень (12.6 КоАП),1000,оплачен
2699,266,2023-09-06,Непристегнутый ремень (12.6 КоАП),1000,не оплачен
2700,462,2025-05-17,Проезд на запрещающий сигнал (12.12 ч.1 КоАП),1000,оплачен
2701,828,2024-08-26,Превышение скорости (12.9 ч.2 КоАП),500,оплачен
2702,216,2025-02-03,Непристегнутый ремень (12.6 КоАП),1000,оплачен
2703,379,2024-03-27,Нарушение правил парковки (12.19 КоАП),1500,не оплачен
2704,674,2024-07-06,Нарушение правил парковки (12.19 КоАП),1500,не оплачен
2705,1065,2024-06-30,Выезд на встречную полосу (12.15 ч.4 КоАП),5000,оплачен
2706,270,2023-07-23,Нарушение правил парковки (12.19 КоАП),1500,оплачен
2707,298,2025-01-23,Нарушение правил парковки (12.19 КоАП),1500,оплачен
2708,789,2023-07-10,Превышение скорости (12.9 ч.2 КоАП),500,оплачен
2709,374,2023-12-16,Проезд на запрещающий сигнал (12.12 ч.1 КоАП),1000,оплачен
2710,488,2023-10-24,Превышение скорости (12.9 ч.2 КоАП),500,оплачен
2711,24,2023-06-17,Нарушение правил парковки (12.19 КоАП),1500,оплачен
2712,705,2025-10-23,Выезд на встречную полосу (12.15 ч.4 КоАП),5000,оплачен
2713,831,2023-09-28,Непристегнутый ремень (12.6 КоАП),1000,оплачен
2714,929,2024-12-08,Проезд на запрещающий сигнал (12.12 ч.1 КоАП),1000,оплачен
2715,901,2024-02-01,Непристегнутый ремень (12.6 КоАП),1000,оплачен
2716,1054,2025-02-25,Нарушение правил парковки (12.19 КоАП),1500,не оплачен
2717,382,2025-12-04,Нарушение правил парковки (12.19 КоАП),1500,оплачен
2718,1125,2025-01-28,Выезд на встречную полосу (12.15 ч.4 КоАП),5000,оплачен
2719,702,2025-12-13,Превышение скорости (12.9 ч.2 КоАП),500,не оплачен
2720,130,2025-02-03,Нарушение правил парковки (12.19 КоАП),1500,не оплачен
2721,53,2025-05-09,Выезд на встречную полосу (12.15 ч.4 КоАП),5000,не оплачен
2722,194,2024-01-01,Проезд на запрещающий сигнал (12.12 ч.1 КоАП),1000,оплачен
2723,228,2025-03-30,Выезд на встречную полосу (12.15 ч.4 КоАП),5000,оплачен
2724,259,2025-06-15,Нарушение правил парковки (12.19 КоАП),1500,не оплачен
2725,927,2026-04-10,Нарушение правил парковки (12.19 КоАП),1500,оплачен
2726,1034,2024-04-29,Превышение скорости (12.9 ч.2 КоАП),500,оплачен
2727,400,2024-03-22,Непристегнутый ремень (12.6 КоАП),1000,оплачен
2728,35,2024-01-21,Проезд на запрещающий сигнал (12.12 ч.1 КоАП),1000,оплачен
2729,1077,2024-01-25,Нарушение правил парковки (12.19 КоАП),1500,оплачен
2730,1153,2024-12-03,Проезд на запрещающий сигнал (12.12 ч.1 КоАП),1000,не оплачен
2731,97,2024-03-12,Непристегнутый ремень (12.6 КоАП),1000,не оплачен
2732,1105,2025-05-27,Нарушение правил парковки (12.19 КоАП),1500,оплачен
2733,342,2024-02-27,Непристегнутый ремень (12.6 КоАП),1000,оплачен
2734,340,2023-08-03,Превышение скорости (12.9 ч.2 КоАП),500,оплачен
2735,464,2025-09-16,Непристегнутый ремень (12.6 КоАП),1000,не оплачен
2736,1108,2025-01-24,Проезд на запрещающий сигнал (12.12 ч.1 КоАП),1000,не оплачен
2737,869,2025-07-04,Непристегнутый ремень (12.6 КоАП),1000,не оплачен
2738,101,2024-01-19,Нарушение правил парковки (12.19 КоАП),1500,не оплачен
2739,608,2024-08-09,Выезд на встречную полосу (12.15 ч.4 КоАП),5000,оплачен
2740,863,2024-02-18,Непристегнутый ремень (12.6 КоАП),1000,не оплачен
2741,660,2025-02-05,Выезд на встречную полосу (12.15 ч.4 КоАП),5000,оплачен
2742,1,2025-10-13,Нарушение правил парковки (12.19 КоАП),1500,оплачен
2743,639,2025-06-08,Непристегнутый ремень (12.6 КоАП),1000,оплачен
2744,137,2023-08-12,Непристегнутый ремень (12.6 КоАП),1000,оплачен
2745,288,2023-11-06,Выезд на встречную полосу (12.15 ч.4 КоАП),5000,оплачен
2746,497,2023-07-04,Проезд на запрещающий сигнал (12.12 ч.1 КоАП),1000,оплачен
2747,859,2023-07-02,Проезд на запрещающий сигнал (12.12 ч.1 КоАП),1000,оплачен
2748,510,2025-02-20,Проезд на запрещающий сигнал (12.12 ч.1 КоАП),1000,не оплачен
2749,464,2025-04-27,Превышение скорости (12.9 ч.2 КоАП),500,не оплачен
2750,288,2025-09-04,Нарушение правил парковки (12.19 КоАП),1500,не оплачен
2751,1200,2026-03-28,Превышение скорости (12.9 ч.2 КоАП),500,не оплачен
2752,422,2025-12-04,Проезд на запрещающий сигнал (12.12 ч.1 КоАП),1000,оплачен
2753,671,2025-03-21,Нарушение правил парковки (12.19 КоАП),1500,оплачен
2754,1067,2023-12-25,Превышение скорости (12.9 ч.2 КоАП),500,оплачен
2755,965,2025-02-07,Превышение скорости (12.9 ч.2 КоАП),500,оплачен
2756,612,2025-04-05,Выезд на встречную полосу (12.15 ч.4 КоАП),5000,не оплачен
2757,931,2023-10-28,Непристегнутый ремень (12.6 КоАП),1000,оплачен
2758,558,2024-11-19,Нарушение правил парковки (12.19 КоАП),1500,не оплачен
2759,782,2025-02-07,Превышение скорости (12.9 ч.2 КоАП),500,не оплачен
2760,232,2025-10-18,Нарушение правил парковки (12.19 КоАП),1500,оплачен
2761,1199,2023-09-05,Выезд на встречную полосу (12.15 ч.4 КоАП),5000,оплачен
2762,597,2026-01-09,Выезд на встречную полосу (12.15 ч.4 КоАП),5000,оплачен
2763,182,2024-08-04,Превышение скорости (12.9 ч.2 КоАП),500,не оплачен
2764,743,2025-04-21,Непристегнутый ремень (12.6 КоАП),1000,оплачен
2765,886,2023-05-17,Выезд на встречную полосу (12.15 ч.4 КоАП),5000,оплачен
2766,574,2023-08-15,Превышение скорости (12.9 ч.2 КоАП),500,не оплачен
2767,516,2023-12-24,Нарушение правил парковки (12.19 КоАП),1500,оплачен
2768,860,2025-12-10,Нарушение правил парковки (12.19 КоАП),1500,оплачен
2769,731,2025-08-14,Нарушение правил парковки (12.19 КоАП),1500,оплачен
2770,995,2024-03-17,Превышение скорости (12.9 ч.2 КоАП),500,оплачен
2771,454,2026-03-08,Выезд на встречную полосу (12.15 ч.4 КоАП),5000,оплачен
2772,213,2025-10-21,Нарушение правил парковки (12.19 КоАП),1500,не оплачен
2773,1149,2024-05-24,Выезд на встречную полосу (12.15 ч.4 КоАП),5000,оплачен
2774,770,2026-03-24,Непристегнутый ремень (12.6 КоАП),1000,оплачен
2775,87,2024-10-29,Выезд на встречную полосу (12.15 ч.4 КоАП),5000,оплачен
2776,202,2024-07-21,Непристегнутый ремень (12.6 КоАП),1000,оплачен
2777,489,2023-08-24,Превышение скорости (12.9 ч.2 КоАП),500,оплачен
2778,864,2024-12-07,Непристегнутый ремень (12.6 КоАП),1000,не оплачен
2779,712,2024-06-25,Превышение скорости (12.9 ч.2 КоАП),500,оплачен
2780,944,2024-12-14,Выезд на встречную полосу (12.15 ч.4 КоАП),5000,оплачен
2781,77,2023-06-05,Непристегнутый ремень (12.6 КоАП),1000,не оплачен
2782,53,2025-05-20,Выезд на встречную полосу (12.15 ч.4 КоАП),5000,оплачен
2783,50,2026-03-24,Проезд на запрещающий сигнал (12.12 ч.1 КоАП),1000,оплачен
2784,203,2023-10-08,Нарушение правил парковки (12.19 КоАП),1500,оплачен
2785,59,2024-10-20,Выезд на встречную полосу (12.15 ч.4 КоАП),5000,не оплачен
2786,735,2023-06-28,Нарушение правил парковки (12.19 КоАП),1500,не оплачен
2787,722,2023-04-25,Нарушение правил парковки (12.19 КоАП),1500,не оплачен
2788,567,2025-02-22,Проезд на запрещающий сигнал (12.12 ч.1 КоАП),1000,оплачен
2789,665,2026-01-12,Превышение скорости (12.9 ч.2 КоАП),500,оплачен
2790,329,2026-04-07,Нарушение правил парковки (12.19 КоАП),1500,оплачен
2791,660,2026-03-11,Непристегнутый ремень (12.6 КоАП),1000,не оплачен
2792,353,2024-12-25,Нарушение правил парковки (12.19 КоАП),1500,не оплачен
2793,684,2024-10-14,Превышение скорости (12.9 ч.2 КоАП),500,оплачен
2794,467,2024-01-06,Непристегнутый ремень (12.6 КоАП),1000,оплачен
2795,208,2025-08-23,Нарушение правил парковки (12.19 КоАП),1500,не оплачен
2796,832,2024-09-20,Превышение скорости (12.9 ч.2 КоАП),500,оплачен
2797,382,2024-02-29,Выезд на встречную полосу (12.15 ч.4 КоАП),5000,не оплачен
2798,543,2023-07-10,Проезд на запрещающий сигнал (12.12 ч.1 КоАП),1000,не оплачен
2799,719,2023-06-12,Выезд на встречную полосу (12.15 ч.4 КоАП),5000,оплачен
2800,741,2024-06-01,Выезд на встречную полосу (12.15 ч.4 КоАП),5000,не оплачен
2801,662,2024-09-14,Проезд на запрещающий сигнал (12.12 ч.1 КоАП),1000,оплачен
2802,1192,2024-11-25,Проезд на запрещающий сигнал (12.12 ч.1 КоАП),1000,оплачен
2803,1148,2025-04-22,Непристегнутый ремень (12.6 КоАП),1000,оплачен
2804,1103,2026-04-07,Непристегнутый ремень (12.6 КоАП),1000,оплачен
2805,156,2026-02-02,Непристегнутый ремень (12.6 КоАП),1000,оплачен
2806,829,2025-06-23,Превышение скорости (12.9 ч.2 КоАП),500,не оплачен
2807,697,2025-01-04,Проезд на запрещающий сигнал (12.12 ч.1 КоАП),1000,оплачен
2808,273,2025-07-31,Выезд на встречную полосу (12.15 ч.4 КоАП),5000,не оплачен
2809,602,2024-09-26,Превышение скорости (12.9 ч.2 КоАП),500,оплачен
2810,664,2025-12-09,Превышение скорости (12.9 ч.2 КоАП),500,не оплачен
2811,84,2024-02-01,Выезд на встречную полосу (12.15 ч.4 КоАП),5000,оплачен
2812,561,2023-12-13,Проезд на запрещающий сигнал (12.12 ч.1 КоАП),1000,оплачен
2813,449,2023-12-15,Проезд на запрещающий сигнал (12.12 ч.1 КоАП),1000,оплачен
2814,902,2023-11-05,Проезд на запрещающий сигнал (12.12 ч.1 КоАП),1000,оплачен
2815,298,2023-07-14,Проезд на запрещающий сигнал (12.12 ч.1 КоАП),1000,оплачен
2816,43,2023-05-22,Проезд на запрещающий сигнал (12.12 ч.1 КоАП),1000,не оплачен
2817,899,2024-12-11,Выезд на встречную полосу (12.15 ч.4 КоАП),5000,оплачен
2818,1164,2024-10-13,Непристегнутый ремень (12.6 КоАП),1000,оплачен
2819,1063,2026-03-13,Проезд на запрещающий сигнал (12.12 ч.1 КоАП),1000,оплачен
2820,793,2025-12-18,Непристегнутый ремень (12.6 КоАП),1000,не оплачен
2821,540,2025-05-06,Нарушение правил парковки (12.19 КоАП),1500,оплачен
2822,481,2026-01-22,Нарушение правил парковки (12.19 КоАП),1500,оплачен
2823,158,2025-03-25,Нарушение правил парковки (12.19 КоАП),1500,не оплачен
2824,659,2024-08-11,Проезд на запрещающий сигнал (12.12 ч.1 КоАП),1000,не оплачен
2825,1103,2026-01-14,Проезд на запрещающий сигнал (12.12 ч.1 КоАП),1000,оплачен
2826,1040,2023-10-20,Превышение скорости (12.9 ч.2 КоАП),500,не оплачен
2827,643,2024-07-28,Непристегнутый ремень (12.6 КоАП),1000,оплачен
2828,467,2024-06-19,Непристегнутый ремень (12.6 КоАП),1000,не оплачен
2829,459,2023-11-20,Непристегнутый ремень (12.6 КоАП),1000,оплачен
2830,109,2026-01-09,Непристегнутый ремень (12.6 КоАП),1000,оплачен
2831,1019,2023-07-20,Выезд на встречную полосу (12.15 ч.4 КоАП),5000,оплачен
2832,351,2023-08-30,Превышение скорости (12.9 ч.2 КоАП),500,оплачен
2833,1145,2025-06-20,Выезд на встречную полосу (12.15 ч.4 КоАП),5000,оплачен
2834,977,2026-02-09,Нарушение правил парковки (12.19 КоАП),1500,не оплачен
2835,131,2023-04-27,Проезд на запрещающий сигнал (12.12 ч.1 КоАП),1000,оплачен
2836,566,2024-03-16,Превышение скорости (12.9 ч.2 КоАП),500,оплачен
2837,1006,2024-07-10,Превышение скорости (12.9 ч.2 КоАП),500,оплачен
2838,812,2023-12-03,Проезд на запрещающий сигнал (12.12 ч.1 КоАП),1000,оплачен
2839,635,2023-04-25,Выезд на встречную полосу (12.15 ч.4 КоАП),5000,оплачен
2840,677,2024-12-02,Нарушение правил парковки (12.19 КоАП),1500,оплачен
2841,834,2025-08-24,Непристегнутый ремень (12.6 КоАП),1000,оплачен
2842,645,2025-04-18,Непристегнутый ремень (12.6 КоАП),1000,не оплачен
2843,109,2024-01-17,Непристегнутый ремень (12.6 КоАП),1000,не оплачен
2844,246,2023-08-07,Нарушение правил парковки (12.19 КоАП),1500,не оплачен
2845,131,2025-06-08,Превышение скорости (12.9 ч.2 КоАП),500,оплачен
2846,399,2023-06-05,Проезд на запрещающий сигнал (12.12 ч.1 КоАП),1000,оплачен
2847,368,2024-07-02,Непристегнутый ремень (12.6 КоАП),1000,не оплачен
2848,1014,2025-02-18,Превышение скорости (12.9 ч.2 КоАП),500,не оплачен
2849,183,2025-01-31,Нарушение правил парковки (12.19 КоАП),1500,оплачен
2850,1176,2025-07-17,Выезд на встречную полосу (12.15 ч.4 КоАП),5000,не оплачен
2851,835,2025-04-27,Выезд на встречную полосу (12.15 ч.4 КоАП),5000,оплачен
2852,284,2026-01-15,Выезд на встречную полосу (12.15 ч.4 КоАП),5000,не оплачен
2853,197,2023-06-05,Проезд на запрещающий сигнал (12.12 ч.1 КоАП),1000,оплачен
2854,882,2026-02-15,Проезд на запрещающий сигнал (12.12 ч.1 КоАП),1000,не оплачен
2855,186,2026-02-28,Выезд на встречную полосу (12.15 ч.4 КоАП),5000,оплачен
2856,411,2025-09-06,Выезд на встречную полосу (12.15 ч.4 КоАП),5000,оплачен
2857,696,2023-10-28,Превышение скорости (12.9 ч.2 КоАП),500,оплачен
2858,1073,2025-05-22,Превышение скорости (12.9 ч.2 КоАП),500,оплачен
2859,125,2025-11-27,Непристегнутый ремень (12.6 КоАП),1000,не оплачен
2860,765,2024-12-16,Превышение скорости (12.9 ч.2 КоАП),500,оплачен
2861,1084,2023-11-30,Превышение скорости (12.9 ч.2 КоАП),500,оплачен
2862,788,2023-11-03,Нарушение правил парковки (12.19 КоАП),1500,оплачен
2863,1154,2023-08-27,Непристегнутый ремень (12.6 КоАП),1000,оплачен
2864,354,2025-02-25,Превышение скорости (12.9 ч.2 КоАП),500,оплачен
2865,1021,2025-05-13,Непристегнутый ремень (12.6 КоАП),1000,оплачен
2866,708,2023-10-09,Проезд на запрещающий сигнал (12.12 ч.1 КоАП),1000,оплачен
2867,767,2023-12-08,Проезд на запрещающий сигнал (12.12 ч.1 КоАП),1000,оплачен
2868,364,2024-04-23,Выезд на встречную полосу (12.15 ч.4 КоАП),5000,оплачен
2869,63,2023-06-26,Выезд на встречную полосу (12.15 ч.4 КоАП),5000,оплачен
2870,247,2024-06-09,Непристегнутый ремень (12.6 КоАП),1000,не оплачен
2871,597,2024-12-19,Нарушение правил парковки (12.19 КоАП),1500,оплачен
2872,1062,2026-04-09,Проезд на запрещающий сигнал (12.12 ч.1 КоАП),1000,оплачен
2873,1020,2024-10-07,Превышение скорости (12.9 ч.2 КоАП),500,оплачен
2874,691,2025-06-20,Проезд на запрещающий сигнал (12.12 ч.1 КоАП),1000,не оплачен
2875,797,2024-04-09,Непристегнутый ремень (12.6 КоАП),1000,не оплачен
2876,1136,2024-12-31,Превышение скорости (12.9 ч.2 КоАП),500,оплачен
2877,749,2024-11-10,Проезд на запрещающий сигнал (12.12 ч.1 КоАП),1000,оплачен
2878,386,2025-11-17,Выезд на встречную полосу (12.15 ч.4 КоАП),5000,не оплачен
2879,734,2025-11-25,Превышение скорости (12.9 ч.2 КоАП),500,оплачен
2880,203,2025-08-08,Выезд на встречную полосу (12.15 ч.4 КоАП),5000,не оплачен
2881,657,2023-04-27,Превышение скорости (12.9 ч.2 КоАП),500,не оплачен
2882,1178,2026-03-06,Непристегнутый ремень (12.6 КоАП),1000,не оплачен
2883,808,2025-12-31,Непристегнутый ремень (12.6 КоАП),1000,не оплачен
2884,579,2023-09-20,Проезд на запрещающий сигнал (12.12 ч.1 КоАП),1000,оплачен
2885,406,2025-01-14,Выезд на встречную полосу (12.15 ч.4 КоАП),5000,оплачен
2886,828,2026-02-28,Выезд на встречную полосу (12.15 ч.4 КоАП),5000,оплачен
2887,1005,2025-01-27,Превышение скорости (12.9 ч.2 КоАП),500,оплачен
2888,659,2024-10-31,Превышение скорости (12.9 ч.2 КоАП),500,оплачен
2889,797,2025-08-18,Непристегнутый ремень (12.6 КоАП),1000,оплачен
2890,113,2026-03-21,Нарушение правил парковки (12.19 КоАП),1500,оплачен
2891,386,2023-09-29,Превышение скорости (12.9 ч.2 КоАП),500,не оплачен
2892,1170,2024-04-06,Нарушение правил парковки (12.19 КоАП),1500,оплачен
2893,99,2025-02-07,Нарушение правил парковки (12.19 КоАП),1500,оплачен
2894,621,2025-01-16,Превышение скорости (12.9 ч.2 КоАП),500,оплачен
2895,1102,2026-04-19,Нарушение правил парковки (12.19 КоАП),1500,оплачен
2896,1042,2024-01-03,Выезд на встречную полосу (12.15 ч.4 КоАП),5000,оплачен
2897,1042,2024-01-08,Проезд на запрещающий сигнал (12.12 ч.1 КоАП),1000,оплачен
2898,440,2023-12-17,Превышение скорости (12.9 ч.2 КоАП),500,оплачен
2899,454,2023-06-22,Проезд на запрещающий сигнал (12.12 ч.1 КоАП),1000,не оплачен
2900,417,2025-08-14,Превышение скорости (12.9 ч.2 КоАП),500,оплачен
2901,32,2024-11-28,Непристегнутый ремень (12.6 КоАП),1000,оплачен
2902,422,2023-07-30,Выезд на встречную полосу (12.15 ч.4 КоАП),5000,не оплачен
2903,595,2026-03-22,Превышение скорости (12.9 ч.2 КоАП),500,оплачен
2904,678,2023-06-05,Проезд на запрещающий сигнал (12.12 ч.1 КоАП),1000,не оплачен
2905,468,2023-11-26,Выезд на встречную полосу (12.15 ч.4 КоАП),5000,оплачен
2906,92,2023-09-27,Выезд на встречную полосу (12.15 ч.4 КоАП),5000,оплачен
2907,505,2024-04-27,Непристегнутый ремень (12.6 КоАП),1000,оплачен
2908,866,2023-05-26,Нарушение правил парковки (12.19 КоАП),1500,оплачен
2909,420,2026-04-12,Нарушение правил парковки (12.19 КоАП),1500,не оплачен
2910,839,2024-11-08,Нарушение правил парковки (12.19 КоАП),1500,оплачен
2911,848,2023-06-01,Выезд на встречную полосу (12.15 ч.4 КоАП),5000,оплачен
2912,1000,2025-09-26,Проезд на запрещающий сигнал (12.12 ч.1 КоАП),1000,оплачен
2913,810,2024-12-05,Превышение скорости (12.9 ч.2 КоАП),500,оплачен
2914,264,2024-04-24,Выезд на встречную полосу (12.15 ч.4 КоАП),5000,оплачен
2915,145,2025-11-14,Проезд на запрещающий сигнал (12.12 ч.1 КоАП),1000,оплачен
2916,326,2025-10-01,Превышение скорости (12.9 ч.2 КоАП),500,не оплачен
2917,137,2024-06-01,Выезд на встречную полосу (12.15 ч.4 КоАП),5000,оплачен
2918,343,2025-05-16,Нарушение правил парковки (12.19 КоАП),1500,не оплачен
2919,816,2025-08-26,Нарушение правил парковки (12.19 КоАП),1500,оплачен
2920,584,2024-02-19,Нарушение правил парковки (12.19 КоАП),1500,не оплачен
2921,223,2024-07-24,Нарушение правил парковки (12.19 КоАП),1500,не оплачен
2922,414,2025-07-24,Выезд на встречную полосу (12.15 ч.4 КоАП),5000,не оплачен
2923,1020,2025-08-20,Непристегнутый ремень (12.6 КоАП),1000,оплачен
2924,74,2023-08-13,Непристегнутый ремень (12.6 КоАП),1000,оплачен
2925,229,2026-04-07,Превышение скорости (12.9 ч.2 КоАП),500,оплачен
2926,378,2024-06-10,Выезд на встречную полосу (12.15 ч.4 КоАП),5000,оплачен
2927,496,2024-12-29,Превышение скорости (12.9 ч.2 КоАП),500,оплачен
2928,898,2023-05-03,Нарушение правил парковки (12.19 КоАП),1500,не оплачен
2929,85,2026-03-03,Выезд на встречную полосу (12.15 ч.4 КоАП),5000,оплачен
2930,388,2025-09-07,Непристегнутый ремень (12.6 КоАП),1000,не оплачен
2931,90,2023-12-05,Нарушение правил парковки (12.19 КоАП),1500,оплачен
2932,700,2024-06-01,Проезд на запрещающий сигнал (12.12 ч.1 КоАП),1000,не оплачен
2933,360,2026-04-09,Нарушение правил парковки (12.19 КоАП),1500,оплачен
2934,116,2025-03-13,Проезд на запрещающий сигнал (12.12 ч.1 КоАП),1000,оплачен
2935,598,2024-08-05,Проезд на запрещающий сигнал (12.12 ч.1 КоАП),1000,оплачен
2936,377,2023-05-18,Проезд на запрещающий сигнал (12.12 ч.1 КоАП),1000,оплачен
2937,899,2025-04-20,Нарушение правил парковки (12.19 КоАП),1500,оплачен
2938,143,2025-09-19,Выезд на встречную полосу (12.15 ч.4 КоАП),5000,не оплачен
2939,1083,2026-03-31,Непристегнутый ремень (12.6 КоАП),1000,оплачен
2940,294,2024-08-05,Проезд на запрещающий сигнал (12.12 ч.1 КоАП),1000,оплачен
2941,117,2024-03-11,Нарушение правил парковки (12.19 КоАП),1500,оплачен
2942,840,2024-08-18,Превышение скорости (12.9 ч.2 КоАП),500,оплачен
2943,348,2024-08-20,Превышение скорости (12.9 ч.2 КоАП),500,не оплачен
2944,759,2024-07-09,Нарушение правил парковки (12.19 КоАП),1500,оплачен
2945,479,2023-10-16,Превышение скорости (12.9 ч.2 КоАП),500,оплачен
2946,1153,2026-02-28,Превышение скорости (12.9 ч.2 КоАП),500,оплачен
2947,1162,2025-04-18,Выезд на встречную полосу (12.15 ч.4 КоАП),5000,оплачен
2948,73,2024-11-17,Проезд на запрещающий сигнал (12.12 ч.1 КоАП),1000,оплачен
2949,41,2024-11-29,Превышение скорости (12.9 ч.2 КоАП),500,оплачен
2950,1171,2025-02-18,Выезд на встречную полосу (12.15 ч.4 КоАП),5000,оплачен
2951,793,2024-12-12,Нарушение правил парковки (12.19 КоАП),1500,оплачен
2952,1005,2023-09-09,Проезд на запрещающий сигнал (12.12 ч.1 КоАП),1000,оплачен
2953,932,2025-11-11,Нарушение правил парковки (12.19 КоАП),1500,оплачен
2954,931,2025-01-01,Проезд на запрещающий сигнал (12.12 ч.1 КоАП),1000,оплачен
2955,459,2024-02-06,Нарушение правил парковки (12.19 КоАП),1500,оплачен
2956,796,2023-09-07,Проезд на запрещающий сигнал (12.12 ч.1 КоАП),1000,не оплачен
2957,754,2024-04-03,Проезд на запрещающий сигнал (12.12 ч.1 КоАП),1000,не оплачен
2958,615,2024-01-13,Выезд на встречную полосу (12.15 ч.4 КоАП),5000,оплачен
2959,841,2024-04-24,Выезд на встречную полосу (12.15 ч.4 КоАП),5000,не оплачен
2960,465,2025-10-16,Непристегнутый ремень (12.6 КоАП),1000,не оплачен
2961,723,2024-01-29,Проезд на запрещающий сигнал (12.12 ч.1 КоАП),1000,оплачен
2962,863,2025-12-12,Выезд на встречную полосу (12.15 ч.4 КоАП),5000,не оплачен
2963,927,2024-11-24,Выезд на встречную полосу (12.15 ч.4 КоАП),5000,оплачен
2964,950,2023-05-09,Выезд на встречную полосу (12.15 ч.4 КоАП),5000,оплачен
2965,817,2023-10-18,Нарушение правил парковки (12.19 КоАП),1500,оплачен
2966,422,2026-03-08,Непристегнутый ремень (12.6 КоАП),1000,оплачен
2967,1165,2025-10-22,Проезд на запрещающий сигнал (12.12 ч.1 КоАП),1000,оплачен
2968,745,2025-05-13,Непристегнутый ремень (12.6 КоАП),1000,не оплачен
2969,837,2024-12-11,Непристегнутый ремень (12.6 КоАП),1000,оплачен
2970,438,2023-08-29,Нарушение правил парковки (12.19 КоАП),1500,оплачен
2971,223,2023-06-24,Выезд на встречную полосу (12.15 ч.4 КоАП),5000,оплачен
2972,616,2024-02-19,Выезд на встречную полосу (12.15 ч.4 КоАП),5000,не оплачен
2973,845,2023-11-19,Непристегнутый ремень (12.6 КоАП),1000,оплачен
2974,692,2023-09-29,Проезд на запрещающий сигнал (12.12 ч.1 КоАП),1000,оплачен
2975,788,2024-12-23,Проезд на запрещающий сигнал (12.12 ч.1 КоАП),1000,не оплачен
2976,370,2024-10-02,Выезд на встречную полосу (12.15 ч.4 КоАП),5000,не оплачен
2977,423,2025-06-12,Превышение скорости (12.9 ч.2 КоАП),500,оплачен
2978,560,2023-05-01,Проезд на запрещающий сигнал (12.12 ч.1 КоАП),1000,не оплачен
2979,320,2025-09-04,Непристегнутый ремень (12.6 КоАП),1000,оплачен
2980,406,2025-04-06,Непристегнутый ремень (12.6 КоАП),1000,оплачен
2981,960,2023-12-13,Нарушение правил парковки (12.19 КоАП),1500,оплачен
2982,997,2024-12-01,Проезд на запрещающий сигнал (12.12 ч.1 КоАП),1000,оплачен
2983,1087,2026-02-26,Непристегнутый ремень (12.6 КоАП),1000,не оплачен
2984,199,2025-05-02,Превышение скорости (12.9 ч.2 КоАП),500,не оплачен
2985,44,2026-03-13,Превышение скорости (12.9 ч.2 КоАП),500,оплачен
2986,679,2023-06-15,Превышение скорости (12.9 ч.2 КоАП),500,не оплачен
2987,731,2026-04-06,Нарушение правил парковки (12.19 КоАП),1500,оплачен
2988,437,2024-09-20,Проезд на запрещающий сигнал (12.12 ч.1 КоАП),1000,оплачен
2989,744,2026-02-10,Превышение скорости (12.9 ч.2 КоАП),500,оплачен
2990,1195,2023-08-19,Нарушение правил парковки (12.19 КоАП),1500,не оплачен
2991,973,2023-10-18,Выезд на встречную полосу (12.15 ч.4 КоАП),5000,оплачен
2992,594,2025-12-12,Проезд на запрещающий сигнал (12.12 ч.1 КоАП),1000,оплачен
2993,328,2024-04-06,Непристегнутый ремень (12.6 КоАП),1000,не оплачен
2994,335,2025-07-16,Проезд на запрещающий сигнал (12.12 ч.1 КоАП),1000,оплачен
2995,840,2025-08-02,Непристегнутый ремень (12.6 КоАП),1000,оплачен
2996,962,2024-03-21,Непристегнутый ремень (12.6 КоАП),1000,оплачен
2997,511,2026-03-14,Нарушение правил парковки (12.19 КоАП),1500,не оплачен
2998,912,2023-07-29,Проезд на запрещающий сигнал (12.12 ч.1 КоАП),1000,оплачен
2999,278,2025-11-15,Превышение скорости (12.9 ч.2 КоАП),500,не оплачен
3000,777,2023-05-22,Выезд на встречную полосу (12.15 ч.4 КоАП),5000,оплачен
3001,743,2024-06-17,Превышение скорости (12.9 ч.2 КоАП),500,не оплачен
3002,1172,2024-10-05,Непристегнутый ремень (12.6 КоАП),1000,оплачен
3003,1008,2025-12-22,Превышение скорости (12.9 ч.2 КоАП),500,не оплачен
3004,705,2025-06-25,Непристегнутый ремень (12.6 КоАП),1000,не оплачен
3005,758,2023-09-06,Превышение скорости (12.9 ч.2 КоАП),500,оплачен
3006,615,2024-12-27,Проезд на запрещающий сигнал (12.12 ч.1 КоАП),1000,оплачен
3007,228,2026-02-20,Проезд на запрещающий сигнал (12.12 ч.1 КоАП),1000,не оплачен
3008,657,2025-04-23,Проезд на запрещающий сигнал (12.12 ч.1 КоАП),1000,оплачен
3009,727,2024-02-07,Превышение скорости (12.9 ч.2 КоАП),500,оплачен
3010,33,2025-11-12,Выезд на встречную полосу (12.15 ч.4 КоАП),5000,оплачен
3011,856,2023-08-30,Непристегнутый ремень (12.6 КоАП),1000,не оплачен
3012,518,2025-11-12,Нарушение правил парковки (12.19 КоАП),1500,оплачен
3013,1066,2024-05-05,Нарушение правил парковки (12.19 КоАП),1500,не оплачен
3014,1003,2023-05-09,Превышение скорости (12.9 ч.2 КоАП),500,оплачен
3015,107,2024-06-18,Проезд на запрещающий сигнал (12.12 ч.1 КоАП),1000,оплачен
3016,539,2023-11-10,Нарушение правил парковки (12.19 КоАП),1500,оплачен
3017,692,2023-06-14,Выезд на встречную полосу (12.15 ч.4 КоАП),5000,оплачен
3018,165,2023-09-06,Выезд на встречную полосу (12.15 ч.4 КоАП),5000,оплачен
3019,268,2025-09-12,Превышение скорости (12.9 ч.2 КоАП),500,не оплачен
3020,22,2024-11-12,Непристегнутый ремень (12.6 КоАП),1000,не оплачен
3021,620,2025-10-19,Превышение скорости (12.9 ч.2 КоАП),500,оплачен
3022,779,2023-07-28,Выезд на встречную полосу (12.15 ч.4 КоАП),5000,оплачен
3023,769,2024-10-18,Нарушение правил парковки (12.19 КоАП),1500,оплачен
3024,870,2023-12-28,Непристегнутый ремень (12.6 КоАП),1000,оплачен
3025,272,2025-05-05,Нарушение правил парковки (12.19 КоАП),1500,не оплачен
3026,1132,2024-04-11,Нарушение правил парковки (12.19 КоАП),1500,оплачен
3027,547,2023-10-13,Нарушение правил парковки (12.19 КоАП),1500,оплачен
3028,174,2023-08-23,Выезд на встречную полосу (12.15 ч.4 КоАП),5000,не оплачен
3029,1043,2025-08-25,Нарушение правил парковки (12.19 КоАП),1500,не оплачен
3030,264,2025-03-05,Превышение скорости (12.9 ч.2 КоАП),500,не оплачен
3031,498,2024-12-25,Превышение скорости (12.9 ч.2 КоАП),500,оплачен
3032,134,2024-10-20,Нарушение правил парковки (12.19 КоАП),1500,оплачен
3033,179,2025-01-21,Проезд на запрещающий сигнал (12.12 ч.1 КоАП),1000,не оплачен
3034,28,2025-05-26,Превышение скорости (12.9 ч.2 КоАП),500,не оплачен
3035,145,2024-02-06,Нарушение правил парковки (12.19 КоАП),1500,оплачен
3036,678,2024-02-06,Выезд на встречную полосу (12.15 ч.4 КоАП),5000,не оплачен
3037,250,2024-06-23,Превышение скорости (12.9 ч.2 КоАП),500,оплачен
3038,409,2023-10-07,Проезд на запрещающий сигнал (12.12 ч.1 КоАП),1000,не оплачен
3039,381,2023-12-23,Превышение скорости (12.9 ч.2 КоАП),500,оплачен
3040,8,2025-06-25,Превышение скорости (12.9 ч.2 КоАП),500,оплачен
3041,431,2024-12-19,Проезд на запрещающий сигнал (12.12 ч.1 КоАП),1000,оплачен
3042,793,2024-09-25,Превышение скорости (12.9 ч.2 КоАП),500,оплачен
3043,395,2023-05-30,Непристегнутый ремень (12.6 КоАП),1000,оплачен
3044,1015,2026-04-14,Проезд на запрещающий сигнал (12.12 ч.1 КоАП),1000,оплачен
3045,961,2024-05-13,Проезд на запрещающий сигнал (12.12 ч.1 КоАП),1000,оплачен
3046,126,2025-07-04,Непристегнутый ремень (12.6 КоАП),1000,оплачен
3047,13,2024-08-21,Непристегнутый ремень (12.6 КоАП),1000,оплачен
3048,540,2023-11-03,Проезд на запрещающий сигнал (12.12 ч.1 КоАП),1000,оплачен
3049,1179,2023-07-17,Непристегнутый ремень (12.6 КоАП),1000,не оплачен
3050,156,2023-09-20,Превышение скорости (12.9 ч.2 КоАП),500,оплачен
3051,467,2026-03-10,Нарушение правил парковки (12.19 КоАП),1500,оплачен
3052,608,2025-09-20,Непристегнутый ремень (12.6 КоАП),1000,оплачен
3053,585,2024-10-24,Непристегнутый ремень (12.6 КоАП),1000,оплачен
3054,707,2025-10-12,Нарушение правил парковки (12.19 КоАП),1500,не оплачен
3055,15,2025-11-17,Непристегнутый ремень (12.6 КоАП),1000,оплачен
3056,577,2025-12-25,Нарушение правил парковки (12.19 КоАП),1500,не оплачен
3057,127,2024-02-08,Превышение скорости (12.9 ч.2 КоАП),500,оплачен
3058,124,2023-12-27,Нарушение правил парковки (12.19 КоАП),1500,оплачен
3059,164,2024-01-30,Выезд на встречную полосу (12.15 ч.4 КоАП),5000,оплачен
3060,25,2024-06-08,Выезд на встречную полосу (12.15 ч.4 КоАП),5000,не оплачен
3061,653,2025-10-19,Превышение скорости (12.9 ч.2 КоАП),500,оплачен
3062,135,2024-01-25,Нарушение правил парковки (12.19 КоАП),1500,оплачен
3063,924,2026-03-31,Нарушение правил парковки (12.19 КоАП),1500,оплачен
3064,759,2024-06-18,Выезд на встречную полосу (12.15 ч.4 КоАП),5000,оплачен
3065,642,2024-05-23,Выезд на встречную полосу (12.15 ч.4 КоАП),5000,оплачен
3066,468,2024-06-06,Проезд на запрещающий сигнал (12.12 ч.1 КоАП),1000,оплачен
3067,723,2023-06-05,Превышение скорости (12.9 ч.2 КоАП),500,оплачен
3068,665,2025-01-04,Выезд на встречную полосу (12.15 ч.4 КоАП),5000,не оплачен
3069,950,2025-02-23,Выезд на встречную полосу (12.15 ч.4 КоАП),5000,не оплачен
3070,927,2023-09-04,Выезд на встречную полосу (12.15 ч.4 КоАП),5000,оплачен
3071,860,2024-10-11,Выезд на встречную полосу (12.15 ч.4 КоАП),5000,не оплачен
3072,649,2025-10-01,Проезд на запрещающий сигнал (12.12 ч.1 КоАП),1000,оплачен
3073,819,2025-12-26,Проезд на запрещающий сигнал (12.12 ч.1 КоАП),1000,оплачен
3074,354,2024-01-23,Выезд на встречную полосу (12.15 ч.4 КоАП),5000,оплачен
3075,445,2026-04-05,Проезд на запрещающий сигнал (12.12 ч.1 КоАП),1000,оплачен
3076,968,2023-11-08,Выезд на встречную полосу (12.15 ч.4 КоАП),5000,оплачен
3077,406,2023-11-18,Нарушение правил парковки (12.19 КоАП),1500,оплачен
3078,325,2023-07-14,Выезд на встречную полосу (12.15 ч.4 КоАП),5000,оплачен
3079,569,2025-10-27,Непристегнутый ремень (12.6 КоАП),1000,оплачен
3080,1023,2025-05-25,Выезд на встречную полосу (12.15 ч.4 КоАП),5000,оплачен
3081,999,2024-12-12,Проезд на запрещающий сигнал (12.12 ч.1 КоАП),1000,не оплачен
3082,724,2026-04-16,Превышение скорости (12.9 ч.2 КоАП),500,не оплачен
3083,663,2026-03-07,Превышение скорости (12.9 ч.2 КоАП),500,не оплачен
3084,593,2024-06-27,Непристегнутый ремень (12.6 КоАП),1000,оплачен
3085,1013,2025-08-10,Непристегнутый ремень (12.6 КоАП),1000,не оплачен
3086,1005,2024-12-14,Выезд на встречную полосу (12.15 ч.4 КоАП),5000,оплачен
3087,325,2023-08-04,Нарушение правил парковки (12.19 КоАП),1500,оплачен
3088,879,2025-08-28,Нарушение правил парковки (12.19 КоАП),1500,оплачен
3089,266,2024-02-10,Непристегнутый ремень (12.6 КоАП),1000,оплачен
3090,765,2025-09-11,Нарушение правил парковки (12.19 КоАП),1500,не оплачен
3091,757,2024-01-10,Проезд на запрещающий сигнал (12.12 ч.1 КоАП),1000,оплачен
3092,130,2024-10-16,Выезд на встречную полосу (12.15 ч.4 КоАП),5000,оплачен
3093,855,2024-09-29,Нарушение правил парковки (12.19 КоАП),1500,оплачен
3094,479,2026-03-28,Нарушение правил парковки (12.19 КоАП),1500,не оплачен
3095,976,2025-10-23,Нарушение правил парковки (12.19 КоАП),1500,не оплачен
3096,698,2023-10-25,Непристегнутый ремень (12.6 КоАП),1000,оплачен
3097,399,2024-07-24,Нарушение правил парковки (12.19 КоАП),1500,не оплачен
3098,1173,2024-03-29,Нарушение правил парковки (12.19 КоАП),1500,не оплачен
3099,486,2024-01-23,Проезд на запрещающий сигнал (12.12 ч.1 КоАП),1000,не оплачен
3100,1001,2023-08-17,Проезд на запрещающий сигнал (12.12 ч.1 КоАП),1000,оплачен
3101,642,2023-10-18,Превышение скорости (12.9 ч.2 КоАП),500,оплачен
3102,787,2025-05-12,Превышение скорости (12.9 ч.2 КоАП),500,не оплачен
3103,659,2024-01-13,Непристегнутый ремень (12.6 КоАП),1000,оплачен
3104,948,2024-06-30,Выезд на встречную полосу (12.15 ч.4 КоАП),5000,оплачен
3105,138,2024-10-18,Нарушение правил парковки (12.19 КоАП),1500,оплачен
3106,566,2024-11-30,Проезд на запрещающий сигнал (12.12 ч.1 КоАП),1000,не оплачен
3107,121,2023-07-27,Нарушение правил парковки (12.19 КоАП),1500,оплачен
3108,7,2024-10-09,Проезд на запрещающий сигнал (12.12 ч.1 КоАП),1000,оплачен
3109,989,2023-08-21,Непристегнутый ремень (12.6 КоАП),1000,оплачен
3110,656,2025-06-26,Нарушение правил парковки (12.19 КоАП),1500,оплачен
3111,1099,2024-01-20,Нарушение правил парковки (12.19 КоАП),1500,оплачен
3112,247,2023-07-19,Проезд на запрещающий сигнал (12.12 ч.1 КоАП),1000,оплачен
3113,400,2025-07-20,Превышение скорости (12.9 ч.2 КоАП),500,оплачен
3114,579,2026-01-09,Непристегнутый ремень (12.6 КоАП),1000,оплачен
3115,867,2023-06-22,Выезд на встречную полосу (12.15 ч.4 КоАП),5000,не оплачен
3116,611,2025-08-29,Превышение скорости (12.9 ч.2 КоАП),500,оплачен
3117,607,2025-01-25,Проезд на запрещающий сигнал (12.12 ч.1 КоАП),1000,оплачен
3118,162,2023-10-17,Выезд на встречную полосу (12.15 ч.4 КоАП),5000,оплачен
3119,915,2025-03-25,Проезд на запрещающий сигнал (12.12 ч.1 КоАП),1000,оплачен
3120,322,2025-06-29,Непристегнутый ремень (12.6 КоАП),1000,оплачен
3121,221,2023-04-27,Нарушение правил парковки (12.19 КоАП),1500,не оплачен
3122,566,2025-07-19,Выезд на встречную полосу (12.15 ч.4 КоАП),5000,оплачен
3123,929,2025-05-31,Непристегнутый ремень (12.6 КоАП),1000,оплачен
3124,264,2023-10-13,Непристегнутый ремень (12.6 КоАП),1000,оплачен
3125,254,2024-02-28,Превышение скорости (12.9 ч.2 КоАП),500,оплачен
3126,1132,2024-10-03,Нарушение правил парковки (12.19 КоАП),1500,оплачен
3127,646,2024-04-05,Проезд на запрещающий сигнал (12.12 ч.1 КоАП),1000,не оплачен
3128,1127,2025-07-07,Выезд на встречную полосу (12.15 ч.4 КоАП),5000,оплачен
3129,664,2024-08-12,Выезд на встречную полосу (12.15 ч.4 КоАП),5000,оплачен
3130,71,2025-03-11,Нарушение правил парковки (12.19 КоАП),1500,оплачен
3131,1159,2024-02-22,Нарушение правил парковки (12.19 КоАП),1500,не оплачен
3132,1048,2023-12-12,Превышение скорости (12.9 ч.2 КоАП),500,оплачен
3133,1018,2024-06-08,Проезд на запрещающий сигнал (12.12 ч.1 КоАП),1000,оплачен
3134,287,2023-12-20,Превышение скорости (12.9 ч.2 КоАП),500,оплачен
3135,335,2023-07-25,Непристегнутый ремень (12.6 КоАП),1000,не оплачен
3136,189,2026-04-01,Проезд на запрещающий сигнал (12.12 ч.1 КоАП),1000,не оплачен
3137,693,2024-10-31,Нарушение правил парковки (12.19 КоАП),1500,оплачен
3138,143,2025-04-14,Нарушение правил парковки (12.19 КоАП),1500,оплачен
3139,128,2023-07-24,Непристегнутый ремень (12.6 КоАП),1000,оплачен
3140,318,2024-04-04,Выезд на встречную полосу (12.15 ч.4 КоАП),5000,оплачен
3141,425,2025-02-21,Превышение скорости (12.9 ч.2 КоАП),500,оплачен
3142,535,2024-11-09,Превышение скорости (12.9 ч.2 КоАП),500,оплачен
3143,1143,2025-09-23,Превышение скорости (12.9 ч.2 КоАП),500,оплачен
3144,981,2024-11-25,Проезд на запрещающий сигнал (12.12 ч.1 КоАП),1000,оплачен
3145,477,2025-10-11,Проезд на запрещающий сигнал (12.12 ч.1 КоАП),1000,не оплачен
3146,1026,2024-02-08,Проезд на запрещающий сигнал (12.12 ч.1 КоАП),1000,оплачен
3147,811,2024-08-26,Выезд на встречную полосу (12.15 ч.4 КоАП),5000,оплачен
3148,1009,2025-05-05,Нарушение правил парковки (12.19 КоАП),1500,оплачен
3149,1127,2023-06-02,Выезд на встречную полосу (12.15 ч.4 КоАП),5000,оплачен
3150,74,2025-05-28,Проезд на запрещающий сигнал (12.12 ч.1 КоАП),1000,оплачен
3151,1007,2024-02-08,Непристегнутый ремень (12.6 КоАП),1000,оплачен
3152,1192,2025-05-07,Превышение скорости (12.9 ч.2 КоАП),500,не оплачен
3153,337,2026-02-03,Непристегнутый ремень (12.6 КоАП),1000,оплачен
3154,1099,2025-10-03,Проезд на запрещающий сигнал (12.12 ч.1 КоАП),1000,оплачен
3155,577,2023-12-24,Непристегнутый ремень (12.6 КоАП),1000,оплачен
3156,1047,2025-11-13,Нарушение правил парковки (12.19 КоАП),1500,оплачен
3157,525,2023-04-26,Проезд на запрещающий сигнал (12.12 ч.1 КоАП),1000,оплачен
3158,534,2026-04-14,Нарушение правил парковки (12.19 КоАП),1500,оплачен
3159,925,2024-06-03,Нарушение правил парковки (12.19 КоАП),1500,оплачен
3160,1049,2025-02-20,Непристегнутый ремень (12.6 КоАП),1000,не оплачен
3161,379,2025-10-04,Проезд на запрещающий сигнал (12.12 ч.1 КоАП),1000,оплачен
3162,219,2025-12-04,Выезд на встречную полосу (12.15 ч.4 КоАП),5000,не оплачен
3163,410,2025-08-06,Проезд на запрещающий сигнал (12.12 ч.1 КоАП),1000,не оплачен
3164,439,2023-08-13,Нарушение правил парковки (12.19 КоАП),1500,не оплачен
3165,740,2023-08-09,Нарушение правил парковки (12.19 КоАП),1500,оплачен
3166,1161,2025-03-03,Проезд на запрещающий сигнал (12.12 ч.1 КоАП),1000,не оплачен
3167,445,2023-12-02,Нарушение правил парковки (12.19 КоАП),1500,оплачен
3168,26,2023-09-04,Нарушение правил парковки (12.19 КоАП),1500,оплачен
3169,684,2026-01-26,Проезд на запрещающий сигнал (12.12 ч.1 КоАП),1000,оплачен
3170,671,2024-04-12,Выезд на встречную полосу (12.15 ч.4 КоАП),5000,оплачен
3171,339,2025-05-08,Выезд на встречную полосу (12.15 ч.4 КоАП),5000,не оплачен
3172,1149,2023-07-12,Выезд на встречную полосу (12.15 ч.4 КоАП),5000,оплачен
3173,160,2024-01-30,Проезд на запрещающий сигнал (12.12 ч.1 КоАП),1000,оплачен
3174,64,2026-04-18,Превышение скорости (12.9 ч.2 КоАП),500,оплачен
3175,562,2025-02-21,Превышение скорости (12.9 ч.2 КоАП),500,не оплачен
3176,912,2023-08-12,Нарушение правил парковки (12.19 КоАП),1500,оплачен
3177,327,2024-12-08,Непристегнутый ремень (12.6 КоАП),1000,оплачен
3178,441,2025-05-22,Нарушение правил парковки (12.19 КоАП),1500,оплачен
3179,764,2023-09-14,Выезд на встречную полосу (12.15 ч.4 КоАП),5000,оплачен
3180,46,2024-12-13,Выезд на встречную полосу (12.15 ч.4 КоАП),5000,оплачен
3181,246,2026-03-31,Превышение скорости (12.9 ч.2 КоАП),500,оплачен
3182,936,2025-04-30,Нарушение правил парковки (12.19 КоАП),1500,не оплачен
3183,247,2024-01-30,Проезд на запрещающий сигнал (12.12 ч.1 КоАП),1000,не оплачен
3184,976,2025-06-04,Превышение скорости (12.9 ч.2 КоАП),500,оплачен
3185,177,2023-07-16,Превышение скорости (12.9 ч.2 КоАП),500,не оплачен
3186,1188,2023-12-14,Выезд на встречную полосу (12.15 ч.4 КоАП),5000,оплачен
3187,554,2023-12-05,Нарушение правил парковки (12.19 КоАП),1500,оплачен
3188,983,2024-07-21,Непристегнутый ремень (12.6 КоАП),1000,оплачен
3189,442,2023-08-25,Проезд на запрещающий сигнал (12.12 ч.1 КоАП),1000,оплачен
3190,62,2023-06-21,Выезд на встречную полосу (12.15 ч.4 КоАП),5000,оплачен
3191,954,2024-01-06,Выезд на встречную полосу (12.15 ч.4 КоАП),5000,оплачен
3192,1182,2025-02-01,Превышение скорости (12.9 ч.2 КоАП),500,не оплачен
3193,576,2023-12-31,Превышение скорости (12.9 ч.2 КоАП),500,не оплачен
3194,416,2023-09-22,Выезд на встречную полосу (12.15 ч.4 КоАП),5000,не оплачен
3195,557,2023-05-19,Превышение скорости (12.9 ч.2 КоАП),500,не оплачен
3196,481,2025-08-01,Проезд на запрещающий сигнал (12.12 ч.1 КоАП),1000,оплачен
3197,91,2024-03-09,Превышение скорости (12.9 ч.2 КоАП),500,не оплачен
3198,1145,2023-05-14,Выезд на встречную полосу (12.15 ч.4 КоАП),5000,не оплачен
3199,475,2025-08-24,Выезд на встречную полосу (12.15 ч.4 КоАП),5000,не оплачен
3200,587,2024-03-09,Превышение скорости (12.9 ч.2 КоАП),500,оплачен
3201,753,2024-02-07,Непристегнутый ремень (12.6 КоАП),1000,оплачен
3202,1116,2023-05-23,Выезд на встречную полосу (12.15 ч.4 КоАП),5000,оплачен
3203,1129,2025-10-08,Нарушение правил парковки (12.19 КоАП),1500,оплачен
3204,711,2023-09-05,Нарушение правил парковки (12.19 КоАП),1500,оплачен
3205,823,2024-08-07,Непристегнутый ремень (12.6 КоАП),1000,оплачен
3206,599,2024-04-09,Нарушение правил парковки (12.19 КоАП),1500,оплачен
3207,1111,2026-01-08,Выезд на встречную полосу (12.15 ч.4 КоАП),5000,оплачен
3208,178,2023-10-30,Выезд на встречную полосу (12.15 ч.4 КоАП),5000,оплачен
3209,682,2025-10-06,Проезд на запрещающий сигнал (12.12 ч.1 КоАП),1000,не оплачен
3210,924,2024-04-27,Выезд на встречную полосу (12.15 ч.4 КоАП),5000,не оплачен
3211,88,2025-08-03,Проезд на запрещающий сигнал (12.12 ч.1 КоАП),1000,оплачен
3212,700,2024-05-24,Проезд на запрещающий сигнал (12.12 ч.1 КоАП),1000,оплачен
3213,1175,2023-08-05,Проезд на запрещающий сигнал (12.12 ч.1 КоАП),1000,оплачен
3214,812,2024-09-16,Проезд на запрещающий сигнал (12.12 ч.1 КоАП),1000,оплачен
3215,230,2024-05-13,Выезд на встречную полосу (12.15 ч.4 КоАП),5000,не оплачен
3216,86,2023-09-11,Непристегнутый ремень (12.6 КоАП),1000,оплачен
3217,9,2026-03-11,Непристегнутый ремень (12.6 КоАП),1000,оплачен
3218,338,2023-08-08,Непристегнутый ремень (12.6 КоАП),1000,не оплачен
3219,1002,2025-07-03,Нарушение правил парковки (12.19 КоАП),1500,оплачен
3220,1124,2025-11-01,Нарушение правил парковки (12.19 КоАП),1500,не оплачен
3221,805,2024-01-09,Непристегнутый ремень (12.6 КоАП),1000,оплачен
3222,836,2024-04-14,Нарушение правил парковки (12.19 КоАП),1500,оплачен
3223,463,2023-07-16,Превышение скорости (12.9 ч.2 КоАП),500,оплачен
3224,319,2025-05-11,Выезд на встречную полосу (12.15 ч.4 КоАП),5000,не оплачен
3225,2,2024-04-17,Проезд на запрещающий сигнал (12.12 ч.1 КоАП),1000,не оплачен
3226,221,2023-08-25,Непристегнутый ремень (12.6 КоАП),1000,оплачен
3227,628,2024-04-15,Превышение скорости (12.9 ч.2 КоАП),500,оплачен
3228,621,2025-10-23,Выезд на встречную полосу (12.15 ч.4 КоАП),5000,не оплачен
3229,198,2025-04-11,Непристегнутый ремень (12.6 КоАП),1000,не оплачен
3230,49,2023-12-01,Проезд на запрещающий сигнал (12.12 ч.1 КоАП),1000,оплачен
3231,248,2025-09-22,Нарушение правил парковки (12.19 КоАП),1500,оплачен
3232,138,2025-08-11,Превышение скорости (12.9 ч.2 КоАП),500,оплачен
3233,865,2025-07-08,Превышение скорости (12.9 ч.2 КоАП),500,не оплачен
3234,22,2025-04-26,Выезд на встречную полосу (12.15 ч.4 КоАП),5000,оплачен
3235,703,2024-01-27,Нарушение правил парковки (12.19 КоАП),1500,оплачен
3236,623,2025-07-23,Проезд на запрещающий сигнал (12.12 ч.1 КоАП),1000,оплачен
3237,980,2025-03-23,Непристегнутый ремень (12.6 КоАП),1000,оплачен
3238,86,2025-04-09,Непристегнутый ремень (12.6 КоАП),1000,оплачен
3239,1024,2023-08-15,Превышение скорости (12.9 ч.2 КоАП),500,оплачен
3240,524,2024-03-15,Превышение скорости (12.9 ч.2 КоАП),500,не оплачен
3241,1104,2023-06-26,Выезд на встречную полосу (12.15 ч.4 КоАП),5000,не оплачен
3242,719,2024-08-06,Выезд на встречную полосу (12.15 ч.4 КоАП),5000,не оплачен
3243,56,2023-11-28,Выезд на встречную полосу (12.15 ч.4 КоАП),5000,оплачен
3244,178,2024-04-19,Выезд на встречную полосу (12.15 ч.4 КоАП),5000,оплачен
3245,189,2025-06-20,Непристегнутый ремень (12.6 КоАП),1000,оплачен
3246,932,2025-04-21,Превышение скорости (12.9 ч.2 КоАП),500,оплачен
3247,495,2026-02-28,Нарушение правил парковки (12.19 КоАП),1500,оплачен
3248,71,2025-01-03,Выезд на встречную полосу (12.15 ч.4 КоАП),5000,оплачен
3249,925,2025-06-15,Непристегнутый ремень (12.6 КоАП),1000,оплачен
3250,195,2023-05-28,Выезд на встречную полосу (12.15 ч.4 КоАП),5000,оплачен
3251,58,2025-10-22,Проезд на запрещающий сигнал (12.12 ч.1 КоАП),1000,не оплачен
3252,142,2023-05-04,Выезд на встречную полосу (12.15 ч.4 КоАП),5000,оплачен
3253,563,2023-05-15,Выезд на встречную полосу (12.15 ч.4 КоАП),5000,оплачен
3254,1098,2025-05-15,Выезд на встречную полосу (12.15 ч.4 КоАП),5000,оплачен
3255,519,2026-03-06,Превышение скорости (12.9 ч.2 КоАП),500,оплачен
3256,1006,2025-04-05,Непристегнутый ремень (12.6 КоАП),1000,оплачен
3257,601,2025-12-06,Выезд на встречную полосу (12.15 ч.4 КоАП),5000,не оплачен
3258,595,2025-02-15,Превышение скорости (12.9 ч.2 КоАП),500,оплачен
3259,225,2024-07-04,Выезд на встречную полосу (12.15 ч.4 КоАП),5000,оплачен
3260,408,2023-12-24,Превышение скорости (12.9 ч.2 КоАП),500,оплачен
3261,12,2025-04-08,Проезд на запрещающий сигнал (12.12 ч.1 КоАП),1000,оплачен
3262,772,2025-04-02,Проезд на запрещающий сигнал (12.12 ч.1 КоАП),1000,оплачен
3263,458,2023-06-16,Проезд на запрещающий сигнал (12.12 ч.1 КоАП),1000,оплачен
3264,1011,2025-11-20,Непристегнутый ремень (12.6 КоАП),1000,оплачен
3265,238,2025-04-11,Выезд на встречную полосу (12.15 ч.4 КоАП),5000,оплачен
3266,271,2025-07-25,Проезд на запрещающий сигнал (12.12 ч.1 КоАП),1000,не оплачен
3267,1153,2024-11-16,Непристегнутый ремень (12.6 КоАП),1000,оплачен
3268,751,2023-12-11,Выезд на встречную полосу (12.15 ч.4 КоАП),5000,не оплачен
3269,43,2024-11-23,Выезд на встречную полосу (12.15 ч.4 КоАП),5000,не оплачен
3270,1114,2024-05-09,Нарушение правил парковки (12.19 КоАП),1500,оплачен
3271,69,2025-10-21,Выезд на встречную полосу (12.15 ч.4 КоАП),5000,оплачен
3272,865,2025-12-08,Непристегнутый ремень (12.6 КоАП),1000,оплачен
3273,539,2023-08-03,Превышение скорости (12.9 ч.2 КоАП),500,не оплачен
3274,973,2024-02-10,Нарушение правил парковки (12.19 КоАП),1500,оплачен
3275,282,2025-07-15,Проезд на запрещающий сигнал (12.12 ч.1 КоАП),1000,оплачен
3276,177,2024-09-06,Проезд на запрещающий сигнал (12.12 ч.1 КоАП),1000,оплачен
3277,914,2024-08-15,Проезд на запрещающий сигнал (12.12 ч.1 КоАП),1000,оплачен
3278,765,2023-08-07,Непристегнутый ремень (12.6 КоАП),1000,оплачен
3279,137,2024-04-08,Выезд на встречную полосу (12.15 ч.4 КоАП),5000,не оплачен
3280,1193,2023-10-31,Проезд на запрещающий сигнал (12.12 ч.1 КоАП),1000,оплачен
3281,82,2025-04-08,Непристегнутый ремень (12.6 КоАП),1000,оплачен
3282,616,2025-12-23,Проезд на запрещающий сигнал (12.12 ч.1 КоАП),1000,оплачен
3283,23,2026-01-25,Выезд на встречную полосу (12.15 ч.4 КоАП),5000,оплачен
3284,25,2024-06-02,Непристегнутый ремень (12.6 КоАП),1000,оплачен
3285,1200,2024-05-16,Нарушение правил парковки (12.19 КоАП),1500,оплачен
3286,281,2025-08-05,Нарушение правил парковки (12.19 КоАП),1500,оплачен
3287,984,2026-03-03,Проезд на запрещающий сигнал (12.12 ч.1 КоАП),1000,не оплачен
3288,973,2026-01-18,Проезд на запрещающий сигнал (12.12 ч.1 КоАП),1000,оплачен
3289,203,2024-09-25,Проезд на запрещающий сигнал (12.12 ч.1 КоАП),1000,оплачен
3290,1109,2026-04-13,Непристегнутый ремень (12.6 КоАП),1000,не оплачен
3291,300,2023-10-29,Превышение скорости (12.9 ч.2 КоАП),500,оплачен
3292,298,2025-10-14,Непристегнутый ремень (12.6 КоАП),1000,не оплачен
3293,979,2024-11-01,Превышение скорости (12.9 ч.2 КоАП),500,оплачен
3294,1160,2024-05-20,Превышение скорости (12.9 ч.2 КоАП),500,оплачен
3295,741,2024-07-03,Выезд на встречную полосу (12.15 ч.4 КоАП),5000,не оплачен
3296,833,2024-01-13,Нарушение правил парковки (12.19 КоАП),1500,оплачен
3297,88,2026-03-01,Выезд на встречную полосу (12.15 ч.4 КоАП),5000,не оплачен
3298,57,2024-04-04,Выезд на встречную полосу (12.15 ч.4 КоАП),5000,оплачен
3299,801,2024-03-07,Нарушение правил парковки (12.19 КоАП),1500,оплачен
3300,261,2024-06-01,Проезд на запрещающий сигнал (12.12 ч.1 КоАП),1000,оплачен
3301,833,2024-05-24,Непристегнутый ремень (12.6 КоАП),1000,оплачен
3302,495,2023-06-27,Проезд на запрещающий сигнал (12.12 ч.1 КоАП),1000,оплачен
3303,1019,2024-01-21,Нарушение правил парковки (12.19 КоАП),1500,не оплачен
3304,64,2024-11-23,Выезд на встречную полосу (12.15 ч.4 КоАП),5000,оплачен
3305,174,2025-09-04,Непристегнутый ремень (12.6 КоАП),1000,не оплачен
3306,82,2026-01-31,Проезд на запрещающий сигнал (12.12 ч.1 КоАП),1000,оплачен
3307,576,2025-06-18,Выезд на встречную полосу (12.15 ч.4 КоАП),5000,оплачен
3308,622,2024-11-07,Нарушение правил парковки (12.19 КоАП),1500,не оплачен
3309,670,2024-09-19,Непристегнутый ремень (12.6 КоАП),1000,не оплачен
3310,1048,2023-07-31,Выезд на встречную полосу (12.15 ч.4 КоАП),5000,оплачен
3311,1148,2023-05-08,Непристегнутый ремень (12.6 КоАП),1000,не оплачен
3312,1176,2025-07-18,Непристегнутый ремень (12.6 КоАП),1000,оплачен
3313,187,2025-07-17,Нарушение правил парковки (12.19 КоАП),1500,оплачен
3314,1092,2025-11-20,Нарушение правил парковки (12.19 КоАП),1500,оплачен
3315,516,2023-12-16,Превышение скорости (12.9 ч.2 КоАП),500,оплачен
3316,592,2026-01-01,Нарушение правил парковки (12.19 КоАП),1500,оплачен
3317,642,2023-10-01,Проезд на запрещающий сигнал (12.12 ч.1 КоАП),1000,не оплачен
3318,491,2025-03-13,Нарушение правил парковки (12.19 КоАП),1500,оплачен
3319,628,2023-09-20,Нарушение правил парковки (12.19 КоАП),1500,оплачен
3320,1061,2023-04-26,Нарушение правил парковки (12.19 КоАП),1500,оплачен
3321,541,2025-07-14,Нарушение правил парковки (12.19 КоАП),1500,оплачен
3322,286,2026-02-19,Проезд на запрещающий сигнал (12.12 ч.1 КоАП),1000,не оплачен
3323,390,2025-03-27,Нарушение правил парковки (12.19 КоАП),1500,оплачен
3324,1112,2024-06-21,Нарушение правил парковки (12.19 КоАП),1500,оплачен
3325,948,2025-08-02,Проезд на запрещающий сигнал (12.12 ч.1 КоАП),1000,оплачен
3326,241,2024-09-10,Проезд на запрещающий сигнал (12.12 ч.1 КоАП),1000,не оплачен
3327,506,2024-05-06,Нарушение правил парковки (12.19 КоАП),1500,оплачен
3328,375,2023-08-26,Нарушение правил парковки (12.19 КоАП),1500,не оплачен
3329,768,2024-10-02,Выезд на встречную полосу (12.15 ч.4 КоАП),5000,оплачен
3330,555,2025-11-13,Выезд на встречную полосу (12.15 ч.4 КоАП),5000,не оплачен
3331,1101,2025-12-29,Выезд на встречную полосу (12.15 ч.4 КоАП),5000,оплачен
3332,148,2025-11-03,Нарушение правил парковки (12.19 КоАП),1500,оплачен
3333,1128,2025-02-25,Выезд на встречную полосу (12.15 ч.4 КоАП),5000,не оплачен
3334,137,2024-07-13,Превышение скорости (12.9 ч.2 КоАП),500,оплачен
3335,1014,2026-03-06,Нарушение правил парковки (12.19 КоАП),1500,оплачен
3336,1196,2024-12-30,Непристегнутый ремень (12.6 КоАП),1000,не оплачен
3337,1163,2026-04-12,Непристегнутый ремень (12.6 КоАП),1000,оплачен
3338,105,2023-05-11,Нарушение правил парковки (12.19 КоАП),1500,не оплачен
3339,222,2025-09-08,Выезд на встречную полосу (12.15 ч.4 КоАП),5000,оплачен
3340,642,2025-03-20,Выезд на встречную полосу (12.15 ч.4 КоАП),5000,оплачен
3341,252,2026-03-16,Проезд на запрещающий сигнал (12.12 ч.1 КоАП),1000,оплачен
3342,85,2023-11-19,Превышение скорости (12.9 ч.2 КоАП),500,не оплачен
3343,221,2024-10-01,Нарушение правил парковки (12.19 КоАП),1500,оплачен
3344,261,2024-05-17,Нарушение правил парковки (12.19 КоАП),1500,не оплачен
3345,420,2025-06-07,Выезд на встречную полосу (12.15 ч.4 КоАП),5000,оплачен
3346,123,2025-06-02,Непристегнутый ремень (12.6 КоАП),1000,оплачен
3347,568,2025-06-06,Нарушение правил парковки (12.19 КоАП),1500,оплачен
3348,473,2024-09-18,Проезд на запрещающий сигнал (12.12 ч.1 КоАП),1000,оплачен
3349,1169,2024-04-24,Непристегнутый ремень (12.6 КоАП),1000,не оплачен
3350,725,2025-06-26,Непристегнутый ремень (12.6 КоАП),1000,не оплачен
3351,48,2025-08-20,Проезд на запрещающий сигнал (12.12 ч.1 КоАП),1000,оплачен
3352,451,2023-10-24,Нарушение правил парковки (12.19 КоАП),1500,оплачен
3353,417,2025-03-22,Выезд на встречную полосу (12.15 ч.4 КоАП),5000,оплачен
3354,329,2025-02-27,Превышение скорости (12.9 ч.2 КоАП),500,оплачен
3355,553,2025-08-05,Непристегнутый ремень (12.6 КоАП),1000,не оплачен
3356,196,2024-04-07,Превышение скорости (12.9 ч.2 КоАП),500,оплачен
3357,453,2024-11-16,Выезд на встречную полосу (12.15 ч.4 КоАП),5000,оплачен
3358,340,2024-02-12,Непристегнутый ремень (12.6 КоАП),1000,не оплачен
3359,573,2023-11-10,Проезд на запрещающий сигнал (12.12 ч.1 КоАП),1000,оплачен
3360,632,2024-06-24,Проезд на запрещающий сигнал (12.12 ч.1 КоАП),1000,оплачен
3361,792,2025-04-25,Непристегнутый ремень (12.6 КоАП),1000,оплачен
3362,206,2025-07-16,Проезд на запрещающий сигнал (12.12 ч.1 КоАП),1000,не оплачен
3363,910,2023-08-25,Выезд на встречную полосу (12.15 ч.4 КоАП),5000,оплачен
3364,779,2023-10-14,Выезд на встречную полосу (12.15 ч.4 КоАП),5000,оплачен
3365,421,2023-05-11,Нарушение правил парковки (12.19 КоАП),1500,не оплачен
3366,895,2026-02-17,Выезд на встречную полосу (12.15 ч.4 КоАП),5000,не оплачен
3367,702,2023-10-24,Непристегнутый ремень (12.6 КоАП),1000,оплачен
3368,1040,2025-02-15,Выезд на встречную полосу (12.15 ч.4 КоАП),5000,оплачен
3369,421,2023-12-14,Выезд на встречную полосу (12.15 ч.4 КоАП),5000,оплачен
3370,774,2023-10-18,Превышение скорости (12.9 ч.2 КоАП),500,оплачен
3371,425,2025-11-22,Выезд на встречную полосу (12.15 ч.4 КоАП),5000,оплачен
3372,830,2025-07-10,Нарушение правил парковки (12.19 КоАП),1500,оплачен
3373,473,2025-09-24,Нарушение правил парковки (12.19 КоАП),1500,оплачен
3374,50,2025-05-09,Выезд на встречную полосу (12.15 ч.4 КоАП),5000,оплачен
3375,500,2024-05-24,Непристегнутый ремень (12.6 КоАП),1000,оплачен
3376,927,2024-07-09,Превышение скорости (12.9 ч.2 КоАП),500,не оплачен
3377,797,2025-02-06,Превышение скорости (12.9 ч.2 КоАП),500,оплачен
3378,781,2025-10-11,Нарушение правил парковки (12.19 КоАП),1500,оплачен
3379,913,2024-03-02,Выезд на встречную полосу (12.15 ч.4 КоАП),5000,не оплачен
3380,896,2023-09-10,Превышение скорости (12.9 ч.2 КоАП),500,оплачен
3381,552,2025-02-02,Проезд на запрещающий сигнал (12.12 ч.1 КоАП),1000,оплачен
3382,981,2025-09-09,Нарушение правил парковки (12.19 КоАП),1500,оплачен
3383,1200,2026-04-03,Проезд на запрещающий сигнал (12.12 ч.1 КоАП),1000,оплачен
3384,1088,2023-09-09,Непристегнутый ремень (12.6 КоАП),1000,не оплачен
3385,782,2026-04-08,Превышение скорости (12.9 ч.2 КоАП),500,оплачен
3386,185,2024-10-10,Проезд на запрещающий сигнал (12.12 ч.1 КоАП),1000,не оплачен
3387,190,2026-03-12,Проезд на запрещающий сигнал (12.12 ч.1 КоАП),1000,оплачен
3388,103,2026-03-07,Непристегнутый ремень (12.6 КоАП),1000,оплачен
3389,523,2023-08-15,Непристегнутый ремень (12.6 КоАП),1000,оплачен
3390,291,2024-12-17,Нарушение правил парковки (12.19 КоАП),1500,не оплачен
3391,381,2024-07-13,Нарушение правил парковки (12.19 КоАП),1500,оплачен
3392,342,2025-12-05,Нарушение правил парковки (12.19 КоАП),1500,оплачен
3393,189,2023-10-19,Проезд на запрещающий сигнал (12.12 ч.1 КоАП),1000,оплачен
3394,361,2025-12-03,Непристегнутый ремень (12.6 КоАП),1000,оплачен
3395,867,2023-05-23,Выезд на встречную полосу (12.15 ч.4 КоАП),5000,не оплачен
3396,36,2025-05-29,Проезд на запрещающий сигнал (12.12 ч.1 КоАП),1000,не оплачен
3397,158,2023-07-06,Проезд на запрещающий сигнал (12.12 ч.1 КоАП),1000,оплачен
3398,552,2025-12-31,Превышение скорости (12.9 ч.2 КоАП),500,не оплачен
3399,1094,2024-06-17,Проезд на запрещающий сигнал (12.12 ч.1 КоАП),1000,оплачен
3400,1134,2024-06-29,Выезд на встречную полосу (12.15 ч.4 КоАП),5000,не оплачен
3401,313,2024-10-05,Проезд на запрещающий сигнал (12.12 ч.1 КоАП),1000,оплачен
3402,504,2023-10-21,Проезд на запрещающий сигнал (12.12 ч.1 КоАП),1000,не оплачен
3403,352,2025-11-09,Нарушение правил парковки (12.19 КоАП),1500,не оплачен
3404,43,2026-04-01,Непристегнутый ремень (12.6 КоАП),1000,оплачен
3405,807,2024-11-29,Превышение скорости (12.9 ч.2 КоАП),500,оплачен
3406,961,2024-07-15,Превышение скорости (12.9 ч.2 КоАП),500,оплачен
3407,496,2025-10-04,Проезд на запрещающий сигнал (12.12 ч.1 КоАП),1000,не оплачен
3408,1176,2024-01-29,Нарушение правил парковки (12.19 КоАП),1500,не оплачен
3409,504,2024-04-28,Выезд на встречную полосу (12.15 ч.4 КоАП),5000,оплачен
3410,509,2023-06-01,Превышение скорости (12.9 ч.2 КоАП),500,оплачен
3411,87,2024-12-04,Непристегнутый ремень (12.6 КоАП),1000,оплачен
3412,279,2026-04-07,Выезд на встречную полосу (12.15 ч.4 КоАП),5000,оплачен
3413,1084,2025-02-13,Выезд на встречную полосу (12.15 ч.4 КоАП),5000,не оплачен
3414,1128,2023-08-03,Выезд на встречную полосу (12.15 ч.4 КоАП),5000,оплачен
3415,1076,2025-12-07,Выезд на встречную полосу (12.15 ч.4 КоАП),5000,оплачен
3416,725,2023-05-15,Непристегнутый ремень (12.6 КоАП),1000,не оплачен
3417,830,2023-10-19,Непристегнутый ремень (12.6 КоАП),1000,не оплачен
3418,835,2025-05-06,Непристегнутый ремень (12.6 КоАП),1000,оплачен
3419,259,2026-02-01,Выезд на встречную полосу (12.15 ч.4 КоАП),5000,не оплачен
3420,151,2024-06-19,Проезд на запрещающий сигнал (12.12 ч.1 КоАП),1000,оплачен
3421,612,2025-07-06,Нарушение правил парковки (12.19 КоАП),1500,оплачен
3422,784,2024-07-22,Выезд на встречную полосу (12.15 ч.4 КоАП),5000,оплачен
3423,49,2024-01-03,Нарушение правил парковки (12.19 КоАП),1500,оплачен
3424,33,2024-09-02,Проезд на запрещающий сигнал (12.12 ч.1 КоАП),1000,оплачен
3425,922,2023-12-30,Проезд на запрещающий сигнал (12.12 ч.1 КоАП),1000,не оплачен
3426,619,2024-06-14,Проезд на запрещающий сигнал (12.12 ч.1 КоАП),1000,оплачен
3427,34,2025-01-18,Проезд на запрещающий сигнал (12.12 ч.1 КоАП),1000,не оплачен
3428,518,2025-04-13,Выезд на встречную полосу (12.15 ч.4 КоАП),5000,оплачен
3429,953,2023-10-26,Выезд на встречную полосу (12.15 ч.4 КоАП),5000,оплачен
3430,949,2025-11-10,Проезд на запрещающий сигнал (12.12 ч.1 КоАП),1000,оплачен
3431,503,2024-03-27,Превышение скорости (12.9 ч.2 КоАП),500,не оплачен
3432,606,2023-07-29,Превышение скорости (12.9 ч.2 КоАП),500,оплачен
3433,953,2024-12-08,Нарушение правил парковки (12.19 КоАП),1500,не оплачен
3434,160,2026-01-28,Выезд на встречную полосу (12.15 ч.4 КоАП),5000,оплачен
3435,1050,2024-07-27,Нарушение правил парковки (12.19 КоАП),1500,оплачен
3436,982,2025-05-20,Превышение скорости (12.9 ч.2 КоАП),500,оплачен
3437,397,2024-02-26,Нарушение правил парковки (12.19 КоАП),1500,оплачен
3438,340,2026-03-27,Непристегнутый ремень (12.6 КоАП),1000,оплачен
3439,299,2025-10-11,Превышение скорости (12.9 ч.2 КоАП),500,не оплачен
3440,553,2023-06-01,Непристегнутый ремень (12.6 КоАП),1000,оплачен
3441,448,2025-07-23,Непристегнутый ремень (12.6 КоАП),1000,оплачен
3442,50,2025-05-07,Нарушение правил парковки (12.19 КоАП),1500,оплачен
3443,943,2024-10-22,Нарушение правил парковки (12.19 КоАП),1500,оплачен
3444,584,2024-02-17,Нарушение правил парковки (12.19 КоАП),1500,оплачен
3445,1200,2024-10-03,Непристегнутый ремень (12.6 КоАП),1000,оплачен
3446,999,2025-07-30,Выезд на встречную полосу (12.15 ч.4 КоАП),5000,оплачен
3447,75,2026-02-02,Непристегнутый ремень (12.6 КоАП),1000,оплачен
3448,1160,2025-09-16,Непристегнутый ремень (12.6 КоАП),1000,оплачен
3449,774,2025-09-09,Проезд на запрещающий сигнал (12.12 ч.1 КоАП),1000,оплачен
3450,548,2024-03-05,Выезд на встречную полосу (12.15 ч.4 КоАП),5000,оплачен
3451,191,2023-12-31,Проезд на запрещающий сигнал (12.12 ч.1 КоАП),1000,оплачен
3452,808,2024-06-21,Нарушение правил парковки (12.19 КоАП),1500,оплачен
3453,621,2024-03-12,Превышение скорости (12.9 ч.2 КоАП),500,оплачен
3454,399,2024-09-16,Проезд на запрещающий сигнал (12.12 ч.1 КоАП),1000,оплачен
3455,856,2026-02-22,Проезд на запрещающий сигнал (12.12 ч.1 КоАП),1000,не оплачен
3456,875,2025-11-14,Проезд на запрещающий сигнал (12.12 ч.1 КоАП),1000,оплачен
3457,432,2024-11-05,Нарушение правил парковки (12.19 КоАП),1500,оплачен
3458,335,2023-10-17,Превышение скорости (12.9 ч.2 КоАП),500,не оплачен
3459,989,2024-04-24,Нарушение правил парковки (12.19 КоАП),1500,не оплачен
3460,960,2024-02-14,Проезд на запрещающий сигнал (12.12 ч.1 КоАП),1000,не оплачен
3461,1011,2024-04-09,Проезд на запрещающий сигнал (12.12 ч.1 КоАП),1000,оплачен
3462,702,2023-08-09,Выезд на встречную полосу (12.15 ч.4 КоАП),5000,оплачен
3463,961,2025-01-17,Нарушение правил парковки (12.19 КоАП),1500,не оплачен
3464,1182,2025-11-07,Нарушение правил парковки (12.19 КоАП),1500,оплачен
3465,669,2024-11-22,Нарушение правил парковки (12.19 КоАП),1500,оплачен
3466,1066,2024-06-13,Непристегнутый ремень (12.6 КоАП),1000,оплачен
3467,503,2024-02-23,Непристегнутый ремень (12.6 КоАП),1000,оплачен
3468,889,2023-11-17,Превышение скорости (12.9 ч.2 КоАП),500,оплачен
3469,1043,2024-05-08,Нарушение правил парковки (12.19 КоАП),1500,оплачен
3470,106,2024-02-02,Выезд на встречную полосу (12.15 ч.4 КоАП),5000,не оплачен
3471,528,2024-06-25,Нарушение правил парковки (12.19 КоАП),1500,оплачен
3472,1137,2025-01-28,Проезд на запрещающий сигнал (12.12 ч.1 КоАП),1000,оплачен
3473,510,2025-09-20,Проезд на запрещающий сигнал (12.12 ч.1 КоАП),1000,оплачен
3474,202,2024-03-29,Проезд на запрещающий сигнал (12.12 ч.1 КоАП),1000,оплачен
3475,744,2024-10-19,Непристегнутый ремень (12.6 КоАП),1000,оплачен
3476,859,2024-10-27,Выезд на встречную полосу (12.15 ч.4 КоАП),5000,оплачен
3477,167,2023-11-01,Нарушение правил парковки (12.19 КоАП),1500,оплачен
3478,986,2025-02-02,Непристегнутый ремень (12.6 КоАП),1000,не оплачен
3479,643,2025-12-07,Превышение скорости (12.9 ч.2 КоАП),500,не оплачен
3480,893,2025-06-02,Превышение скорости (12.9 ч.2 КоАП),500,оплачен
3481,316,2025-08-27,Выезд на встречную полосу (12.15 ч.4 КоАП),5000,оплачен
3482,684,2025-07-04,Превышение скорости (12.9 ч.2 КоАП),500,не оплачен
3483,631,2024-02-21,Превышение скорости (12.9 ч.2 КоАП),500,оплачен
3484,812,2026-02-07,Выезд на встречную полосу (12.15 ч.4 КоАП),5000,оплачен
3485,881,2025-06-03,Выезд на встречную полосу (12.15 ч.4 КоАП),5000,не оплачен
3486,499,2025-04-28,Нарушение правил парковки (12.19 КоАП),1500,оплачен
3487,689,2025-05-11,Проезд на запрещающий сигнал (12.12 ч.1 КоАП),1000,оплачен
3488,772,2023-12-25,Нарушение правил парковки (12.19 КоАП),1500,не оплачен
3489,169,2023-07-16,Превышение скорости (12.9 ч.2 КоАП),500,оплачен
3490,308,2024-08-14,Превышение скорости (12.9 ч.2 КоАП),500,оплачен
3491,190,2024-04-15,Выезд на встречную полосу (12.15 ч.4 КоАП),5000,не оплачен
3492,106,2025-09-14,Проезд на запрещающий сигнал (12.12 ч.1 КоАП),1000,оплачен
3493,67,2025-06-05,Проезд на запрещающий сигнал (12.12 ч.1 КоАП),1000,оплачен
3494,732,2023-10-28,Нарушение правил парковки (12.19 КоАП),1500,оплачен
3495,83,2025-06-11,Превышение скорости (12.9 ч.2 КоАП),500,оплачен
3496,677,2025-06-28,Нарушение правил парковки (12.19 КоАП),1500,оплачен
3497,169,2025-08-23,Непристегнутый ремень (12.6 КоАП),1000,не оплачен
3498,1,2026-03-13,Непристегнутый ремень (12.6 КоАП),1000,не оплачен
3499,349,2024-06-21,Проезд на запрещающий сигнал (12.12 ч.1 КоАП),1000,не оплачен
3500,221,2023-11-30,Выезд на встречную полосу (12.15 ч.4 КоАП),5000,оплачен
3501,1078,2025-04-15,Нарушение правил парковки (12.19 КоАП),1500,оплачен
3502,583,2023-10-13,Непристегнутый ремень (12.6 КоАП),1000,оплачен
3503,533,2024-11-27,Выезд на встречную полосу (12.15 ч.4 КоАП),5000,оплачен
3504,197,2025-12-19,Непристегнутый ремень (12.6 КоАП),1000,оплачен
3505,582,2025-02-12,Проезд на запрещающий сигнал (12.12 ч.1 КоАП),1000,оплачен
3506,334,2024-08-27,Нарушение правил парковки (12.19 КоАП),1500,оплачен
3507,735,2025-01-29,Выезд на встречную полосу (12.15 ч.4 КоАП),5000,не оплачен
3508,602,2024-07-04,Нарушение правил парковки (12.19 КоАП),1500,оплачен
3509,857,2024-10-26,Выезд на встречную полосу (12.15 ч.4 КоАП),5000,не оплачен
3510,634,2024-11-02,Проезд на запрещающий сигнал (12.12 ч.1 КоАП),1000,оплачен
3511,493,2024-03-27,Проезд на запрещающий сигнал (12.12 ч.1 КоАП),1000,оплачен
3512,76,2025-11-09,Проезд на запрещающий сигнал (12.12 ч.1 КоАП),1000,оплачен
3513,242,2024-01-01,Непристегнутый ремень (12.6 КоАП),1000,оплачен
3514,259,2025-07-11,Выезд на встречную полосу (12.15 ч.4 КоАП),5000,оплачен
3515,579,2024-06-02,Превышение скорости (12.9 ч.2 КоАП),500,не оплачен
3516,1187,2023-05-22,Нарушение правил парковки (12.19 КоАП),1500,оплачен
3517,892,2024-03-04,Выезд на встречную полосу (12.15 ч.4 КоАП),5000,оплачен
3518,620,2024-06-10,Непристегнутый ремень (12.6 КоАП),1000,не оплачен
3519,970,2025-05-19,Проезд на запрещающий сигнал (12.12 ч.1 КоАП),1000,оплачен
3520,321,2025-02-24,Нарушение правил парковки (12.19 КоАП),1500,оплачен
3521,136,2025-11-07,Нарушение правил парковки (12.19 КоАП),1500,оплачен
3522,798,2025-01-06,Нарушение правил парковки (12.19 КоАП),1500,оплачен
3523,950,2024-08-01,Выезд на встречную полосу (12.15 ч.4 КоАП),5000,оплачен
3524,663,2024-11-20,Выезд на встречную полосу (12.15 ч.4 КоАП),5000,оплачен
3525,865,2026-04-05,Нарушение правил парковки (12.19 КоАП),1500,оплачен
3526,377,2024-06-10,Непристегнутый ремень (12.6 КоАП),1000,оплачен
3527,514,2024-08-11,Проезд на запрещающий сигнал (12.12 ч.1 КоАП),1000,оплачен
3528,686,2023-04-24,Выезд на встречную полосу (12.15 ч.4 КоАП),5000,оплачен
3529,492,2025-02-01,Проезд на запрещающий сигнал (12.12 ч.1 КоАП),1000,оплачен
3530,570,2024-12-24,Выезд на встречную полосу (12.15 ч.4 КоАП),5000,не оплачен
3531,856,2025-07-06,Проезд на запрещающий сигнал (12.12 ч.1 КоАП),1000,оплачен
3532,739,2025-11-01,Превышение скорости (12.9 ч.2 КоАП),500,не оплачен
3533,764,2025-10-29,Непристегнутый ремень (12.6 КоАП),1000,оплачен
3534,989,2024-08-01,Превышение скорости (12.9 ч.2 КоАП),500,не оплачен
3535,414,2023-12-12,Непристегнутый ремень (12.6 КоАП),1000,оплачен
3536,1035,2024-10-03,Нарушение правил парковки (12.19 КоАП),1500,оплачен
3537,1083,2024-03-25,Выезд на встречную полосу (12.15 ч.4 КоАП),5000,не оплачен
3538,403,2023-12-30,Непристегнутый ремень (12.6 КоАП),1000,оплачен
3539,932,2025-07-02,Превышение скорости (12.9 ч.2 КоАП),500,не оплачен
3540,1121,2024-02-11,Непристегнутый ремень (12.6 КоАП),1000,оплачен
3541,92,2024-12-30,Выезд на встречную полосу (12.15 ч.4 КоАП),5000,оплачен
3542,835,2025-10-13,Превышение скорости (12.9 ч.2 КоАП),500,оплачен
3543,972,2024-04-18,Превышение скорости (12.9 ч.2 КоАП),500,не оплачен
3544,950,2023-05-02,Выезд на встречную полосу (12.15 ч.4 КоАП),5000,не оплачен
3545,1172,2025-12-21,Непристегнутый ремень (12.6 КоАП),1000,оплачен
3546,457,2025-08-30,Нарушение правил парковки (12.19 КоАП),1500,оплачен
3547,80,2023-06-09,Нарушение правил парковки (12.19 КоАП),1500,не оплачен
3548,521,2023-08-16,Непристегнутый ремень (12.6 КоАП),1000,оплачен
3549,1087,2023-09-23,Превышение скорости (12.9 ч.2 КоАП),500,оплачен
3550,921,2026-01-24,Проезд на запрещающий сигнал (12.12 ч.1 КоАП),1000,оплачен
3551,881,2026-02-25,Превышение скорости (12.9 ч.2 КоАП),500,оплачен
3552,561,2025-08-11,Превышение скорости (12.9 ч.2 КоАП),500,оплачен
3553,854,2025-05-23,Непристегнутый ремень (12.6 КоАП),1000,оплачен
3554,105,2024-01-20,Нарушение правил парковки (12.19 КоАП),1500,оплачен
3555,438,2023-10-17,Непристегнутый ремень (12.6 КоАП),1000,оплачен
3556,589,2026-01-28,Непристегнутый ремень (12.6 КоАП),1000,не оплачен
3557,797,2024-02-12,Проезд на запрещающий сигнал (12.12 ч.1 КоАП),1000,оплачен
3558,363,2025-09-21,Нарушение правил парковки (12.19 КоАП),1500,оплачен
3559,30,2025-08-15,Проезд на запрещающий сигнал (12.12 ч.1 КоАП),1000,оплачен
3560,674,2024-02-11,Превышение скорости (12.9 ч.2 КоАП),500,оплачен
3561,43,2023-05-20,Выезд на встречную полосу (12.15 ч.4 КоАП),5000,оплачен
3562,347,2024-01-04,Нарушение правил парковки (12.19 КоАП),1500,оплачен
3563,852,2023-06-18,Нарушение правил парковки (12.19 КоАП),1500,оплачен
3564,418,2026-04-07,Выезд на встречную полосу (12.15 ч.4 КоАП),5000,не оплачен
3565,200,2023-06-08,Нарушение правил парковки (12.19 КоАП),1500,не оплачен
3566,634,2024-10-24,Нарушение правил парковки (12.19 КоАП),1500,не оплачен
3567,141,2025-02-16,Непристегнутый ремень (12.6 КоАП),1000,оплачен
3568,249,2025-12-23,Проезд на запрещающий сигнал (12.12 ч.1 КоАП),1000,не оплачен
3569,491,2026-01-22,Превышение скорости (12.9 ч.2 КоАП),500,оплачен
3570,367,2024-10-05,Нарушение правил парковки (12.19 КоАП),1500,оплачен
3571,692,2025-03-19,Выезд на встречную полосу (12.15 ч.4 КоАП),5000,оплачен
3572,953,2024-01-04,Непристегнутый ремень (12.6 КоАП),1000,оплачен
3573,570,2026-02-20,Выезд на встречную полосу (12.15 ч.4 КоАП),5000,не оплачен
3574,189,2024-03-04,Нарушение правил парковки (12.19 КоАП),1500,оплачен
3575,388,2025-08-05,Выезд на встречную полосу (12.15 ч.4 КоАП),5000,оплачен
3576,38,2025-02-18,Нарушение правил парковки (12.19 КоАП),1500,не оплачен
3577,177,2026-02-23,Непристегнутый ремень (12.6 КоАП),1000,не оплачен
3578,299,2023-11-01,Проезд на запрещающий сигнал (12.12 ч.1 КоАП),1000,оплачен
3579,1096,2025-01-16,Непристегнутый ремень (12.6 КоАП),1000,оплачен
3580,62,2023-07-07,Нарушение правил парковки (12.19 КоАП),1500,оплачен
3581,886,2023-08-20,Выезд на встречную полосу (12.15 ч.4 КоАП),5000,оплачен
3582,825,2025-08-17,Непристегнутый ремень (12.6 КоАП),1000,оплачен
3583,991,2025-02-19,Проезд на запрещающий сигнал (12.12 ч.1 КоАП),1000,не оплачен
3584,465,2023-08-10,Превышение скорости (12.9 ч.2 КоАП),500,не оплачен
3585,1142,2025-10-13,Выезд на встречную полосу (12.15 ч.4 КоАП),5000,не оплачен
3586,660,2023-10-08,Выезд на встречную полосу (12.15 ч.4 КоАП),5000,оплачен
3587,86,2024-05-06,Проезд на запрещающий сигнал (12.12 ч.1 КоАП),1000,оплачен
3588,8,2025-02-21,Проезд на запрещающий сигнал (12.12 ч.1 КоАП),1000,оплачен
3589,763,2026-03-11,Превышение скорости (12.9 ч.2 КоАП),500,оплачен
3590,16,2024-06-17,Выезд на встречную полосу (12.15 ч.4 КоАП),5000,не оплачен
3591,175,2023-07-24,Выезд на встречную полосу (12.15 ч.4 КоАП),5000,оплачен
3592,1067,2026-03-31,Превышение скорости (12.9 ч.2 КоАП),500,оплачен
3593,279,2025-01-24,Превышение скорости (12.9 ч.2 КоАП),500,оплачен
3594,1130,2025-10-30,Непристегнутый ремень (12.6 КоАП),1000,не оплачен
3595,246,2024-09-21,Нарушение правил парковки (12.19 КоАП),1500,оплачен
3596,650,2025-08-11,Превышение скорости (12.9 ч.2 КоАП),500,оплачен
3597,872,2023-06-12,Непристегнутый ремень (12.6 КоАП),1000,оплачен
3598,113,2024-11-05,Превышение скорости (12.9 ч.2 КоАП),500,не оплачен
3599,529,2023-08-19,Проезд на запрещающий сигнал (12.12 ч.1 КоАП),1000,не оплачен
3600,575,2025-06-27,Проезд на запрещающий сигнал (12.12 ч.1 КоАП),1000,оплачен
3601,153,2024-08-18,Выезд на встречную полосу (12.15 ч.4 КоАП),5000,не оплачен
3602,154,2023-07-05,Нарушение правил парковки (12.19 КоАП),1500,оплачен
3603,834,2024-07-27,Нарушение правил парковки (12.19 КоАП),1500,оплачен
3604,672,2026-01-18,Нарушение правил парковки (12.19 КоАП),1500,оплачен
3605,282,2025-05-30,Превышение скорости (12.9 ч.2 КоАП),500,не оплачен
3606,206,2025-05-20,Непристегнутый ремень (12.6 КоАП),1000,оплачен
3607,542,2024-05-02,Превышение скорости (12.9 ч.2 КоАП),500,не оплачен
3608,254,2024-10-25,Нарушение правил парковки (12.19 КоАП),1500,оплачен
3609,1193,2023-06-18,Проезд на запрещающий сигнал (12.12 ч.1 КоАП),1000,не оплачен
3610,101,2024-04-23,Проезд на запрещающий сигнал (12.12 ч.1 КоАП),1000,оплачен
3611,1109,2023-10-28,Непристегнутый ремень (12.6 КоАП),1000,не оплачен
3612,1125,2025-06-28,Превышение скорости (12.9 ч.2 КоАП),500,не оплачен
3613,609,2025-07-23,Непристегнутый ремень (12.6 КоАП),1000,не оплачен
3614,206,2024-08-05,Нарушение правил парковки (12.19 КоАП),1500,не оплачен
3615,639,2025-10-22,Превышение скорости (12.9 ч.2 КоАП),500,не оплачен
3616,191,2025-04-07,Выезд на встречную полосу (12.15 ч.4 КоАП),5000,оплачен
3617,107,2024-07-22,Нарушение правил парковки (12.19 КоАП),1500,оплачен
3618,9,2023-08-01,Превышение скорости (12.9 ч.2 КоАП),500,оплачен
3619,88,2024-12-16,Выезд на встречную полосу (12.15 ч.4 КоАП),5000,оплачен
3620,832,2024-04-05,Нарушение правил парковки (12.19 КоАП),1500,оплачен
3621,326,2024-02-01,Нарушение правил парковки (12.19 КоАП),1500,оплачен
3622,508,2024-01-05,Непристегнутый ремень (12.6 КоАП),1000,оплачен
3623,380,2025-07-19,Проезд на запрещающий сигнал (12.12 ч.1 КоАП),1000,оплачен
3624,213,2024-08-21,Непристегнутый ремень (12.6 КоАП),1000,оплачен
3625,964,2024-10-25,Превышение скорости (12.9 ч.2 КоАП),500,оплачен
3626,347,2025-01-14,Проезд на запрещающий сигнал (12.12 ч.1 КоАП),1000,не оплачен
3627,489,2024-04-05,Непристегнутый ремень (12.6 КоАП),1000,не оплачен
3628,1072,2024-04-15,Превышение скорости (12.9 ч.2 КоАП),500,не оплачен
3629,385,2025-02-08,Непристегнутый ремень (12.6 КоАП),1000,оплачен
3630,122,2025-01-16,Проезд на запрещающий сигнал (12.12 ч.1 КоАП),1000,оплачен
3631,796,2026-02-17,Непристегнутый ремень (12.6 КоАП),1000,оплачен
3632,600,2023-05-01,Непристегнутый ремень (12.6 КоАП),1000,оплачен
3633,843,2024-02-03,Выезд на встречную полосу (12.15 ч.4 КоАП),5000,не оплачен
3634,552,2024-04-04,Нарушение правил парковки (12.19 КоАП),1500,оплачен
3635,861,2024-09-26,Превышение скорости (12.9 ч.2 КоАП),500,оплачен
3636,1020,2023-12-08,Непристегнутый ремень (12.6 КоАП),1000,оплачен
3637,831,2023-09-15,Превышение скорости (12.9 ч.2 КоАП),500,оплачен
3638,263,2025-06-05,Нарушение правил парковки (12.19 КоАП),1500,оплачен
3639,246,2025-12-28,Непристегнутый ремень (12.6 КоАП),1000,не оплачен
3640,272,2025-10-01,Проезд на запрещающий сигнал (12.12 ч.1 КоАП),1000,не оплачен
3641,512,2026-02-08,Проезд на запрещающий сигнал (12.12 ч.1 КоАП),1000,не оплачен
3642,809,2023-11-17,Превышение скорости (12.9 ч.2 КоАП),500,оплачен
3643,567,2023-10-05,Проезд на запрещающий сигнал (12.12 ч.1 КоАП),1000,не оплачен
3644,6,2023-10-23,Непристегнутый ремень (12.6 КоАП),1000,оплачен
3645,29,2025-09-07,Превышение скорости (12.9 ч.2 КоАП),500,оплачен
3646,423,2024-01-19,Нарушение правил парковки (12.19 КоАП),1500,оплачен
3647,253,2025-08-01,Проезд на запрещающий сигнал (12.12 ч.1 КоАП),1000,не оплачен
3648,842,2025-10-01,Нарушение правил парковки (12.19 КоАП),1500,оплачен
3649,564,2023-08-09,Непристегнутый ремень (12.6 КоАП),1000,оплачен
3650,299,2024-05-13,Проезд на запрещающий сигнал (12.12 ч.1 КоАП),1000,оплачен
3651,386,2023-06-05,Нарушение правил парковки (12.19 КоАП),1500,не оплачен
3652,1004,2026-04-16,Проезд на запрещающий сигнал (12.12 ч.1 КоАП),1000,оплачен
3653,896,2024-09-06,Нарушение правил парковки (12.19 КоАП),1500,оплачен
3654,888,2023-08-17,Превышение скорости (12.9 ч.2 КоАП),500,оплачен
3655,123,2023-05-25,Превышение скорости (12.9 ч.2 КоАП),500,не оплачен
3656,593,2023-12-20,Непристегнутый ремень (12.6 КоАП),1000,оплачен
3657,589,2025-03-28,Превышение скорости (12.9 ч.2 КоАП),500,оплачен
3658,363,2023-09-04,Нарушение правил парковки (12.19 КоАП),1500,оплачен
3659,970,2025-11-27,Превышение скорости (12.9 ч.2 КоАП),500,не оплачен
3660,134,2023-05-21,Непристегнутый ремень (12.6 КоАП),1000,оплачен
3661,621,2024-10-21,Нарушение правил парковки (12.19 КоАП),1500,оплачен
3662,412,2026-01-13,Выезд на встречную полосу (12.15 ч.4 КоАП),5000,оплачен
3663,977,2025-07-11,Нарушение правил парковки (12.19 КоАП),1500,не оплачен
3664,329,2023-09-07,Нарушение правил парковки (12.19 КоАП),1500,оплачен
3665,274,2024-06-09,Выезд на встречную полосу (12.15 ч.4 КоАП),5000,оплачен
3666,996,2025-04-07,Проезд на запрещающий сигнал (12.12 ч.1 КоАП),1000,оплачен
3667,1044,2025-12-20,Непристегнутый ремень (12.6 КоАП),1000,оплачен
3668,225,2025-10-03,Проезд на запрещающий сигнал (12.12 ч.1 КоАП),1000,оплачен
3669,1070,2025-02-03,Нарушение правил парковки (12.19 КоАП),1500,оплачен
3670,557,2026-02-24,Превышение скорости (12.9 ч.2 КоАП),500,не оплачен
3671,636,2023-07-12,Непристегнутый ремень (12.6 КоАП),1000,не оплачен
3672,129,2024-09-22,Превышение скорости (12.9 ч.2 КоАП),500,оплачен
3673,495,2024-11-29,Превышение скорости (12.9 ч.2 КоАП),500,не оплачен
3674,501,2023-11-28,Нарушение правил парковки (12.19 КоАП),1500,не оплачен
3675,1177,2024-05-05,Непристегнутый ремень (12.6 КоАП),1000,не оплачен
3676,375,2024-03-25,Непристегнутый ремень (12.6 КоАП),1000,оплачен
3677,7,2023-06-17,Непристегнутый ремень (12.6 КоАП),1000,оплачен
3678,671,2025-10-27,Превышение скорости (12.9 ч.2 КоАП),500,не оплачен
3679,860,2024-05-25,Непристегнутый ремень (12.6 КоАП),1000,оплачен
3680,986,2025-04-05,Превышение скорости (12.9 ч.2 КоАП),500,оплачен
3681,628,2025-10-05,Превышение скорости (12.9 ч.2 КоАП),500,не оплачен
3682,515,2025-03-23,Выезд на встречную полосу (12.15 ч.4 КоАП),5000,оплачен
3683,409,2025-01-10,Нарушение правил парковки (12.19 КоАП),1500,оплачен
3684,1158,2025-07-02,Непристегнутый ремень (12.6 КоАП),1000,оплачен
3685,779,2025-07-20,Превышение скорости (12.9 ч.2 КоАП),500,оплачен
3686,502,2024-09-28,Проезд на запрещающий сигнал (12.12 ч.1 КоАП),1000,оплачен
3687,731,2024-06-10,Нарушение правил парковки (12.19 КоАП),1500,оплачен
3688,1091,2024-02-24,Проезд на запрещающий сигнал (12.12 ч.1 КоАП),1000,оплачен
3689,883,2024-06-02,Проезд на запрещающий сигнал (12.12 ч.1 КоАП),1000,не оплачен
3690,157,2026-01-17,Превышение скорости (12.9 ч.2 КоАП),500,оплачен
3691,474,2024-12-12,Проезд на запрещающий сигнал (12.12 ч.1 КоАП),1000,оплачен
3692,420,2024-06-22,Превышение скорости (12.9 ч.2 КоАП),500,оплачен
3693,149,2024-09-09,Непристегнутый ремень (12.6 КоАП),1000,оплачен
3694,904,2025-06-18,Непристегнутый ремень (12.6 КоАП),1000,не оплачен
3695,440,2023-12-21,Проезд на запрещающий сигнал (12.12 ч.1 КоАП),1000,оплачен
3696,75,2025-11-27,Превышение скорости (12.9 ч.2 КоАП),500,оплачен
3697,838,2024-09-08,Непристегнутый ремень (12.6 КоАП),1000,оплачен
3698,922,2024-05-29,Нарушение правил парковки (12.19 КоАП),1500,не оплачен
3699,698,2025-01-08,Превышение скорости (12.9 ч.2 КоАП),500,не оплачен
3700,244,2024-03-08,Непристегнутый ремень (12.6 КоАП),1000,оплачен
3701,1100,2025-05-03,Нарушение правил парковки (12.19 КоАП),1500,не оплачен
3702,91,2024-03-11,Проезд на запрещающий сигнал (12.12 ч.1 КоАП),1000,оплачен
3703,1109,2024-05-13,Нарушение правил парковки (12.19 КоАП),1500,оплачен
3704,1003,2024-03-30,Превышение скорости (12.9 ч.2 КоАП),500,не оплачен
3705,844,2023-05-09,Проезд на запрещающий сигнал (12.12 ч.1 КоАП),1000,не оплачен
3706,182,2023-06-27,Превышение скорости (12.9 ч.2 КоАП),500,оплачен
3707,1179,2024-04-03,Проезд на запрещающий сигнал (12.12 ч.1 КоАП),1000,оплачен
3708,715,2023-05-04,Выезд на встречную полосу (12.15 ч.4 КоАП),5000,не оплачен
3709,1140,2024-06-20,Выезд на встречную полосу (12.15 ч.4 КоАП),5000,оплачен
3710,200,2025-04-01,Превышение скорости (12.9 ч.2 КоАП),500,не оплачен
3711,44,2023-09-24,Непристегнутый ремень (12.6 КоАП),1000,оплачен
3712,353,2024-12-06,Проезд на запрещающий сигнал (12.12 ч.1 КоАП),1000,не оплачен
3713,93,2026-02-24,Проезд на запрещающий сигнал (12.12 ч.1 КоАП),1000,не оплачен
3714,429,2025-01-12,Проезд на запрещающий сигнал (12.12 ч.1 КоАП),1000,оплачен
3715,944,2023-12-15,Нарушение правил парковки (12.19 КоАП),1500,оплачен
3716,463,2024-04-23,Выезд на встречную полосу (12.15 ч.4 КоАП),5000,оплачен
3717,242,2024-07-08,Превышение скорости (12.9 ч.2 КоАП),500,не оплачен
3718,751,2026-01-31,Проезд на запрещающий сигнал (12.12 ч.1 КоАП),1000,оплачен
3719,885,2024-01-23,Нарушение правил парковки (12.19 КоАП),1500,оплачен
3720,326,2024-11-12,Превышение скорости (12.9 ч.2 КоАП),500,оплачен
3721,351,2024-05-12,Превышение скорости (12.9 ч.2 КоАП),500,оплачен
3722,359,2026-01-20,Непристегнутый ремень (12.6 КоАП),1000,оплачен
3723,223,2023-07-05,Выезд на встречную полосу (12.15 ч.4 КоАП),5000,оплачен
3724,434,2023-10-28,Проезд на запрещающий сигнал (12.12 ч.1 КоАП),1000,оплачен
3725,223,2023-11-05,Выезд на встречную полосу (12.15 ч.4 КоАП),5000,оплачен
3726,546,2026-01-01,Проезд на запрещающий сигнал (12.12 ч.1 КоАП),1000,не оплачен
3727,1088,2025-07-19,Непристегнутый ремень (12.6 КоАП),1000,не оплачен
3728,1200,2025-12-26,Непристегнутый ремень (12.6 КоАП),1000,не оплачен
3729,323,2023-09-09,Выезд на встречную полосу (12.15 ч.4 КоАП),5000,не оплачен
3730,1092,2025-10-31,Непристегнутый ремень (12.6 КоАП),1000,оплачен
3731,920,2024-07-14,Проезд на запрещающий сигнал (12.12 ч.1 КоАП),1000,оплачен
3732,912,2023-05-12,Непристегнутый ремень (12.6 КоАП),1000,оплачен
3733,439,2023-04-30,Нарушение правил парковки (12.19 КоАП),1500,не оплачен
3734,402,2023-10-09,Превышение скорости (12.9 ч.2 КоАП),500,оплачен
3735,1097,2023-09-10,Выезд на встречную полосу (12.15 ч.4 КоАП),5000,оплачен
3736,1191,2023-11-21,Превышение скорости (12.9 ч.2 КоАП),500,оплачен
3737,111,2025-10-22,Проезд на запрещающий сигнал (12.12 ч.1 КоАП),1000,оплачен
3738,232,2024-10-09,Непристегнутый ремень (12.6 КоАП),1000,оплачен
3739,1190,2023-11-18,Выезд на встречную полосу (12.15 ч.4 КоАП),5000,не оплачен
3740,109,2023-07-13,Проезд на запрещающий сигнал (12.12 ч.1 КоАП),1000,оплачен
3741,475,2025-05-21,Непристегнутый ремень (12.6 КоАП),1000,не оплачен
3742,104,2026-02-18,Проезд на запрещающий сигнал (12.12 ч.1 КоАП),1000,оплачен
3743,1114,2025-06-12,Непристегнутый ремень (12.6 КоАП),1000,не оплачен
3744,1104,2023-09-29,Проезд на запрещающий сигнал (12.12 ч.1 КоАП),1000,оплачен
3745,1076,2025-08-02,Нарушение правил парковки (12.19 КоАП),1500,оплачен
3746,535,2025-06-01,Нарушение правил парковки (12.19 КоАП),1500,оплачен
3747,366,2026-02-06,Проезд на запрещающий сигнал (12.12 ч.1 КоАП),1000,оплачен
3748,421,2024-07-20,Выезд на встречную полосу (12.15 ч.4 КоАП),5000,оплачен
3749,184,2023-09-22,Проезд на запрещающий сигнал (12.12 ч.1 КоАП),1000,оплачен
3750,906,2024-08-07,Непристегнутый ремень (12.6 КоАП),1000,оплачен
3751,165,2024-12-14,Непристегнутый ремень (12.6 КоАП),1000,не оплачен
3752,944,2024-10-15,Нарушение правил парковки (12.19 КоАП),1500,оплачен
3753,692,2025-01-29,Нарушение правил парковки (12.19 КоАП),1500,оплачен
3754,56,2025-01-31,Превышение скорости (12.9 ч.2 КоАП),500,не оплачен
3755,63,2026-01-29,Превышение скорости (12.9 ч.2 КоАП),500,оплачен
3756,1200,2024-04-25,Проезд на запрещающий сигнал (12.12 ч.1 КоАП),1000,оплачен
3757,985,2025-03-23,Проезд на запрещающий сигнал (12.12 ч.1 КоАП),1000,не оплачен
3758,900,2023-07-02,Превышение скорости (12.9 ч.2 КоАП),500,не оплачен
3759,761,2025-05-29,Непристегнутый ремень (12.6 КоАП),1000,оплачен
3760,53,2023-06-20,Непристегнутый ремень (12.6 КоАП),1000,не оплачен
3761,641,2025-12-30,Нарушение правил парковки (12.19 КоАП),1500,оплачен
3762,1033,2024-06-02,Превышение скорости (12.9 ч.2 КоАП),500,оплачен
3763,535,2026-03-31,Нарушение правил парковки (12.19 КоАП),1500,оплачен
3764,303,2024-04-24,Непристегнутый ремень (12.6 КоАП),1000,оплачен
3765,1106,2026-01-12,Непристегнутый ремень (12.6 КоАП),1000,оплачен
3766,1070,2026-02-11,Выезд на встречную полосу (12.15 ч.4 КоАП),5000,не оплачен
3767,309,2025-04-30,Превышение скорости (12.9 ч.2 КоАП),500,оплачен
3768,1027,2024-02-21,Нарушение правил парковки (12.19 КоАП),1500,оплачен
3769,644,2025-04-01,Превышение скорости (12.9 ч.2 КоАП),500,оплачен
3770,1039,2026-04-21,Превышение скорости (12.9 ч.2 КоАП),500,оплачен
3771,91,2024-11-14,Превышение скорости (12.9 ч.2 КоАП),500,оплачен
3772,536,2023-08-27,Превышение скорости (12.9 ч.2 КоАП),500,не оплачен
3773,708,2024-05-24,Выезд на встречную полосу (12.15 ч.4 КоАП),5000,оплачен
3774,741,2024-04-24,Превышение скорости (12.9 ч.2 КоАП),500,не оплачен
3775,1086,2024-11-24,Нарушение правил парковки (12.19 КоАП),1500,оплачен
3776,1154,2024-04-29,Выезд на встречную полосу (12.15 ч.4 КоАП),5000,оплачен
3777,306,2024-09-03,Выезд на встречную полосу (12.15 ч.4 КоАП),5000,не оплачен
3778,467,2024-10-21,Непристегнутый ремень (12.6 КоАП),1000,не оплачен
3779,101,2024-06-05,Нарушение правил парковки (12.19 КоАП),1500,оплачен
3780,1182,2025-02-16,Проезд на запрещающий сигнал (12.12 ч.1 КоАП),1000,оплачен
3781,1132,2024-01-05,Превышение скорости (12.9 ч.2 КоАП),500,не оплачен
3782,109,2023-11-05,Выезд на встречную полосу (12.15 ч.4 КоАП),5000,оплачен
3783,841,2023-12-16,Проезд на запрещающий сигнал (12.12 ч.1 КоАП),1000,оплачен
3784,1144,2026-03-16,Непристегнутый ремень (12.6 КоАП),1000,оплачен
3785,35,2025-08-02,Нарушение правил парковки (12.19 КоАП),1500,не оплачен
3786,379,2024-08-02,Непристегнутый ремень (12.6 КоАП),1000,оплачен
3787,549,2025-04-04,Превышение скорости (12.9 ч.2 КоАП),500,не оплачен
3788,803,2025-01-11,Превышение скорости (12.9 ч.2 КоАП),500,оплачен
3789,255,2024-12-15,Непристегнутый ремень (12.6 КоАП),1000,не оплачен
3790,11,2023-06-18,Непристегнутый ремень (12.6 КоАП),1000,оплачен
3791,364,2023-07-20,Нарушение правил парковки (12.19 КоАП),1500,оплачен
3792,1021,2025-11-28,Выезд на встречную полосу (12.15 ч.4 КоАП),5000,не оплачен
3793,1057,2025-05-19,Проезд на запрещающий сигнал (12.12 ч.1 КоАП),1000,оплачен
3794,1083,2024-08-12,Проезд на запрещающий сигнал (12.12 ч.1 КоАП),1000,оплачен
3795,549,2025-10-06,Выезд на встречную полосу (12.15 ч.4 КоАП),5000,оплачен
3796,290,2023-04-26,Превышение скорости (12.9 ч.2 КоАП),500,оплачен
3797,605,2025-10-04,Непристегнутый ремень (12.6 КоАП),1000,не оплачен
3798,1171,2023-09-12,Непристегнутый ремень (12.6 КоАП),1000,оплачен
3799,835,2026-01-22,Нарушение правил парковки (12.19 КоАП),1500,оплачен
3800,498,2023-12-19,Превышение скорости (12.9 ч.2 КоАП),500,не оплачен
3801,755,2024-12-05,Проезд на запрещающий сигнал (12.12 ч.1 КоАП),1000,не оплачен
3802,883,2023-10-08,Непристегнутый ремень (12.6 КоАП),1000,оплачен
3803,516,2025-11-21,Нарушение правил парковки (12.19 КоАП),1500,оплачен
3804,800,2024-04-09,Превышение скорости (12.9 ч.2 КоАП),500,оплачен
3805,321,2024-11-24,Выезд на встречную полосу (12.15 ч.4 КоАП),5000,оплачен
3806,596,2025-09-01,Нарушение правил парковки (12.19 КоАП),1500,не оплачен
3807,383,2023-09-23,Превышение скорости (12.9 ч.2 КоАП),500,оплачен
3808,756,2024-11-16,Проезд на запрещающий сигнал (12.12 ч.1 КоАП),1000,оплачен
3809,602,2023-09-28,Проезд на запрещающий сигнал (12.12 ч.1 КоАП),1000,оплачен
3810,174,2024-07-29,Превышение скорости (12.9 ч.2 КоАП),500,оплачен
3811,843,2023-09-21,Нарушение правил парковки (12.19 КоАП),1500,не оплачен
3812,1051,2025-08-16,Нарушение правил парковки (12.19 КоАП),1500,оплачен
3813,1035,2024-11-20,Непристегнутый ремень (12.6 КоАП),1000,не оплачен
3814,463,2025-12-15,Превышение скорости (12.9 ч.2 КоАП),500,не оплачен
3815,495,2024-07-28,Нарушение правил парковки (12.19 КоАП),1500,оплачен
3816,1063,2023-07-21,Непристегнутый ремень (12.6 КоАП),1000,оплачен
3817,680,2023-07-22,Нарушение правил парковки (12.19 КоАП),1500,не оплачен
3818,954,2024-08-18,Проезд на запрещающий сигнал (12.12 ч.1 КоАП),1000,оплачен
3819,697,2025-06-23,Превышение скорости (12.9 ч.2 КоАП),500,оплачен
3820,597,2025-11-19,Превышение скорости (12.9 ч.2 КоАП),500,оплачен
3821,428,2025-01-06,Проезд на запрещающий сигнал (12.12 ч.1 КоАП),1000,не оплачен
3822,398,2024-09-25,Нарушение правил парковки (12.19 КоАП),1500,не оплачен
3823,646,2025-02-27,Нарушение правил парковки (12.19 КоАП),1500,не оплачен
3824,809,2023-05-06,Превышение скорости (12.9 ч.2 КоАП),500,не оплачен
3825,210,2025-08-28,Проезд на запрещающий сигнал (12.12 ч.1 КоАП),1000,оплачен
3826,932,2024-05-16,Непристегнутый ремень (12.6 КоАП),1000,оплачен
3827,1115,2024-12-14,Превышение скорости (12.9 ч.2 КоАП),500,оплачен
3828,494,2025-09-14,Проезд на запрещающий сигнал (12.12 ч.1 КоАП),1000,оплачен
3829,1009,2024-11-17,Проезд на запрещающий сигнал (12.12 ч.1 КоАП),1000,оплачен
3830,662,2024-06-17,Выезд на встречную полосу (12.15 ч.4 КоАП),5000,не оплачен
3831,833,2026-02-28,Превышение скорости (12.9 ч.2 КоАП),500,не оплачен
3832,172,2024-06-19,Превышение скорости (12.9 ч.2 КоАП),500,не оплачен
3833,1035,2025-11-07,Непристегнутый ремень (12.6 КоАП),1000,оплачен
3834,798,2024-08-23,Нарушение правил парковки (12.19 КоАП),1500,оплачен
3835,834,2024-11-30,Непристегнутый ремень (12.6 КоАП),1000,не оплачен
3836,18,2026-04-17,Непристегнутый ремень (12.6 КоАП),1000,оплачен
3837,428,2025-09-19,Проезд на запрещающий сигнал (12.12 ч.1 КоАП),1000,не оплачен
3838,219,2025-04-18,Превышение скорости (12.9 ч.2 КоАП),500,оплачен
3839,230,2025-04-11,Выезд на встречную полосу (12.15 ч.4 КоАП),5000,оплачен
3840,1073,2024-11-04,Непристегнутый ремень (12.6 КоАП),1000,не оплачен
3841,773,2024-11-16,Проезд на запрещающий сигнал (12.12 ч.1 КоАП),1000,оплачен
3842,541,2025-02-17,Выезд на встречную полосу (12.15 ч.4 КоАП),5000,не оплачен
3843,246,2023-08-05,Непристегнутый ремень (12.6 КоАП),1000,не оплачен
3844,7,2023-12-29,Выезд на встречную полосу (12.15 ч.4 КоАП),5000,не оплачен
3845,803,2024-05-10,Проезд на запрещающий сигнал (12.12 ч.1 КоАП),1000,оплачен
3846,275,2024-07-20,Нарушение правил парковки (12.19 КоАП),1500,не оплачен
3847,638,2023-05-20,Превышение скорости (12.9 ч.2 КоАП),500,оплачен
3848,1078,2023-07-03,Превышение скорости (12.9 ч.2 КоАП),500,оплачен
3849,588,2023-08-29,Непристегнутый ремень (12.6 КоАП),1000,оплачен
3850,463,2026-04-11,Нарушение правил парковки (12.19 КоАП),1500,оплачен
3851,978,2024-09-14,Непристегнутый ремень (12.6 КоАП),1000,оплачен
3852,286,2023-11-17,Превышение скорости (12.9 ч.2 КоАП),500,не оплачен
3853,399,2024-01-26,Выезд на встречную полосу (12.15 ч.4 КоАП),5000,оплачен
3854,442,2025-11-30,Проезд на запрещающий сигнал (12.12 ч.1 КоАП),1000,оплачен
3855,303,2023-06-03,Непристегнутый ремень (12.6 КоАП),1000,оплачен
3856,564,2024-07-23,Выезд на встречную полосу (12.15 ч.4 КоАП),5000,оплачен
3857,158,2023-06-02,Выезд на встречную полосу (12.15 ч.4 КоАП),5000,оплачен
3858,603,2025-12-25,Превышение скорости (12.9 ч.2 КоАП),500,оплачен
3859,835,2023-09-10,Непристегнутый ремень (12.6 КоАП),1000,не оплачен
3860,752,2024-10-30,Превышение скорости (12.9 ч.2 КоАП),500,оплачен
3861,487,2023-06-02,Нарушение правил парковки (12.19 КоАП),1500,оплачен
3862,878,2025-05-12,Выезд на встречную полосу (12.15 ч.4 КоАП),5000,оплачен
3863,1064,2025-02-20,Превышение скорости (12.9 ч.2 КоАП),500,оплачен
3864,264,2024-01-05,Превышение скорости (12.9 ч.2 КоАП),500,оплачен
3865,87,2025-11-01,Превышение скорости (12.9 ч.2 КоАП),500,не оплачен
3866,1066,2024-06-16,Превышение скорости (12.9 ч.2 КоАП),500,не оплачен
3867,800,2024-01-14,Нарушение правил парковки (12.19 КоАП),1500,оплачен
3868,182,2023-05-30,Непристегнутый ремень (12.6 КоАП),1000,не оплачен
3869,792,2023-09-23,Превышение скорости (12.9 ч.2 КоАП),500,оплачен
3870,149,2023-12-09,Выезд на встречную полосу (12.15 ч.4 КоАП),5000,оплачен
3871,205,2023-10-10,Проезд на запрещающий сигнал (12.12 ч.1 КоАП),1000,не оплачен
3872,521,2025-04-06,Проезд на запрещающий сигнал (12.12 ч.1 КоАП),1000,не оплачен
3873,107,2023-11-22,Нарушение правил парковки (12.19 КоАП),1500,не оплачен
3874,1127,2024-02-06,Непристегнутый ремень (12.6 КоАП),1000,оплачен
3875,223,2023-06-28,Непристегнутый ремень (12.6 КоАП),1000,оплачен
3876,870,2025-10-29,Выезд на встречную полосу (12.15 ч.4 КоАП),5000,не оплачен
3877,432,2024-08-02,Проезд на запрещающий сигнал (12.12 ч.1 КоАП),1000,не оплачен
3878,595,2024-04-03,Нарушение правил парковки (12.19 КоАП),1500,не оплачен
3879,238,2024-05-25,Превышение скорости (12.9 ч.2 КоАП),500,оплачен
3880,11,2024-01-19,Непристегнутый ремень (12.6 КоАП),1000,не оплачен
3881,398,2024-02-09,Выезд на встречную полосу (12.15 ч.4 КоАП),5000,оплачен
3882,977,2023-05-31,Проезд на запрещающий сигнал (12.12 ч.1 КоАП),1000,не оплачен
3883,1083,2025-07-06,Непристегнутый ремень (12.6 КоАП),1000,оплачен
3884,435,2023-11-23,Превышение скорости (12.9 ч.2 КоАП),500,оплачен
3885,255,2024-07-28,Нарушение правил парковки (12.19 КоАП),1500,оплачен
3886,925,2023-09-02,Нарушение правил парковки (12.19 КоАП),1500,оплачен
3887,98,2026-03-04,Превышение скорости (12.9 ч.2 КоАП),500,оплачен
3888,1190,2025-11-09,Непристегнутый ремень (12.6 КоАП),1000,не оплачен
3889,586,2025-08-21,Нарушение правил парковки (12.19 КоАП),1500,оплачен
3890,928,2026-02-03,Превышение скорости (12.9 ч.2 КоАП),500,не оплачен
3891,340,2024-11-02,Непристегнутый ремень (12.6 КоАП),1000,оплачен
3892,1174,2025-04-12,Непристегнутый ремень (12.6 КоАП),1000,оплачен
3893,1173,2025-03-31,Выезд на встречную полосу (12.15 ч.4 КоАП),5000,не оплачен
3894,1132,2025-06-27,Нарушение правил парковки (12.19 КоАП),1500,оплачен
3895,935,2025-04-30,Непристегнутый ремень (12.6 КоАП),1000,оплачен
3896,606,2024-03-16,Непристегнутый ремень (12.6 КоАП),1000,оплачен
3897,1187,2024-07-15,Нарушение правил парковки (12.19 КоАП),1500,оплачен
3898,509,2023-10-12,Непристегнутый ремень (12.6 КоАП),1000,оплачен
3899,211,2026-02-26,Непристегнутый ремень (12.6 КоАП),1000,оплачен
3900,635,2024-04-29,Непристегнутый ремень (12.6 КоАП),1000,оплачен
3901,359,2025-03-16,Проезд на запрещающий сигнал (12.12 ч.1 КоАП),1000,не оплачен
3902,379,2023-12-11,Превышение скорости (12.9 ч.2 КоАП),500,не оплачен
3903,603,2024-03-11,Проезд на запрещающий сигнал (12.12 ч.1 КоАП),1000,не оплачен
3904,828,2023-06-24,Выезд на встречную полосу (12.15 ч.4 КоАП),5000,оплачен
3905,836,2026-04-19,Превышение скорости (12.9 ч.2 КоАП),500,оплачен
3906,1143,2025-04-02,Превышение скорости (12.9 ч.2 КоАП),500,оплачен
3907,242,2024-04-08,Выезд на встречную полосу (12.15 ч.4 КоАП),5000,оплачен
3908,63,2024-08-25,Выезд на встречную полосу (12.15 ч.4 КоАП),5000,оплачен
3909,443,2025-05-28,Проезд на запрещающий сигнал (12.12 ч.1 КоАП),1000,оплачен
3910,1065,2023-09-25,Проезд на запрещающий сигнал (12.12 ч.1 КоАП),1000,оплачен
3911,741,2026-01-08,Нарушение правил парковки (12.19 КоАП),1500,оплачен
3912,284,2024-03-18,Непристегнутый ремень (12.6 КоАП),1000,оплачен
3913,36,2024-12-20,Непристегнутый ремень (12.6 КоАП),1000,не оплачен
3914,7,2023-08-08,Нарушение правил парковки (12.19 КоАП),1500,не оплачен
3915,242,2025-06-10,Выезд на встречную полосу (12.15 ч.4 КоАП),5000,не оплачен
3916,890,2025-03-14,Непристегнутый ремень (12.6 КоАП),1000,оплачен
3917,302,2025-04-17,Непристегнутый ремень (12.6 КоАП),1000,оплачен
3918,1116,2024-05-22,Нарушение правил парковки (12.19 КоАП),1500,оплачен
3919,545,2025-10-07,Выезд на встречную полосу (12.15 ч.4 КоАП),5000,оплачен
3920,784,2025-06-04,Непристегнутый ремень (12.6 КоАП),1000,оплачен
3921,834,2025-06-30,Нарушение правил парковки (12.19 КоАП),1500,оплачен
3922,31,2025-10-30,Проезд на запрещающий сигнал (12.12 ч.1 КоАП),1000,оплачен
3923,202,2024-11-02,Выезд на встречную полосу (12.15 ч.4 КоАП),5000,оплачен
3924,390,2024-03-13,Проезд на запрещающий сигнал (12.12 ч.1 КоАП),1000,не оплачен
3925,1171,2026-03-19,Нарушение правил парковки (12.19 КоАП),1500,оплачен
3926,516,2024-11-08,Превышение скорости (12.9 ч.2 КоАП),500,не оплачен
3927,817,2024-01-02,Нарушение правил парковки (12.19 КоАП),1500,оплачен
3928,637,2024-09-03,Проезд на запрещающий сигнал (12.12 ч.1 КоАП),1000,не оплачен
3929,84,2025-07-30,Нарушение правил парковки (12.19 КоАП),1500,не оплачен
3930,980,2024-08-31,Проезд на запрещающий сигнал (12.12 ч.1 КоАП),1000,не оплачен
3931,14,2024-05-11,Превышение скорости (12.9 ч.2 КоАП),500,оплачен
3932,890,2024-08-30,Непристегнутый ремень (12.6 КоАП),1000,оплачен
3933,129,2024-09-07,Выезд на встречную полосу (12.15 ч.4 КоАП),5000,не оплачен
3934,793,2026-01-05,Превышение скорости (12.9 ч.2 КоАП),500,оплачен
3935,167,2025-12-09,Превышение скорости (12.9 ч.2 КоАП),500,оплачен
3936,686,2025-09-26,Непристегнутый ремень (12.6 КоАП),1000,не оплачен
3937,99,2024-10-04,Превышение скорости (12.9 ч.2 КоАП),500,не оплачен
3938,1081,2023-10-27,Выезд на встречную полосу (12.15 ч.4 КоАП),5000,оплачен
3939,165,2024-08-25,Нарушение правил парковки (12.19 КоАП),1500,оплачен
3940,150,2024-06-16,Непристегнутый ремень (12.6 КоАП),1000,не оплачен
3941,112,2023-10-04,Нарушение правил парковки (12.19 КоАП),1500,оплачен
3942,1069,2024-07-19,Проезд на запрещающий сигнал (12.12 ч.1 КоАП),1000,оплачен
3943,908,2024-05-13,Непристегнутый ремень (12.6 КоАП),1000,оплачен
3944,104,2025-02-06,Проезд на запрещающий сигнал (12.12 ч.1 КоАП),1000,не оплачен
3945,574,2023-07-16,Проезд на запрещающий сигнал (12.12 ч.1 КоАП),1000,оплачен
3946,903,2024-07-15,Выезд на встречную полосу (12.15 ч.4 КоАП),5000,оплачен
3947,801,2024-04-30,Нарушение правил парковки (12.19 КоАП),1500,оплачен
3948,287,2025-08-21,Выезд на встречную полосу (12.15 ч.4 КоАП),5000,не оплачен
3949,267,2025-05-28,Выезд на встречную полосу (12.15 ч.4 КоАП),5000,оплачен
3950,40,2023-11-07,Нарушение правил парковки (12.19 КоАП),1500,оплачен
3951,1008,2024-07-12,Превышение скорости (12.9 ч.2 КоАП),500,не оплачен
3952,788,2024-04-23,Выезд на встречную полосу (12.15 ч.4 КоАП),5000,не оплачен
3953,1158,2023-04-27,Проезд на запрещающий сигнал (12.12 ч.1 КоАП),1000,оплачен
3954,137,2025-08-10,Непристегнутый ремень (12.6 КоАП),1000,не оплачен
3955,47,2025-06-28,Нарушение правил парковки (12.19 КоАП),1500,оплачен
3956,1093,2024-07-23,Непристегнутый ремень (12.6 КоАП),1000,оплачен
3957,407,2025-09-07,Проезд на запрещающий сигнал (12.12 ч.1 КоАП),1000,оплачен
3958,183,2025-01-11,Проезд на запрещающий сигнал (12.12 ч.1 КоАП),1000,не оплачен
3959,733,2023-06-13,Нарушение правил парковки (12.19 КоАП),1500,не оплачен
3960,415,2025-02-14,Проезд на запрещающий сигнал (12.12 ч.1 КоАП),1000,оплачен
3961,223,2024-06-05,Выезд на встречную полосу (12.15 ч.4 КоАП),5000,оплачен
3962,951,2026-01-28,Превышение скорости (12.9 ч.2 КоАП),500,оплачен
3963,209,2023-10-25,Проезд на запрещающий сигнал (12.12 ч.1 КоАП),1000,оплачен
3964,1,2024-07-30,Проезд на запрещающий сигнал (12.12 ч.1 КоАП),1000,оплачен
3965,865,2024-08-02,Проезд на запрещающий сигнал (12.12 ч.1 КоАП),1000,оплачен
3966,651,2023-12-19,Непристегнутый ремень (12.6 КоАП),1000,оплачен
3967,1119,2024-11-07,Выезд на встречную полосу (12.15 ч.4 КоАП),5000,оплачен
3968,771,2026-03-31,Нарушение правил парковки (12.19 КоАП),1500,оплачен
3969,917,2023-07-10,Проезд на запрещающий сигнал (12.12 ч.1 КоАП),1000,оплачен
3970,608,2025-09-22,Непристегнутый ремень (12.6 КоАП),1000,оплачен
3971,101,2026-03-11,Непристегнутый ремень (12.6 КоАП),1000,не оплачен
3972,1186,2024-12-06,Проезд на запрещающий сигнал (12.12 ч.1 КоАП),1000,оплачен
3973,811,2025-10-09,Проезд на запрещающий сигнал (12.12 ч.1 КоАП),1000,оплачен
3974,194,2024-02-16,Превышение скорости (12.9 ч.2 КоАП),500,оплачен
3975,109,2024-05-13,Нарушение правил парковки (12.19 КоАП),1500,оплачен
3976,513,2025-06-03,Проезд на запрещающий сигнал (12.12 ч.1 КоАП),1000,не оплачен
3977,964,2024-09-20,Выезд на встречную полосу (12.15 ч.4 КоАП),5000,оплачен
3978,949,2026-04-14,Проезд на запрещающий сигнал (12.12 ч.1 КоАП),1000,не оплачен
3979,1052,2025-05-17,Выезд на встречную полосу (12.15 ч.4 КоАП),5000,оплачен
3980,154,2025-10-01,Проезд на запрещающий сигнал (12.12 ч.1 КоАП),1000,оплачен
3981,189,2026-03-19,Проезд на запрещающий сигнал (12.12 ч.1 КоАП),1000,не оплачен
3982,1099,2023-07-08,Непристегнутый ремень (12.6 КоАП),1000,не оплачен
3983,397,2023-09-27,Превышение скорости (12.9 ч.2 КоАП),500,оплачен
3984,352,2024-09-12,Выезд на встречную полосу (12.15 ч.4 КоАП),5000,оплачен
3985,1007,2024-10-27,Нарушение правил парковки (12.19 КоАП),1500,не оплачен
3986,897,2023-05-19,Непристегнутый ремень (12.6 КоАП),1000,оплачен
3987,475,2025-07-24,Выезд на встречную полосу (12.15 ч.4 КоАП),5000,не оплачен
3988,498,2025-08-18,Непристегнутый ремень (12.6 КоАП),1000,не оплачен
3989,363,2023-04-25,Непристегнутый ремень (12.6 КоАП),1000,оплачен
3990,837,2025-02-16,Нарушение правил парковки (12.19 КоАП),1500,оплачен
3991,1173,2024-03-02,Проезд на запрещающий сигнал (12.12 ч.1 КоАП),1000,не оплачен
3992,1010,2025-09-29,Превышение скорости (12.9 ч.2 КоАП),500,не оплачен
3993,1116,2024-10-02,Непристегнутый ремень (12.6 КоАП),1000,не оплачен
3994,825,2025-07-10,Выезд на встречную полосу (12.15 ч.4 КоАП),5000,оплачен
3995,929,2024-07-14,Превышение скорости (12.9 ч.2 КоАП),500,оплачен
3996,825,2024-09-21,Превышение скорости (12.9 ч.2 КоАП),500,не оплачен
3997,484,2024-06-18,Выезд на встречную полосу (12.15 ч.4 КоАП),5000,не оплачен
3998,301,2024-10-14,Непристегнутый ремень (12.6 КоАП),1000,не оплачен
3999,748,2023-05-04,Превышение скорости (12.9 ч.2 КоАП),500,не оплачен
4000,1108,2025-12-23,Выезд на встречную полосу (12.15 ч.4 КоАП),5000,оплачен
4001,370,2024-09-03,Проезд на запрещающий сигнал (12.12 ч.1 КоАП),1000,оплачен
4002,672,2026-02-12,Нарушение правил парковки (12.19 КоАП),1500,оплачен
4003,806,2026-01-20,Превышение скорости (12.9 ч.2 КоАП),500,оплачен
4004,31,2024-01-30,Нарушение правил парковки (12.19 КоАП),1500,не оплачен
4005,917,2025-11-15,Непристегнутый ремень (12.6 КоАП),1000,не оплачен
4006,830,2024-12-18,Нарушение правил парковки (12.19 КоАП),1500,оплачен
4007,1071,2024-10-09,Превышение скорости (12.9 ч.2 КоАП),500,оплачен
4008,149,2024-04-29,Проезд на запрещающий сигнал (12.12 ч.1 КоАП),1000,не оплачен
4009,671,2025-05-12,Проезд на запрещающий сигнал (12.12 ч.1 КоАП),1000,оплачен
4010,81,2023-07-04,Выезд на встречную полосу (12.15 ч.4 КоАП),5000,оплачен
4011,550,2024-05-22,Непристегнутый ремень (12.6 КоАП),1000,оплачен
4012,1110,2025-04-29,Непристегнутый ремень (12.6 КоАП),1000,оплачен
4013,34,2025-01-21,Непристегнутый ремень (12.6 КоАП),1000,не оплачен
4014,78,2025-06-12,Проезд на запрещающий сигнал (12.12 ч.1 КоАП),1000,не оплачен
4015,471,2023-07-28,Превышение скорости (12.9 ч.2 КоАП),500,оплачен
4016,888,2025-11-23,Непристегнутый ремень (12.6 КоАП),1000,не оплачен
4017,514,2025-08-29,Непристегнутый ремень (12.6 КоАП),1000,оплачен
4018,267,2024-10-25,Нарушение правил парковки (12.19 КоАП),1500,оплачен
4019,692,2024-12-29,Непристегнутый ремень (12.6 КоАП),1000,не оплачен
4020,1049,2025-08-22,Непристегнутый ремень (12.6 КоАП),1000,оплачен
4021,173,2024-04-23,Превышение скорости (12.9 ч.2 КоАП),500,оплачен
4022,1118,2024-08-21,Выезд на встречную полосу (12.15 ч.4 КоАП),5000,оплачен
4023,904,2023-07-17,Превышение скорости (12.9 ч.2 КоАП),500,оплачен
4024,482,2024-10-27,Проезд на запрещающий сигнал (12.12 ч.1 КоАП),1000,не оплачен
4025,917,2023-09-22,Выезд на встречную полосу (12.15 ч.4 КоАП),5000,оплачен
4026,1105,2025-07-18,Проезд на запрещающий сигнал (12.12 ч.1 КоАП),1000,не оплачен
4027,54,2024-04-26,Проезд на запрещающий сигнал (12.12 ч.1 КоАП),1000,не оплачен
4028,563,2024-06-26,Выезд на встречную полосу (12.15 ч.4 КоАП),5000,оплачен
4029,131,2024-08-14,Превышение скорости (12.9 ч.2 КоАП),500,не оплачен
4030,1014,2023-06-09,Выезд на встречную полосу (12.15 ч.4 КоАП),5000,оплачен
4031,788,2024-02-01,Выезд на встречную полосу (12.15 ч.4 КоАП),5000,оплачен
4032,1177,2025-04-04,Непристегнутый ремень (12.6 КоАП),1000,не оплачен
4033,1019,2024-11-06,Непристегнутый ремень (12.6 КоАП),1000,не оплачен
4034,266,2024-11-07,Проезд на запрещающий сигнал (12.12 ч.1 КоАП),1000,оплачен
4035,402,2024-06-03,Непристегнутый ремень (12.6 КоАП),1000,оплачен
4036,1090,2026-01-03,Превышение скорости (12.9 ч.2 КоАП),500,оплачен
4037,2,2025-05-24,Непристегнутый ремень (12.6 КоАП),1000,оплачен
4038,487,2026-03-09,Проезд на запрещающий сигнал (12.12 ч.1 КоАП),1000,оплачен
4039,62,2023-07-15,Нарушение правил парковки (12.19 КоАП),1500,оплачен
4040,800,2023-11-03,Нарушение правил парковки (12.19 КоАП),1500,оплачен
4041,680,2024-06-25,Непристегнутый ремень (12.6 КоАП),1000,оплачен
4042,79,2024-01-24,Непристегнутый ремень (12.6 КоАП),1000,оплачен
4043,344,2025-10-25,Превышение скорости (12.9 ч.2 КоАП),500,оплачен
4044,361,2024-10-02,Непристегнутый ремень (12.6 КоАП),1000,не оплачен
4045,768,2023-05-25,Нарушение правил парковки (12.19 КоАП),1500,оплачен
4046,1073,2024-05-01,Проезд на запрещающий сигнал (12.12 ч.1 КоАП),1000,оплачен
4047,808,2025-12-27,Непристегнутый ремень (12.6 КоАП),1000,оплачен
4048,603,2024-03-01,Нарушение правил парковки (12.19 КоАП),1500,оплачен
4049,273,2025-02-16,Проезд на запрещающий сигнал (12.12 ч.1 КоАП),1000,оплачен
4050,552,2025-10-04,Непристегнутый ремень (12.6 КоАП),1000,не оплачен
4051,399,2024-05-08,Проезд на запрещающий сигнал (12.12 ч.1 КоАП),1000,оплачен
4052,212,2024-12-05,Непристегнутый ремень (12.6 КоАП),1000,оплачен
4053,534,2025-08-15,Проезд на запрещающий сигнал (12.12 ч.1 КоАП),1000,оплачен
4054,383,2024-04-07,Нарушение правил парковки (12.19 КоАП),1500,оплачен
4055,990,2024-07-31,Нарушение правил парковки (12.19 КоАП),1500,оплачен
4056,797,2023-06-18,Нарушение правил парковки (12.19 КоАП),1500,оплачен
4057,352,2023-12-20,Непристегнутый ремень (12.6 КоАП),1000,оплачен
4058,454,2023-09-30,Непристегнутый ремень (12.6 КоАП),1000,не оплачен
4059,704,2023-11-01,Проезд на запрещающий сигнал (12.12 ч.1 КоАП),1000,оплачен
4060,210,2023-06-07,Нарушение правил парковки (12.19 КоАП),1500,оплачен
4061,218,2024-06-14,Непристегнутый ремень (12.6 КоАП),1000,оплачен
4062,757,2024-10-12,Выезд на встречную полосу (12.15 ч.4 КоАП),5000,оплачен
4063,1063,2024-07-30,Выезд на встречную полосу (12.15 ч.4 КоАП),5000,оплачен
4064,1145,2025-09-26,Выезд на встречную полосу (12.15 ч.4 КоАП),5000,оплачен
4065,657,2025-07-09,Непристегнутый ремень (12.6 КоАП),1000,не оплачен
4066,536,2023-06-26,Нарушение правил парковки (12.19 КоАП),1500,оплачен
4067,628,2025-12-24,Проезд на запрещающий сигнал (12.12 ч.1 КоАП),1000,оплачен
4068,1050,2025-12-22,Превышение скорости (12.9 ч.2 КоАП),500,не оплачен
4069,232,2025-12-29,Превышение скорости (12.9 ч.2 КоАП),500,не оплачен
4070,992,2024-07-13,Непристегнутый ремень (12.6 КоАП),1000,оплачен
4071,1069,2024-12-18,Проезд на запрещающий сигнал (12.12 ч.1 КоАП),1000,не оплачен
4072,1192,2023-06-03,Нарушение правил парковки (12.19 КоАП),1500,оплачен
4073,177,2024-12-27,Превышение скорости (12.9 ч.2 КоАП),500,не оплачен
4074,808,2024-11-02,Проезд на запрещающий сигнал (12.12 ч.1 КоАП),1000,оплачен
4075,602,2024-02-09,Нарушение правил парковки (12.19 КоАП),1500,оплачен
4076,672,2024-08-11,Нарушение правил парковки (12.19 КоАП),1500,оплачен
4077,356,2026-01-03,Проезд на запрещающий сигнал (12.12 ч.1 КоАП),1000,оплачен
4078,860,2025-10-10,Проезд на запрещающий сигнал (12.12 ч.1 КоАП),1000,оплачен
4079,200,2024-03-19,Непристегнутый ремень (12.6 КоАП),1000,оплачен
4080,917,2023-05-25,Выезд на встречную полосу (12.15 ч.4 КоАП),5000,не оплачен
4081,33,2025-12-12,Превышение скорости (12.9 ч.2 КоАП),500,не оплачен
4082,307,2025-02-09,Нарушение правил парковки (12.19 КоАП),1500,оплачен
4083,581,2025-01-21,Превышение скорости (12.9 ч.2 КоАП),500,не оплачен
4084,73,2025-03-02,Превышение скорости (12.9 ч.2 КоАП),500,не оплачен
4085,936,2024-02-24,Проезд на запрещающий сигнал (12.12 ч.1 КоАП),1000,оплачен
4086,250,2024-08-17,Непристегнутый ремень (12.6 КоАП),1000,оплачен
4087,969,2025-11-16,Непристегнутый ремень (12.6 КоАП),1000,оплачен
4088,270,2023-11-03,Непристегнутый ремень (12.6 КоАП),1000,не оплачен
4089,557,2025-01-28,Превышение скорости (12.9 ч.2 КоАП),500,оплачен
4090,1054,2024-11-28,Проезд на запрещающий сигнал (12.12 ч.1 КоАП),1000,оплачен
4091,824,2023-07-16,Нарушение правил парковки (12.19 КоАП),1500,оплачен
4092,678,2024-11-24,Проезд на запрещающий сигнал (12.12 ч.1 КоАП),1000,оплачен
4093,853,2024-09-07,Выезд на встречную полосу (12.15 ч.4 КоАП),5000,оплачен
4094,1196,2025-05-28,Нарушение правил парковки (12.19 КоАП),1500,оплачен
4095,1104,2025-03-22,Выезд на встречную полосу (12.15 ч.4 КоАП),5000,оплачен
4096,344,2024-02-13,Нарушение правил парковки (12.19 КоАП),1500,оплачен
4097,1045,2025-10-03,Нарушение правил парковки (12.19 КоАП),1500,оплачен
4098,1109,2023-06-25,Нарушение правил парковки (12.19 КоАП),1500,оплачен
4099,865,2024-06-02,Непристегнутый ремень (12.6 КоАП),1000,не оплачен
4100,590,2024-11-01,Нарушение правил парковки (12.19 КоАП),1500,оплачен
4101,624,2024-09-27,Проезд на запрещающий сигнал (12.12 ч.1 КоАП),1000,не оплачен
4102,170,2026-01-08,Превышение скорости (12.9 ч.2 КоАП),500,не оплачен
4103,681,2024-07-26,Выезд на встречную полосу (12.15 ч.4 КоАП),5000,оплачен
4104,81,2024-02-16,Превышение скорости (12.9 ч.2 КоАП),500,оплачен
4105,763,2025-01-29,Нарушение правил парковки (12.19 КоАП),1500,оплачен
4106,476,2024-02-07,Непристегнутый ремень (12.6 КоАП),1000,оплачен
4107,269,2024-04-02,Проезд на запрещающий сигнал (12.12 ч.1 КоАП),1000,оплачен
4108,668,2024-02-17,Превышение скорости (12.9 ч.2 КоАП),500,не оплачен
4109,427,2023-08-27,Превышение скорости (12.9 ч.2 КоАП),500,оплачен
4110,985,2025-11-11,Нарушение правил парковки (12.19 КоАП),1500,оплачен
4111,872,2025-12-22,Проезд на запрещающий сигнал (12.12 ч.1 КоАП),1000,оплачен
4112,206,2024-03-17,Проезд на запрещающий сигнал (12.12 ч.1 КоАП),1000,оплачен
4113,1065,2023-08-16,Нарушение правил парковки (12.19 КоАП),1500,оплачен
4114,791,2026-04-12,Выезд на встречную полосу (12.15 ч.4 КоАП),5000,оплачен
4115,296,2023-12-21,Выезд на встречную полосу (12.15 ч.4 КоАП),5000,оплачен
4116,867,2026-03-24,Проезд на запрещающий сигнал (12.12 ч.1 КоАП),1000,оплачен
4117,600,2023-08-17,Выезд на встречную полосу (12.15 ч.4 КоАП),5000,оплачен
4118,14,2023-07-05,Проезд на запрещающий сигнал (12.12 ч.1 КоАП),1000,оплачен
4119,344,2025-09-02,Непристегнутый ремень (12.6 КоАП),1000,не оплачен
4120,429,2023-11-03,Нарушение правил парковки (12.19 КоАП),1500,не оплачен
4121,1077,2023-10-23,Превышение скорости (12.9 ч.2 КоАП),500,оплачен
4122,1113,2026-03-18,Проезд на запрещающий сигнал (12.12 ч.1 КоАП),1000,не оплачен
4123,274,2023-06-26,Превышение скорости (12.9 ч.2 КоАП),500,оплачен
4124,259,2024-03-25,Превышение скорости (12.9 ч.2 КоАП),500,оплачен
4125,15,2025-08-14,Проезд на запрещающий сигнал (12.12 ч.1 КоАП),1000,оплачен
4126,190,2025-05-22,Непристегнутый ремень (12.6 КоАП),1000,оплачен
4127,185,2025-04-25,Превышение скорости (12.9 ч.2 КоАП),500,оплачен
4128,538,2024-02-14,Выезд на встречную полосу (12.15 ч.4 КоАП),5000,оплачен
4129,1133,2025-08-22,Проезд на запрещающий сигнал (12.12 ч.1 КоАП),1000,оплачен
4130,1091,2023-06-03,Превышение скорости (12.9 ч.2 КоАП),500,оплачен
4131,828,2023-06-15,Выезд на встречную полосу (12.15 ч.4 КоАП),5000,оплачен
4132,934,2025-03-17,Превышение скорости (12.9 ч.2 КоАП),500,оплачен
4133,717,2025-06-07,Проезд на запрещающий сигнал (12.12 ч.1 КоАП),1000,оплачен
4134,534,2025-09-08,Нарушение правил парковки (12.19 КоАП),1500,не оплачен
4135,1152,2025-11-13,Нарушение правил парковки (12.19 КоАП),1500,оплачен
4136,278,2025-07-04,Выезд на встречную полосу (12.15 ч.4 КоАП),5000,оплачен
4137,67,2023-09-17,Непристегнутый ремень (12.6 КоАП),1000,оплачен
4138,185,2025-09-27,Непристегнутый ремень (12.6 КоАП),1000,оплачен
4139,784,2026-04-01,Выезд на встречную полосу (12.15 ч.4 КоАП),5000,не оплачен
4140,494,2025-01-08,Непристегнутый ремень (12.6 КоАП),1000,не оплачен
4141,109,2025-08-28,Выезд на встречную полосу (12.15 ч.4 КоАП),5000,оплачен
4142,901,2025-03-27,Проезд на запрещающий сигнал (12.12 ч.1 КоАП),1000,не оплачен
4143,360,2023-05-10,Выезд на встречную полосу (12.15 ч.4 КоАП),5000,оплачен
4144,407,2026-04-05,Проезд на запрещающий сигнал (12.12 ч.1 КоАП),1000,оплачен
4145,1157,2025-01-29,Проезд на запрещающий сигнал (12.12 ч.1 КоАП),1000,оплачен
4146,60,2024-12-12,Проезд на запрещающий сигнал (12.12 ч.1 КоАП),1000,оплачен
4147,318,2025-02-19,Проезд на запрещающий сигнал (12.12 ч.1 КоАП),1000,оплачен
4148,439,2025-06-23,Непристегнутый ремень (12.6 КоАП),1000,не оплачен
4149,207,2026-02-13,Проезд на запрещающий сигнал (12.12 ч.1 КоАП),1000,не оплачен
4150,1199,2025-06-19,Нарушение правил парковки (12.19 КоАП),1500,оплачен
4151,484,2024-07-30,Нарушение правил парковки (12.19 КоАП),1500,оплачен
4152,485,2024-02-28,Проезд на запрещающий сигнал (12.12 ч.1 КоАП),1000,не оплачен
4153,745,2024-02-22,Нарушение правил парковки (12.19 КоАП),1500,не оплачен
4154,1183,2023-09-08,Проезд на запрещающий сигнал (12.12 ч.1 КоАП),1000,не оплачен
4155,417,2025-02-25,Непристегнутый ремень (12.6 КоАП),1000,оплачен
4156,547,2024-09-02,Нарушение правил парковки (12.19 КоАП),1500,оплачен
4157,949,2023-06-13,Выезд на встречную полосу (12.15 ч.4 КоАП),5000,не оплачен
4158,449,2025-11-07,Выезд на встречную полосу (12.15 ч.4 КоАП),5000,оплачен
4159,594,2025-08-14,Выезд на встречную полосу (12.15 ч.4 КоАП),5000,оплачен
4160,1170,2024-03-21,Превышение скорости (12.9 ч.2 КоАП),500,оплачен
4161,1183,2024-04-07,Нарушение правил парковки (12.19 КоАП),1500,не оплачен
4162,239,2025-07-29,Выезд на встречную полосу (12.15 ч.4 КоАП),5000,оплачен
4163,1193,2023-08-04,Выезд на встречную полосу (12.15 ч.4 КоАП),5000,оплачен
4164,1170,2026-02-18,Проезд на запрещающий сигнал (12.12 ч.1 КоАП),1000,оплачен
4165,332,2024-01-28,Превышение скорости (12.9 ч.2 КоАП),500,оплачен
4166,960,2025-05-24,Проезд на запрещающий сигнал (12.12 ч.1 КоАП),1000,не оплачен
4167,231,2023-11-27,Выезд на встречную полосу (12.15 ч.4 КоАП),5000,оплачен
4168,284,2024-07-22,Нарушение правил парковки (12.19 КоАП),1500,оплачен
4169,1063,2025-11-20,Непристегнутый ремень (12.6 КоАП),1000,оплачен
4170,58,2023-07-02,Проезд на запрещающий сигнал (12.12 ч.1 КоАП),1000,не оплачен
4171,276,2023-10-08,Превышение скорости (12.9 ч.2 КоАП),500,не оплачен
4172,112,2024-06-15,Выезд на встречную полосу (12.15 ч.4 КоАП),5000,оплачен
4173,78,2023-07-17,Проезд на запрещающий сигнал (12.12 ч.1 КоАП),1000,не оплачен
4174,1136,2024-11-03,Нарушение правил парковки (12.19 КоАП),1500,оплачен
4175,1063,2024-08-09,Выезд на встречную полосу (12.15 ч.4 КоАП),5000,оплачен
4176,898,2024-02-27,Непристегнутый ремень (12.6 КоАП),1000,оплачен
4177,763,2025-11-04,Проезд на запрещающий сигнал (12.12 ч.1 КоАП),1000,оплачен
4178,379,2024-04-15,Нарушение правил парковки (12.19 КоАП),1500,оплачен
4179,808,2024-07-01,Непристегнутый ремень (12.6 КоАП),1000,не оплачен
4180,414,2024-11-29,Превышение скорости (12.9 ч.2 КоАП),500,оплачен
4181,484,2025-12-14,Нарушение правил парковки (12.19 КоАП),1500,не оплачен
4182,1173,2025-07-04,Превышение скорости (12.9 ч.2 КоАП),500,не оплачен
4183,657,2025-11-13,Непристегнутый ремень (12.6 КоАП),1000,оплачен
4184,711,2025-07-11,Превышение скорости (12.9 ч.2 КоАП),500,не оплачен
4185,431,2024-06-08,Проезд на запрещающий сигнал (12.12 ч.1 КоАП),1000,не оплачен
4186,192,2025-05-06,Непристегнутый ремень (12.6 КоАП),1000,оплачен
4187,1183,2026-02-06,Проезд на запрещающий сигнал (12.12 ч.1 КоАП),1000,оплачен
4188,714,2024-05-08,Непристегнутый ремень (12.6 КоАП),1000,оплачен
4189,621,2025-07-02,Превышение скорости (12.9 ч.2 КоАП),500,оплачен
4190,1048,2024-07-04,Нарушение правил парковки (12.19 КоАП),1500,оплачен
4191,403,2024-05-13,Непристегнутый ремень (12.6 КоАП),1000,не оплачен
4192,852,2025-10-30,Непристегнутый ремень (12.6 КоАП),1000,не оплачен
4193,431,2024-08-27,Превышение скорости (12.9 ч.2 КоАП),500,оплачен
4194,191,2024-03-22,Выезд на встречную полосу (12.15 ч.4 КоАП),5000,оплачен
4195,298,2025-05-19,Превышение скорости (12.9 ч.2 КоАП),500,оплачен
4196,311,2024-01-25,Проезд на запрещающий сигнал (12.12 ч.1 КоАП),1000,оплачен
4197,242,2024-11-14,Проезд на запрещающий сигнал (12.12 ч.1 КоАП),1000,не оплачен
4198,840,2025-07-05,Выезд на встречную полосу (12.15 ч.4 КоАП),5000,оплачен
4199,110,2023-05-13,Проезд на запрещающий сигнал (12.12 ч.1 КоАП),1000,оплачен
4200,238,2023-09-11,Превышение скорости (12.9 ч.2 КоАП),500,оплачен
4201,215,2024-09-27,Выезд на встречную полосу (12.15 ч.4 КоАП),5000,оплачен
4202,86,2024-04-18,Проезд на запрещающий сигнал (12.12 ч.1 КоАП),1000,оплачен
4203,915,2026-02-21,Превышение скорости (12.9 ч.2 КоАП),500,оплачен
4204,1084,2024-11-16,Нарушение правил парковки (12.19 КоАП),1500,не оплачен
4205,406,2025-07-11,Проезд на запрещающий сигнал (12.12 ч.1 КоАП),1000,не оплачен
4206,76,2024-07-04,Проезд на запрещающий сигнал (12.12 ч.1 КоАП),1000,оплачен
4207,884,2025-09-27,Проезд на запрещающий сигнал (12.12 ч.1 КоАП),1000,оплачен
4208,1099,2025-01-24,Проезд на запрещающий сигнал (12.12 ч.1 КоАП),1000,оплачен
4209,933,2023-12-17,Проезд на запрещающий сигнал (12.12 ч.1 КоАП),1000,оплачен
4210,1067,2023-05-21,Нарушение правил парковки (12.19 КоАП),1500,оплачен
4211,361,2023-06-17,Нарушение правил парковки (12.19 КоАП),1500,оплачен
4212,47,2024-03-06,Нарушение правил парковки (12.19 КоАП),1500,не оплачен
4213,1075,2024-02-01,Выезд на встречную полосу (12.15 ч.4 КоАП),5000,оплачен
4214,18,2024-04-06,Нарушение правил парковки (12.19 КоАП),1500,оплачен
4215,276,2023-06-17,Нарушение правил парковки (12.19 КоАП),1500,оплачен
4216,770,2024-01-01,Нарушение правил парковки (12.19 КоАП),1500,оплачен
4217,397,2023-05-10,Непристегнутый ремень (12.6 КоАП),1000,не оплачен
4218,717,2023-10-14,Нарушение правил парковки (12.19 КоАП),1500,не оплачен
4219,3,2025-11-23,Превышение скорости (12.9 ч.2 КоАП),500,не оплачен
4220,1166,2023-11-20,Проезд на запрещающий сигнал (12.12 ч.1 КоАП),1000,оплачен
4221,1195,2024-12-03,Проезд на запрещающий сигнал (12.12 ч.1 КоАП),1000,оплачен
4222,200,2026-02-06,Превышение скорости (12.9 ч.2 КоАП),500,оплачен
4223,243,2025-08-03,Выезд на встречную полосу (12.15 ч.4 КоАП),5000,оплачен
4224,869,2025-01-02,Проезд на запрещающий сигнал (12.12 ч.1 КоАП),1000,не оплачен
4225,669,2023-07-27,Непристегнутый ремень (12.6 КоАП),1000,оплачен
4226,629,2023-10-12,Выезд на встречную полосу (12.15 ч.4 КоАП),5000,не оплачен
4227,435,2025-05-26,Проезд на запрещающий сигнал (12.12 ч.1 КоАП),1000,не оплачен
4228,154,2024-04-13,Нарушение правил парковки (12.19 КоАП),1500,не оплачен
4229,53,2025-06-20,Проезд на запрещающий сигнал (12.12 ч.1 КоАП),1000,оплачен
4230,111,2024-10-26,Выезд на встречную полосу (12.15 ч.4 КоАП),5000,оплачен
4231,332,2024-09-07,Нарушение правил парковки (12.19 КоАП),1500,оплачен
4232,1014,2026-03-30,Непристегнутый ремень (12.6 КоАП),1000,оплачен
4233,126,2024-11-09,Проезд на запрещающий сигнал (12.12 ч.1 КоАП),1000,оплачен
4234,884,2024-11-08,Превышение скорости (12.9 ч.2 КоАП),500,оплачен
4235,46,2024-10-24,Непристегнутый ремень (12.6 КоАП),1000,оплачен
4236,260,2023-07-09,Проезд на запрещающий сигнал (12.12 ч.1 КоАП),1000,не оплачен
4237,220,2024-10-11,Непристегнутый ремень (12.6 КоАП),1000,оплачен
4238,325,2023-09-18,Нарушение правил парковки (12.19 КоАП),1500,не оплачен
4239,455,2025-12-21,Превышение скорости (12.9 ч.2 КоАП),500,не оплачен
4240,67,2025-08-15,Нарушение правил парковки (12.19 КоАП),1500,оплачен
4241,35,2023-09-13,Превышение скорости (12.9 ч.2 КоАП),500,оплачен
4242,1017,2026-04-21,Выезд на встречную полосу (12.15 ч.4 КоАП),5000,оплачен
4243,755,2025-04-17,Выезд на встречную полосу (12.15 ч.4 КоАП),5000,оплачен
4244,133,2026-03-09,Нарушение правил парковки (12.19 КоАП),1500,оплачен
4245,713,2024-11-29,Непристегнутый ремень (12.6 КоАП),1000,оплачен
4246,354,2023-09-13,Выезд на встречную полосу (12.15 ч.4 КоАП),5000,не оплачен
4247,983,2024-08-03,Нарушение правил парковки (12.19 КоАП),1500,не оплачен
4248,515,2023-12-27,Проезд на запрещающий сигнал (12.12 ч.1 КоАП),1000,оплачен
4249,227,2024-12-13,Превышение скорости (12.9 ч.2 КоАП),500,оплачен
4250,243,2025-02-03,Превышение скорости (12.9 ч.2 КоАП),500,не оплачен
4251,252,2023-11-25,Непристегнутый ремень (12.6 КоАП),1000,оплачен
4252,845,2024-07-26,Превышение скорости (12.9 ч.2 КоАП),500,оплачен
4253,921,2024-08-10,Превышение скорости (12.9 ч.2 КоАП),500,оплачен
4254,1002,2024-04-10,Превышение скорости (12.9 ч.2 КоАП),500,оплачен
4255,88,2025-01-22,Непристегнутый ремень (12.6 КоАП),1000,оплачен
4256,200,2025-05-31,Непристегнутый ремень (12.6 КоАП),1000,не оплачен
4257,918,2025-05-04,Нарушение правил парковки (12.19 КоАП),1500,оплачен
4258,63,2023-04-28,Непристегнутый ремень (12.6 КоАП),1000,не оплачен
4259,702,2024-05-27,Превышение скорости (12.9 ч.2 КоАП),500,не оплачен
4260,173,2025-12-26,Выезд на встречную полосу (12.15 ч.4 КоАП),5000,оплачен
4261,837,2026-04-13,Превышение скорости (12.9 ч.2 КоАП),500,оплачен
4262,111,2023-09-10,Проезд на запрещающий сигнал (12.12 ч.1 КоАП),1000,оплачен
4263,681,2023-09-05,Проезд на запрещающий сигнал (12.12 ч.1 КоАП),1000,оплачен
4264,590,2023-05-18,Превышение скорости (12.9 ч.2 КоАП),500,оплачен
4265,565,2025-06-10,Непристегнутый ремень (12.6 КоАП),1000,оплачен
4266,821,2023-06-25,Проезд на запрещающий сигнал (12.12 ч.1 КоАП),1000,оплачен
4267,51,2023-07-15,Проезд на запрещающий сигнал (12.12 ч.1 КоАП),1000,оплачен
4268,373,2025-12-30,Выезд на встречную полосу (12.15 ч.4 КоАП),5000,оплачен
4269,728,2024-01-26,Непристегнутый ремень (12.6 КоАП),1000,оплачен
4270,520,2026-01-18,Выезд на встречную полосу (12.15 ч.4 КоАП),5000,оплачен
4271,247,2024-12-24,Проезд на запрещающий сигнал (12.12 ч.1 КоАП),1000,оплачен
4272,408,2024-06-25,Нарушение правил парковки (12.19 КоАП),1500,не оплачен
4273,825,2025-12-08,Проезд на запрещающий сигнал (12.12 ч.1 КоАП),1000,оплачен
4274,521,2023-10-01,Выезд на встречную полосу (12.15 ч.4 КоАП),5000,не оплачен
4275,895,2024-03-04,Выезд на встречную полосу (12.15 ч.4 КоАП),5000,не оплачен
4276,724,2024-09-04,Превышение скорости (12.9 ч.2 КоАП),500,оплачен
4277,493,2026-02-06,Непристегнутый ремень (12.6 КоАП),1000,не оплачен
4278,39,2025-10-25,Выезд на встречную полосу (12.15 ч.4 КоАП),5000,оплачен
4279,826,2025-05-03,Нарушение правил парковки (12.19 КоАП),1500,оплачен
4280,637,2024-05-29,Превышение скорости (12.9 ч.2 КоАП),500,не оплачен
4281,52,2025-07-19,Непристегнутый ремень (12.6 КоАП),1000,не оплачен
4282,104,2025-10-30,Превышение скорости (12.9 ч.2 КоАП),500,оплачен
4283,958,2024-11-01,Выезд на встречную полосу (12.15 ч.4 КоАП),5000,оплачен
4284,77,2025-01-11,Нарушение правил парковки (12.19 КоАП),1500,оплачен
4285,1200,2024-06-10,Нарушение правил парковки (12.19 КоАП),1500,оплачен
4286,140,2023-11-26,Непристегнутый ремень (12.6 КоАП),1000,не оплачен
4287,553,2024-11-21,Непристегнутый ремень (12.6 КоАП),1000,оплачен
4288,511,2023-12-13,Нарушение правил парковки (12.19 КоАП),1500,оплачен
4289,649,2025-05-26,Превышение скорости (12.9 ч.2 КоАП),500,не оплачен
4290,524,2024-10-01,Превышение скорости (12.9 ч.2 КоАП),500,оплачен
4291,78,2024-03-22,Непристегнутый ремень (12.6 КоАП),1000,не оплачен
4292,1018,2023-09-11,Нарушение правил парковки (12.19 КоАП),1500,не оплачен
4293,1084,2025-03-12,Выезд на встречную полосу (12.15 ч.4 КоАП),5000,не оплачен
4294,134,2025-05-21,Проезд на запрещающий сигнал (12.12 ч.1 КоАП),1000,оплачен
4295,900,2025-10-17,Непристегнутый ремень (12.6 КоАП),1000,оплачен
4296,783,2023-08-11,Выезд на встречную полосу (12.15 ч.4 КоАП),5000,оплачен
4297,210,2023-05-04,Нарушение правил парковки (12.19 КоАП),1500,оплачен
4298,204,2024-11-07,Выезд на встречную полосу (12.15 ч.4 КоАП),5000,оплачен
4299,588,2024-04-16,Выезд на встречную полосу (12.15 ч.4 КоАП),5000,не оплачен
4300,983,2025-03-10,Выезд на встречную полосу (12.15 ч.4 КоАП),5000,оплачен
4301,478,2024-01-20,Проезд на запрещающий сигнал (12.12 ч.1 КоАП),1000,не оплачен
4302,895,2024-10-31,Нарушение правил парковки (12.19 КоАП),1500,оплачен
4303,593,2025-01-20,Непристегнутый ремень (12.6 КоАП),1000,оплачен
4304,914,2024-10-09,Превышение скорости (12.9 ч.2 КоАП),500,не оплачен
4305,541,2024-12-11,Превышение скорости (12.9 ч.2 КоАП),500,оплачен
4306,286,2024-04-05,Выезд на встречную полосу (12.15 ч.4 КоАП),5000,оплачен
4307,105,2024-03-12,Выезд на встречную полосу (12.15 ч.4 КоАП),5000,оплачен
4308,352,2025-06-03,Непристегнутый ремень (12.6 КоАП),1000,оплачен
4309,113,2024-02-25,Выезд на встречную полосу (12.15 ч.4 КоАП),5000,не оплачен
4310,532,2024-05-27,Превышение скорости (12.9 ч.2 КоАП),500,оплачен
4311,172,2024-02-15,Непристегнутый ремень (12.6 КоАП),1000,оплачен
4312,1171,2024-08-13,Непристегнутый ремень (12.6 КоАП),1000,оплачен
4313,1198,2025-08-20,Непристегнутый ремень (12.6 КоАП),1000,оплачен
4314,230,2025-08-30,Проезд на запрещающий сигнал (12.12 ч.1 КоАП),1000,оплачен
4315,46,2025-11-23,Выезд на встречную полосу (12.15 ч.4 КоАП),5000,не оплачен
4316,1032,2023-08-17,Непристегнутый ремень (12.6 КоАП),1000,оплачен
4317,1041,2025-12-08,Нарушение правил парковки (12.19 КоАП),1500,оплачен
4318,1120,2023-07-27,Превышение скорости (12.9 ч.2 КоАП),500,не оплачен
4319,623,2023-06-02,Нарушение правил парковки (12.19 КоАП),1500,оплачен
4320,247,2023-06-11,Проезд на запрещающий сигнал (12.12 ч.1 КоАП),1000,оплачен
4321,1069,2023-06-01,Нарушение правил парковки (12.19 КоАП),1500,оплачен
4322,1170,2024-01-10,Проезд на запрещающий сигнал (12.12 ч.1 КоАП),1000,не оплачен
4323,766,2024-05-17,Непристегнутый ремень (12.6 КоАП),1000,оплачен
4324,1105,2024-01-23,Превышение скорости (12.9 ч.2 КоАП),500,оплачен
4325,532,2023-05-28,Превышение скорости (12.9 ч.2 КоАП),500,оплачен
4326,972,2023-08-14,Выезд на встречную полосу (12.15 ч.4 КоАП),5000,оплачен
4327,369,2023-11-15,Превышение скорости (12.9 ч.2 КоАП),500,не оплачен
4328,1154,2025-03-21,Выезд на встречную полосу (12.15 ч.4 КоАП),5000,оплачен
4329,826,2025-04-10,Непристегнутый ремень (12.6 КоАП),1000,оплачен
4330,324,2024-11-27,Превышение скорости (12.9 ч.2 КоАП),500,оплачен
4331,554,2023-06-06,Выезд на встречную полосу (12.15 ч.4 КоАП),5000,не оплачен
4332,868,2024-12-18,Непристегнутый ремень (12.6 КоАП),1000,оплачен
4333,309,2025-01-01,Непристегнутый ремень (12.6 КоАП),1000,оплачен
4334,1185,2023-11-16,Выезд на встречную полосу (12.15 ч.4 КоАП),5000,не оплачен
4335,103,2024-11-23,Выезд на встречную полосу (12.15 ч.4 КоАП),5000,оплачен
4336,727,2026-02-27,Непристегнутый ремень (12.6 КоАП),1000,оплачен
4337,530,2025-10-14,Превышение скорости (12.9 ч.2 КоАП),500,не оплачен
4338,1190,2024-11-19,Превышение скорости (12.9 ч.2 КоАП),500,оплачен
4339,875,2025-04-24,Нарушение правил парковки (12.19 КоАП),1500,оплачен
4340,509,2025-08-16,Непристегнутый ремень (12.6 КоАП),1000,оплачен
4341,1133,2025-04-26,Нарушение правил парковки (12.19 КоАП),1500,оплачен
4342,773,2024-07-26,Нарушение правил парковки (12.19 КоАП),1500,оплачен
4343,1190,2024-07-30,Выезд на встречную полосу (12.15 ч.4 КоАП),5000,не оплачен
4344,373,2023-10-13,Выезд на встречную полосу (12.15 ч.4 КоАП),5000,оплачен
4345,864,2023-09-21,Превышение скорости (12.9 ч.2 КоАП),500,не оплачен
4346,771,2023-11-10,Нарушение правил парковки (12.19 КоАП),1500,оплачен
4347,543,2025-06-13,Проезд на запрещающий сигнал (12.12 ч.1 КоАП),1000,не оплачен
4348,53,2024-08-18,Выезд на встречную полосу (12.15 ч.4 КоАП),5000,оплачен
4349,640,2025-06-10,Непристегнутый ремень (12.6 КоАП),1000,оплачен
4350,24,2024-07-12,Выезд на встречную полосу (12.15 ч.4 КоАП),5000,оплачен
4351,210,2024-01-20,Нарушение правил парковки (12.19 КоАП),1500,оплачен
4352,729,2023-09-16,Проезд на запрещающий сигнал (12.12 ч.1 КоАП),1000,оплачен
4353,833,2025-05-14,Проезд на запрещающий сигнал (12.12 ч.1 КоАП),1000,оплачен
4354,257,2024-01-21,Непристегнутый ремень (12.6 КоАП),1000,оплачен
4355,455,2025-05-18,Непристегнутый ремень (12.6 КоАП),1000,оплачен
4356,1091,2024-05-21,Выезд на встречную полосу (12.15 ч.4 КоАП),5000,оплачен
4357,85,2025-12-29,Проезд на запрещающий сигнал (12.12 ч.1 КоАП),1000,не оплачен
4358,530,2023-12-10,Проезд на запрещающий сигнал (12.12 ч.1 КоАП),1000,оплачен
4359,1080,2023-08-22,Проезд на запрещающий сигнал (12.12 ч.1 КоАП),1000,оплачен
4360,140,2025-12-15,Непристегнутый ремень (12.6 КоАП),1000,оплачен
4361,130,2024-05-26,Непристегнутый ремень (12.6 КоАП),1000,оплачен
4362,440,2023-07-18,Превышение скорости (12.9 ч.2 КоАП),500,не оплачен
4363,509,2026-02-11,Превышение скорости (12.9 ч.2 КоАП),500,оплачен
4364,335,2024-07-13,Непристегнутый ремень (12.6 КоАП),1000,не оплачен
4365,835,2025-04-27,Проезд на запрещающий сигнал (12.12 ч.1 КоАП),1000,оплачен
4366,974,2025-09-05,Проезд на запрещающий сигнал (12.12 ч.1 КоАП),1000,не оплачен
4367,700,2025-09-15,Превышение скорости (12.9 ч.2 КоАП),500,оплачен
4368,90,2026-03-02,Проезд на запрещающий сигнал (12.12 ч.1 КоАП),1000,не оплачен
4369,1140,2023-09-04,Нарушение правил парковки (12.19 КоАП),1500,оплачен
4370,681,2024-03-03,Выезд на встречную полосу (12.15 ч.4 КоАП),5000,не оплачен
4371,340,2025-02-23,Превышение скорости (12.9 ч.2 КоАП),500,оплачен
4372,619,2025-05-08,Нарушение правил парковки (12.19 КоАП),1500,оплачен
4373,256,2023-10-12,Нарушение правил парковки (12.19 КоАП),1500,оплачен
4374,652,2025-03-02,Выезд на встречную полосу (12.15 ч.4 КоАП),5000,оплачен
4375,593,2023-08-10,Проезд на запрещающий сигнал (12.12 ч.1 КоАП),1000,оплачен
4376,853,2025-12-28,Непристегнутый ремень (12.6 КоАП),1000,оплачен
4377,963,2025-01-31,Превышение скорости (12.9 ч.2 КоАП),500,не оплачен
4378,134,2025-07-17,Выезд на встречную полосу (12.15 ч.4 КоАП),5000,не оплачен
4379,530,2024-07-24,Проезд на запрещающий сигнал (12.12 ч.1 КоАП),1000,оплачен
4380,1120,2025-10-23,Непристегнутый ремень (12.6 КоАП),1000,оплачен
4381,1109,2026-02-25,Непристегнутый ремень (12.6 КоАП),1000,не оплачен
4382,821,2025-06-14,Превышение скорости (12.9 ч.2 КоАП),500,оплачен
4383,298,2025-12-25,Непристегнутый ремень (12.6 КоАП),1000,оплачен
4384,907,2025-09-20,Превышение скорости (12.9 ч.2 КоАП),500,оплачен
4385,215,2025-11-09,Непристегнутый ремень (12.6 КоАП),1000,не оплачен
4386,379,2026-01-17,Нарушение правил парковки (12.19 КоАП),1500,не оплачен
4387,543,2023-08-19,Выезд на встречную полосу (12.15 ч.4 КоАП),5000,оплачен
4388,1103,2026-01-01,Непристегнутый ремень (12.6 КоАП),1000,оплачен
4389,1192,2023-12-17,Проезд на запрещающий сигнал (12.12 ч.1 КоАП),1000,оплачен
4390,1126,2024-12-10,Непристегнутый ремень (12.6 КоАП),1000,оплачен
4391,781,2024-04-23,Непристегнутый ремень (12.6 КоАП),1000,оплачен
4392,671,2026-03-30,Превышение скорости (12.9 ч.2 КоАП),500,оплачен
4393,643,2025-07-27,Нарушение правил парковки (12.19 КоАП),1500,не оплачен
4394,227,2026-03-27,Превышение скорости (12.9 ч.2 КоАП),500,оплачен
4395,370,2023-11-07,Проезд на запрещающий сигнал (12.12 ч.1 КоАП),1000,оплачен
4396,740,2025-03-25,Выезд на встречную полосу (12.15 ч.4 КоАП),5000,оплачен
4397,92,2025-11-02,Выезд на встречную полосу (12.15 ч.4 КоАП),5000,оплачен
4398,972,2024-08-15,Превышение скорости (12.9 ч.2 КоАП),500,оплачен
4399,466,2023-09-05,Превышение скорости (12.9 ч.2 КоАП),500,не оплачен
4400,1138,2024-08-12,Непристегнутый ремень (12.6 КоАП),1000,не оплачен
4401,863,2024-10-19,Проезд на запрещающий сигнал (12.12 ч.1 КоАП),1000,оплачен
4402,258,2026-01-20,Выезд на встречную полосу (12.15 ч.4 КоАП),5000,оплачен
4403,533,2024-10-09,Непристегнутый ремень (12.6 КоАП),1000,оплачен
4404,115,2023-04-28,Непристегнутый ремень (12.6 КоАП),1000,оплачен
4405,101,2025-10-27,Превышение скорости (12.9 ч.2 КоАП),500,оплачен
4406,617,2025-04-16,Непристегнутый ремень (12.6 КоАП),1000,не оплачен
4407,1087,2024-04-29,Нарушение правил парковки (12.19 КоАП),1500,не оплачен
4408,367,2024-03-16,Нарушение правил парковки (12.19 КоАП),1500,оплачен
4409,769,2024-02-22,Выезд на встречную полосу (12.15 ч.4 КоАП),5000,оплачен
4410,1141,2023-07-04,Нарушение правил парковки (12.19 КоАП),1500,оплачен
4411,1019,2025-11-16,Выезд на встречную полосу (12.15 ч.4 КоАП),5000,оплачен
4412,893,2025-07-11,Нарушение правил парковки (12.19 КоАП),1500,оплачен
4413,637,2025-05-03,Превышение скорости (12.9 ч.2 КоАП),500,оплачен
4414,1004,2023-07-05,Нарушение правил парковки (12.19 КоАП),1500,не оплачен
4415,1101,2024-04-02,Нарушение правил парковки (12.19 КоАП),1500,не оплачен
4416,923,2025-06-30,Непристегнутый ремень (12.6 КоАП),1000,не оплачен
4417,654,2023-12-30,Нарушение правил парковки (12.19 КоАП),1500,не оплачен
4418,1038,2026-04-22,Проезд на запрещающий сигнал (12.12 ч.1 КоАП),1000,не оплачен
4419,871,2024-06-22,Превышение скорости (12.9 ч.2 КоАП),500,оплачен
4420,529,2024-01-12,Нарушение правил парковки (12.19 КоАП),1500,не оплачен
4421,268,2025-10-30,Выезд на встречную полосу (12.15 ч.4 КоАП),5000,не оплачен
4422,858,2025-08-20,Проезд на запрещающий сигнал (12.12 ч.1 КоАП),1000,оплачен
4423,111,2024-11-03,Нарушение правил парковки (12.19 КоАП),1500,оплачен
4424,711,2023-12-22,Нарушение правил парковки (12.19 КоАП),1500,оплачен
4425,19,2025-06-02,Превышение скорости (12.9 ч.2 КоАП),500,оплачен
4426,329,2023-07-25,Выезд на встречную полосу (12.15 ч.4 КоАП),5000,не оплачен
4427,359,2024-07-20,Превышение скорости (12.9 ч.2 КоАП),500,оплачен
4428,926,2025-12-04,Проезд на запрещающий сигнал (12.12 ч.1 КоАП),1000,оплачен
4429,971,2025-03-16,Выезд на встречную полосу (12.15 ч.4 КоАП),5000,оплачен
4430,648,2025-12-22,Проезд на запрещающий сигнал (12.12 ч.1 КоАП),1000,оплачен
4431,57,2026-02-20,Выезд на встречную полосу (12.15 ч.4 КоАП),5000,оплачен
4432,576,2024-04-17,Проезд на запрещающий сигнал (12.12 ч.1 КоАП),1000,не оплачен
4433,190,2024-06-28,Превышение скорости (12.9 ч.2 КоАП),500,оплачен
4434,515,2024-08-11,Непристегнутый ремень (12.6 КоАП),1000,оплачен
4435,796,2024-08-11,Непристегнутый ремень (12.6 КоАП),1000,не оплачен
4436,1100,2024-12-19,Превышение скорости (12.9 ч.2 КоАП),500,оплачен
4437,1058,2024-03-14,Выезд на встречную полосу (12.15 ч.4 КоАП),5000,не оплачен
4438,1013,2026-02-10,Выезд на встречную полосу (12.15 ч.4 КоАП),5000,не оплачен
4439,402,2024-07-24,Проезд на запрещающий сигнал (12.12 ч.1 КоАП),1000,не оплачен
4440,1184,2024-12-08,Проезд на запрещающий сигнал (12.12 ч.1 КоАП),1000,оплачен
4441,910,2024-06-02,Нарушение правил парковки (12.19 КоАП),1500,не оплачен
4442,560,2025-05-10,Превышение скорости (12.9 ч.2 КоАП),500,оплачен
4443,539,2024-05-28,Выезд на встречную полосу (12.15 ч.4 КоАП),5000,не оплачен
4444,156,2025-09-24,Выезд на встречную полосу (12.15 ч.4 КоАП),5000,оплачен
4445,338,2025-02-25,Превышение скорости (12.9 ч.2 КоАП),500,оплачен
4446,515,2024-09-30,Непристегнутый ремень (12.6 КоАП),1000,оплачен
4447,701,2025-09-21,Выезд на встречную полосу (12.15 ч.4 КоАП),5000,оплачен
4448,791,2023-10-29,Нарушение правил парковки (12.19 КоАП),1500,не оплачен
4449,99,2024-05-15,Непристегнутый ремень (12.6 КоАП),1000,оплачен
4450,346,2023-09-24,Нарушение правил парковки (12.19 КоАП),1500,оплачен
4451,1053,2023-08-31,Нарушение правил парковки (12.19 КоАП),1500,оплачен
4452,253,2023-05-16,Проезд на запрещающий сигнал (12.12 ч.1 КоАП),1000,оплачен
4453,1032,2023-08-11,Проезд на запрещающий сигнал (12.12 ч.1 КоАП),1000,оплачен
4454,742,2024-11-22,Нарушение правил парковки (12.19 КоАП),1500,не оплачен
4455,97,2023-11-07,Нарушение правил парковки (12.19 КоАП),1500,оплачен
4456,522,2024-01-05,Выезд на встречную полосу (12.15 ч.4 КоАП),5000,оплачен
4457,585,2023-08-16,Нарушение правил парковки (12.19 КоАП),1500,оплачен
4458,299,2025-12-19,Нарушение правил парковки (12.19 КоАП),1500,не оплачен
4459,229,2025-07-27,Превышение скорости (12.9 ч.2 КоАП),500,оплачен
4460,316,2023-09-15,Проезд на запрещающий сигнал (12.12 ч.1 КоАП),1000,не оплачен
4461,585,2024-10-20,Выезд на встречную полосу (12.15 ч.4 КоАП),5000,не оплачен
4462,1007,2025-10-18,Непристегнутый ремень (12.6 КоАП),1000,оплачен
4463,174,2024-10-27,Непристегнутый ремень (12.6 КоАП),1000,оплачен
4464,423,2025-08-10,Выезд на встречную полосу (12.15 ч.4 КоАП),5000,оплачен
4465,341,2025-07-29,Нарушение правил парковки (12.19 КоАП),1500,оплачен
4466,393,2023-08-14,Превышение скорости (12.9 ч.2 КоАП),500,не оплачен
4467,1104,2024-01-03,Непристегнутый ремень (12.6 КоАП),1000,оплачен
4468,150,2024-02-21,Проезд на запрещающий сигнал (12.12 ч.1 КоАП),1000,не оплачен
4469,26,2025-02-13,Нарушение правил парковки (12.19 КоАП),1500,оплачен
4470,138,2025-09-11,Превышение скорости (12.9 ч.2 КоАП),500,оплачен
4471,506,2025-07-20,Выезд на встречную полосу (12.15 ч.4 КоАП),5000,не оплачен
4472,674,2025-01-22,Нарушение правил парковки (12.19 КоАП),1500,не оплачен
4473,68,2024-12-10,Проезд на запрещающий сигнал (12.12 ч.1 КоАП),1000,оплачен
4474,666,2023-06-14,Проезд на запрещающий сигнал (12.12 ч.1 КоАП),1000,не оплачен
4475,297,2025-06-21,Непристегнутый ремень (12.6 КоАП),1000,оплачен
4476,678,2026-02-07,Проезд на запрещающий сигнал (12.12 ч.1 КоАП),1000,не оплачен
4477,25,2025-08-29,Нарушение правил парковки (12.19 КоАП),1500,оплачен
4478,1055,2024-01-17,Превышение скорости (12.9 ч.2 КоАП),500,оплачен
4479,903,2024-04-18,Выезд на встречную полосу (12.15 ч.4 КоАП),5000,оплачен
4480,1054,2023-12-10,Нарушение правил парковки (12.19 КоАП),1500,не оплачен
4481,708,2024-04-26,Выезд на встречную полосу (12.15 ч.4 КоАП),5000,не оплачен
4482,521,2024-11-21,Нарушение правил парковки (12.19 КоАП),1500,оплачен
4483,536,2023-09-28,Нарушение правил парковки (12.19 КоАП),1500,оплачен
4484,1089,2023-08-13,Превышение скорости (12.9 ч.2 КоАП),500,оплачен
4485,741,2024-05-10,Непристегнутый ремень (12.6 КоАП),1000,оплачен
4486,446,2026-02-06,Выезд на встречную полосу (12.15 ч.4 КоАП),5000,оплачен
4487,220,2025-10-19,Непристегнутый ремень (12.6 КоАП),1000,оплачен
4488,494,2024-09-15,Нарушение правил парковки (12.19 КоАП),1500,оплачен
4489,302,2024-01-05,Превышение скорости (12.9 ч.2 КоАП),500,оплачен
4490,1050,2024-01-17,Непристегнутый ремень (12.6 КоАП),1000,оплачен
4491,791,2024-09-06,Непристегнутый ремень (12.6 КоАП),1000,не оплачен
4492,1187,2024-06-07,Непристегнутый ремень (12.6 КоАП),1000,оплачен
4493,1081,2025-10-03,Непристегнутый ремень (12.6 КоАП),1000,оплачен
4494,125,2026-03-18,Проезд на запрещающий сигнал (12.12 ч.1 КоАП),1000,оплачен
4495,986,2024-07-11,Нарушение правил парковки (12.19 КоАП),1500,оплачен
4496,982,2024-11-05,Проезд на запрещающий сигнал (12.12 ч.1 КоАП),1000,оплачен
4497,282,2025-03-22,Выезд на встречную полосу (12.15 ч.4 КоАП),5000,оплачен
4498,75,2023-05-23,Проезд на запрещающий сигнал (12.12 ч.1 КоАП),1000,не оплачен
4499,1107,2024-03-13,Непристегнутый ремень (12.6 КоАП),1000,не оплачен
4500,518,2023-08-26,Выезд на встречную полосу (12.15 ч.4 КоАП),5000,оплачен
4501,418,2025-04-22,Проезд на запрещающий сигнал (12.12 ч.1 КоАП),1000,не оплачен
4502,921,2025-01-07,Проезд на запрещающий сигнал (12.12 ч.1 КоАП),1000,оплачен
4503,488,2025-08-18,Проезд на запрещающий сигнал (12.12 ч.1 КоАП),1000,оплачен
4504,310,2026-02-10,Превышение скорости (12.9 ч.2 КоАП),500,не оплачен
4505,1024,2023-09-30,Непристегнутый ремень (12.6 КоАП),1000,оплачен
4506,1161,2023-07-19,Проезд на запрещающий сигнал (12.12 ч.1 КоАП),1000,оплачен
4507,1059,2023-09-05,Проезд на запрещающий сигнал (12.12 ч.1 КоАП),1000,не оплачен
4508,1184,2026-02-02,Превышение скорости (12.9 ч.2 КоАП),500,оплачен
4509,344,2024-03-22,Проезд на запрещающий сигнал (12.12 ч.1 КоАП),1000,оплачен
4510,240,2023-12-25,Превышение скорости (12.9 ч.2 КоАП),500,оплачен
4511,360,2024-06-29,Проезд на запрещающий сигнал (12.12 ч.1 КоАП),1000,не оплачен
4512,130,2025-04-22,Превышение скорости (12.9 ч.2 КоАП),500,оплачен
4513,945,2023-07-16,Выезд на встречную полосу (12.15 ч.4 КоАП),5000,оплачен
4514,93,2025-05-10,Превышение скорости (12.9 ч.2 КоАП),500,не оплачен
4515,1144,2024-02-10,Непристегнутый ремень (12.6 КоАП),1000,не оплачен
4516,792,2023-07-21,Выезд на встречную полосу (12.15 ч.4 КоАП),5000,оплачен
4517,172,2025-06-25,Непристегнутый ремень (12.6 КоАП),1000,не оплачен
4518,764,2023-09-24,Проезд на запрещающий сигнал (12.12 ч.1 КоАП),1000,оплачен
4519,592,2024-07-21,Превышение скорости (12.9 ч.2 КоАП),500,оплачен
4520,1133,2023-08-24,Проезд на запрещающий сигнал (12.12 ч.1 КоАП),1000,оплачен
4521,500,2024-06-27,Нарушение правил парковки (12.19 КоАП),1500,оплачен
4522,1046,2024-01-29,Превышение скорости (12.9 ч.2 КоАП),500,не оплачен
4523,566,2024-04-04,Выезд на встречную полосу (12.15 ч.4 КоАП),5000,оплачен
4524,284,2025-03-05,Непристегнутый ремень (12.6 КоАП),1000,оплачен
4525,837,2024-10-31,Нарушение правил парковки (12.19 КоАП),1500,не оплачен
4526,648,2025-03-04,Непристегнутый ремень (12.6 КоАП),1000,не оплачен
4527,72,2024-06-25,Превышение скорости (12.9 ч.2 КоАП),500,оплачен
4528,937,2024-10-08,Превышение скорости (12.9 ч.2 КоАП),500,не оплачен
4529,374,2026-03-16,Выезд на встречную полосу (12.15 ч.4 КоАП),5000,оплачен
4530,675,2024-06-22,Нарушение правил парковки (12.19 КоАП),1500,не оплачен
4531,777,2024-11-25,Непристегнутый ремень (12.6 КоАП),1000,оплачен
4532,679,2026-01-27,Превышение скорости (12.9 ч.2 КоАП),500,оплачен
4533,893,2023-10-31,Превышение скорости (12.9 ч.2 КоАП),500,оплачен
4534,865,2025-03-09,Выезд на встречную полосу (12.15 ч.4 КоАП),5000,оплачен
4535,27,2024-04-18,Превышение скорости (12.9 ч.2 КоАП),500,не оплачен
4536,760,2026-01-14,Выезд на встречную полосу (12.15 ч.4 КоАП),5000,оплачен
4537,185,2024-02-19,Превышение скорости (12.9 ч.2 КоАП),500,не оплачен
4538,578,2023-05-01,Проезд на запрещающий сигнал (12.12 ч.1 КоАП),1000,оплачен
4539,1110,2023-08-06,Выезд на встречную полосу (12.15 ч.4 КоАП),5000,оплачен
4540,551,2025-01-14,Выезд на встречную полосу (12.15 ч.4 КоАП),5000,не оплачен
4541,86,2024-10-01,Выезд на встречную полосу (12.15 ч.4 КоАП),5000,оплачен
4542,753,2026-04-12,Превышение скорости (12.9 ч.2 КоАП),500,не оплачен
4543,881,2024-06-04,Проезд на запрещающий сигнал (12.12 ч.1 КоАП),1000,оплачен
4544,603,2025-06-20,Проезд на запрещающий сигнал (12.12 ч.1 КоАП),1000,оплачен
4545,1095,2025-03-31,Выезд на встречную полосу (12.15 ч.4 КоАП),5000,не оплачен
4546,830,2024-12-23,Непристегнутый ремень (12.6 КоАП),1000,оплачен
4547,941,2024-11-17,Непристегнутый ремень (12.6 КоАП),1000,не оплачен
4548,480,2025-03-21,Непристегнутый ремень (12.6 КоАП),1000,оплачен
4549,1138,2025-07-26,Непристегнутый ремень (12.6 КоАП),1000,оплачен
4550,243,2023-09-11,Непристегнутый ремень (12.6 КоАП),1000,оплачен
4551,149,2024-11-21,Выезд на встречную полосу (12.15 ч.4 КоАП),5000,оплачен
4552,879,2025-09-15,Нарушение правил парковки (12.19 КоАП),1500,оплачен
4553,159,2023-08-16,Выезд на встречную полосу (12.15 ч.4 КоАП),5000,оплачен
4554,48,2025-02-05,Выезд на встречную полосу (12.15 ч.4 КоАП),5000,оплачен
4555,260,2024-12-21,Проезд на запрещающий сигнал (12.12 ч.1 КоАП),1000,оплачен
4556,272,2024-10-23,Превышение скорости (12.9 ч.2 КоАП),500,оплачен
4557,931,2024-09-26,Нарушение правил парковки (12.19 КоАП),1500,не оплачен
4558,1183,2026-01-05,Непристегнутый ремень (12.6 КоАП),1000,оплачен
4559,779,2026-03-04,Проезд на запрещающий сигнал (12.12 ч.1 КоАП),1000,оплачен
4560,1134,2023-09-15,Превышение скорости (12.9 ч.2 КоАП),500,не оплачен
4561,755,2025-03-05,Непристегнутый ремень (12.6 КоАП),1000,не оплачен
4562,945,2023-12-05,Превышение скорости (12.9 ч.2 КоАП),500,оплачен
4563,644,2025-09-06,Непристегнутый ремень (12.6 КоАП),1000,не оплачен
4564,944,2024-12-15,Превышение скорости (12.9 ч.2 КоАП),500,оплачен
4565,185,2024-05-17,Нарушение правил парковки (12.19 КоАП),1500,оплачен
4566,1000,2023-12-19,Проезд на запрещающий сигнал (12.12 ч.1 КоАП),1000,оплачен
4567,379,2023-08-20,Непристегнутый ремень (12.6 КоАП),1000,не оплачен
4568,1110,2024-03-25,Превышение скорости (12.9 ч.2 КоАП),500,оплачен
4569,297,2025-02-26,Непристегнутый ремень (12.6 КоАП),1000,оплачен
4570,825,2023-07-15,Непристегнутый ремень (12.6 КоАП),1000,не оплачен
4571,546,2023-10-17,Выезд на встречную полосу (12.15 ч.4 КоАП),5000,оплачен
4572,978,2025-05-08,Проезд на запрещающий сигнал (12.12 ч.1 КоАП),1000,оплачен
4573,153,2023-09-15,Непристегнутый ремень (12.6 КоАП),1000,оплачен
4574,751,2024-08-08,Нарушение правил парковки (12.19 КоАП),1500,оплачен
4575,216,2025-05-14,Проезд на запрещающий сигнал (12.12 ч.1 КоАП),1000,не оплачен
4576,602,2023-12-28,Нарушение правил парковки (12.19 КоАП),1500,оплачен
4577,654,2024-01-18,Превышение скорости (12.9 ч.2 КоАП),500,оплачен
4578,259,2026-03-07,Непристегнутый ремень (12.6 КоАП),1000,оплачен
4579,290,2023-11-04,Непристегнутый ремень (12.6 КоАП),1000,оплачен
4580,1018,2025-11-22,Нарушение правил парковки (12.19 КоАП),1500,не оплачен
4581,37,2026-04-01,Непристегнутый ремень (12.6 КоАП),1000,не оплачен
4582,130,2024-07-08,Превышение скорости (12.9 ч.2 КоАП),500,оплачен
4583,701,2024-09-18,Проезд на запрещающий сигнал (12.12 ч.1 КоАП),1000,оплачен
4584,941,2024-02-29,Превышение скорости (12.9 ч.2 КоАП),500,оплачен
4585,571,2023-09-24,Проезд на запрещающий сигнал (12.12 ч.1 КоАП),1000,не оплачен
4586,364,2025-09-16,Выезд на встречную полосу (12.15 ч.4 КоАП),5000,оплачен
4587,672,2025-01-12,Непристегнутый ремень (12.6 КоАП),1000,не оплачен
4588,11,2024-08-29,Нарушение правил парковки (12.19 КоАП),1500,оплачен
4589,1066,2023-08-28,Выезд на встречную полосу (12.15 ч.4 КоАП),5000,оплачен
4590,375,2024-12-11,Непристегнутый ремень (12.6 КоАП),1000,оплачен
4591,927,2024-07-05,Нарушение правил парковки (12.19 КоАП),1500,оплачен
4592,860,2024-07-18,Проезд на запрещающий сигнал (12.12 ч.1 КоАП),1000,оплачен
4593,765,2023-09-23,Непристегнутый ремень (12.6 КоАП),1000,оплачен
4594,121,2025-08-21,Превышение скорости (12.9 ч.2 КоАП),500,не оплачен
4595,121,2026-02-15,Непристегнутый ремень (12.6 КоАП),1000,оплачен
4596,762,2023-05-18,Непристегнутый ремень (12.6 КоАП),1000,не оплачен
4597,365,2024-09-22,Непристегнутый ремень (12.6 КоАП),1000,не оплачен
4598,177,2024-06-13,Превышение скорости (12.9 ч.2 КоАП),500,оплачен
4599,166,2023-05-10,Выезд на встречную полосу (12.15 ч.4 КоАП),5000,не оплачен
4600,743,2023-06-06,Превышение скорости (12.9 ч.2 КоАП),500,оплачен
4601,110,2025-07-08,Выезд на встречную полосу (12.15 ч.4 КоАП),5000,не оплачен
4602,409,2024-09-10,Проезд на запрещающий сигнал (12.12 ч.1 КоАП),1000,оплачен
4603,146,2024-04-07,Выезд на встречную полосу (12.15 ч.4 КоАП),5000,не оплачен
4604,643,2025-07-06,Непристегнутый ремень (12.6 КоАП),1000,оплачен
4605,991,2023-05-15,Превышение скорости (12.9 ч.2 КоАП),500,оплачен
4606,1033,2026-02-19,Превышение скорости (12.9 ч.2 КоАП),500,оплачен
4607,1151,2026-02-17,Нарушение правил парковки (12.19 КоАП),1500,не оплачен
4608,465,2025-11-19,Нарушение правил парковки (12.19 КоАП),1500,не оплачен
4609,1163,2024-06-21,Проезд на запрещающий сигнал (12.12 ч.1 КоАП),1000,оплачен
4610,1138,2023-12-27,Выезд на встречную полосу (12.15 ч.4 КоАП),5000,оплачен
4611,706,2023-05-23,Выезд на встречную полосу (12.15 ч.4 КоАП),5000,оплачен
4612,572,2025-04-17,Нарушение правил парковки (12.19 КоАП),1500,не оплачен
4613,847,2025-12-05,Превышение скорости (12.9 ч.2 КоАП),500,не оплачен
4614,1055,2025-01-01,Превышение скорости (12.9 ч.2 КоАП),500,не оплачен
4615,415,2026-04-04,Выезд на встречную полосу (12.15 ч.4 КоАП),5000,не оплачен
4616,170,2023-10-07,Непристегнутый ремень (12.6 КоАП),1000,оплачен
4617,73,2026-04-09,Превышение скорости (12.9 ч.2 КоАП),500,оплачен
4618,315,2025-12-01,Превышение скорости (12.9 ч.2 КоАП),500,оплачен
4619,826,2025-10-28,Непристегнутый ремень (12.6 КоАП),1000,оплачен
4620,141,2023-06-20,Проезд на запрещающий сигнал (12.12 ч.1 КоАП),1000,оплачен
4621,437,2025-12-26,Нарушение правил парковки (12.19 КоАП),1500,не оплачен
4622,897,2025-12-05,Нарушение правил парковки (12.19 КоАП),1500,оплачен
4623,691,2025-04-12,Проезд на запрещающий сигнал (12.12 ч.1 КоАП),1000,не оплачен
4624,862,2025-10-28,Проезд на запрещающий сигнал (12.12 ч.1 КоАП),1000,оплачен
4625,560,2025-08-12,Выезд на встречную полосу (12.15 ч.4 КоАП),5000,не оплачен
4626,80,2025-10-28,Выезд на встречную полосу (12.15 ч.4 КоАП),5000,не оплачен
4627,397,2025-02-13,Выезд на встречную полосу (12.15 ч.4 КоАП),5000,оплачен
4628,515,2024-09-16,Проезд на запрещающий сигнал (12.12 ч.1 КоАП),1000,не оплачен
4629,1031,2025-10-05,Непристегнутый ремень (12.6 КоАП),1000,оплачен
4630,363,2026-04-08,Нарушение правил парковки (12.19 КоАП),1500,оплачен
4631,784,2023-08-25,Проезд на запрещающий сигнал (12.12 ч.1 КоАП),1000,не оплачен
4632,832,2024-04-09,Нарушение правил парковки (12.19 КоАП),1500,не оплачен
4633,98,2023-09-27,Непристегнутый ремень (12.6 КоАП),1000,оплачен
4634,913,2023-10-04,Превышение скорости (12.9 ч.2 КоАП),500,не оплачен
4635,103,2025-09-03,Нарушение правил парковки (12.19 КоАП),1500,оплачен
4636,688,2025-06-08,Выезд на встречную полосу (12.15 ч.4 КоАП),5000,оплачен
4637,814,2023-05-28,Нарушение правил парковки (12.19 КоАП),1500,оплачен
4638,375,2026-02-17,Непристегнутый ремень (12.6 КоАП),1000,не оплачен
4639,70,2025-07-15,Превышение скорости (12.9 ч.2 КоАП),500,оплачен
4640,665,2025-04-06,Нарушение правил парковки (12.19 КоАП),1500,оплачен
4641,634,2025-07-08,Выезд на встречную полосу (12.15 ч.4 КоАП),5000,не оплачен
4642,209,2023-08-20,Непристегнутый ремень (12.6 КоАП),1000,не оплачен
4643,171,2024-09-23,Превышение скорости (12.9 ч.2 КоАП),500,не оплачен
4644,1040,2025-03-19,Выезд на встречную полосу (12.15 ч.4 КоАП),5000,не оплачен
4645,40,2024-06-02,Превышение скорости (12.9 ч.2 КоАП),500,оплачен
4646,912,2026-04-06,Нарушение правил парковки (12.19 КоАП),1500,оплачен
4647,363,2025-10-18,Превышение скорости (12.9 ч.2 КоАП),500,оплачен
4648,832,2026-03-17,Превышение скорости (12.9 ч.2 КоАП),500,не оплачен
4649,479,2023-10-28,Нарушение правил парковки (12.19 КоАП),1500,оплачен
4650,171,2025-02-07,Нарушение правил парковки (12.19 КоАП),1500,оплачен
4651,170,2025-05-17,Превышение скорости (12.9 ч.2 КоАП),500,оплачен
4652,897,2023-08-06,Проезд на запрещающий сигнал (12.12 ч.1 КоАП),1000,не оплачен
4653,732,2025-02-10,Непристегнутый ремень (12.6 КоАП),1000,не оплачен
4654,22,2024-09-02,Превышение скорости (12.9 ч.2 КоАП),500,оплачен
4655,104,2025-02-25,Выезд на встречную полосу (12.15 ч.4 КоАП),5000,оплачен
4656,691,2025-04-26,Превышение скорости (12.9 ч.2 КоАП),500,оплачен
4657,711,2023-07-09,Проезд на запрещающий сигнал (12.12 ч.1 КоАП),1000,не оплачен
4658,532,2026-03-08,Непристегнутый ремень (12.6 КоАП),1000,оплачен
4659,696,2025-10-03,Непристегнутый ремень (12.6 КоАП),1000,оплачен
4660,90,2025-07-19,Нарушение правил парковки (12.19 КоАП),1500,не оплачен
4661,205,2025-02-20,Выезд на встречную полосу (12.15 ч.4 КоАП),5000,не оплачен
4662,265,2025-02-20,Проезд на запрещающий сигнал (12.12 ч.1 КоАП),1000,оплачен
4663,102,2025-05-27,Непристегнутый ремень (12.6 КоАП),1000,не оплачен
4664,750,2025-08-20,Непристегнутый ремень (12.6 КоАП),1000,оплачен
4665,135,2025-08-02,Проезд на запрещающий сигнал (12.12 ч.1 КоАП),1000,оплачен
4666,590,2024-09-17,Выезд на встречную полосу (12.15 ч.4 КоАП),5000,не оплачен
4667,443,2023-10-24,Непристегнутый ремень (12.6 КоАП),1000,не оплачен
4668,417,2025-02-12,Превышение скорости (12.9 ч.2 КоАП),500,оплачен
4669,243,2025-08-26,Непристегнутый ремень (12.6 КоАП),1000,оплачен
4670,259,2024-01-25,Нарушение правил парковки (12.19 КоАП),1500,не оплачен
4671,878,2023-05-29,Проезд на запрещающий сигнал (12.12 ч.1 КоАП),1000,оплачен
4672,583,2024-03-01,Непристегнутый ремень (12.6 КоАП),1000,оплачен
4673,615,2025-09-04,Непристегнутый ремень (12.6 КоАП),1000,оплачен
4674,454,2024-11-15,Превышение скорости (12.9 ч.2 КоАП),500,не оплачен
4675,357,2023-12-06,Нарушение правил парковки (12.19 КоАП),1500,не оплачен
4676,709,2026-02-04,Нарушение правил парковки (12.19 КоАП),1500,не оплачен
4677,766,2025-07-03,Проезд на запрещающий сигнал (12.12 ч.1 КоАП),1000,оплачен
4678,301,2024-11-12,Нарушение правил парковки (12.19 КоАП),1500,оплачен
4679,145,2025-04-20,Выезд на встречную полосу (12.15 ч.4 КоАП),5000,оплачен
4680,998,2025-11-29,Выезд на встречную полосу (12.15 ч.4 КоАП),5000,оплачен
4681,27,2024-07-31,Непристегнутый ремень (12.6 КоАП),1000,оплачен
4682,1170,2023-07-26,Выезд на встречную полосу (12.15 ч.4 КоАП),5000,оплачен
4683,121,2023-08-04,Непристегнутый ремень (12.6 КоАП),1000,оплачен
4684,900,2024-09-28,Выезд на встречную полосу (12.15 ч.4 КоАП),5000,оплачен
4685,495,2024-07-15,Превышение скорости (12.9 ч.2 КоАП),500,не оплачен
4686,547,2026-04-14,Непристегнутый ремень (12.6 КоАП),1000,оплачен
4687,447,2023-08-31,Проезд на запрещающий сигнал (12.12 ч.1 КоАП),1000,оплачен
4688,592,2026-02-22,Непристегнутый ремень (12.6 КоАП),1000,оплачен
4689,461,2024-11-15,Нарушение правил парковки (12.19 КоАП),1500,оплачен
4690,1006,2023-05-22,Выезд на встречную полосу (12.15 ч.4 КоАП),5000,оплачен
4691,685,2025-01-02,Проезд на запрещающий сигнал (12.12 ч.1 КоАП),1000,оплачен
4692,330,2025-06-30,Проезд на запрещающий сигнал (12.12 ч.1 КоАП),1000,оплачен
4693,150,2025-10-19,Превышение скорости (12.9 ч.2 КоАП),500,оплачен
4694,642,2025-09-06,Выезд на встречную полосу (12.15 ч.4 КоАП),5000,оплачен
4695,377,2024-10-03,Выезд на встречную полосу (12.15 ч.4 КоАП),5000,оплачен
4696,1101,2023-09-09,Выезд на встречную полосу (12.15 ч.4 КоАП),5000,оплачен
4697,126,2023-10-05,Непристегнутый ремень (12.6 КоАП),1000,оплачен
4698,307,2025-08-14,Непристегнутый ремень (12.6 КоАП),1000,оплачен
4699,631,2025-08-30,Проезд на запрещающий сигнал (12.12 ч.1 КоАП),1000,оплачен
4700,143,2026-01-13,Превышение скорости (12.9 ч.2 КоАП),500,оплачен
4701,1171,2023-09-12,Превышение скорости (12.9 ч.2 КоАП),500,оплачен
4702,96,2023-08-27,Выезд на встречную полосу (12.15 ч.4 КоАП),5000,оплачен
4703,1108,2024-12-05,Превышение скорости (12.9 ч.2 КоАП),500,оплачен
4704,1046,2026-03-12,Выезд на встречную полосу (12.15 ч.4 КоАП),5000,оплачен
4705,311,2025-05-24,Превышение скорости (12.9 ч.2 КоАП),500,не оплачен
4706,182,2025-08-02,Превышение скорости (12.9 ч.2 КоАП),500,оплачен
4707,451,2025-05-24,Выезд на встречную полосу (12.15 ч.4 КоАП),5000,не оплачен
4708,14,2024-02-28,Непристегнутый ремень (12.6 КоАП),1000,оплачен
4709,935,2024-06-19,Нарушение правил парковки (12.19 КоАП),1500,оплачен
4710,1140,2025-06-26,Непристегнутый ремень (12.6 КоАП),1000,не оплачен
4711,924,2023-07-19,Непристегнутый ремень (12.6 КоАП),1000,оплачен
4712,382,2025-09-09,Непристегнутый ремень (12.6 КоАП),1000,оплачен
4713,868,2024-09-02,Непристегнутый ремень (12.6 КоАП),1000,оплачен
4714,96,2023-10-22,Выезд на встречную полосу (12.15 ч.4 КоАП),5000,оплачен
4715,859,2026-04-11,Проезд на запрещающий сигнал (12.12 ч.1 КоАП),1000,оплачен
4716,18,2024-05-20,Проезд на запрещающий сигнал (12.12 ч.1 КоАП),1000,не оплачен
4717,938,2025-12-04,Проезд на запрещающий сигнал (12.12 ч.1 КоАП),1000,оплачен
4718,383,2025-01-10,Непристегнутый ремень (12.6 КоАП),1000,оплачен
4719,949,2025-01-21,Выезд на встречную полосу (12.15 ч.4 КоАП),5000,не оплачен
4720,259,2025-03-27,Непристегнутый ремень (12.6 КоАП),1000,оплачен
4721,235,2024-11-25,Выезд на встречную полосу (12.15 ч.4 КоАП),5000,оплачен
4722,332,2025-04-04,Нарушение правил парковки (12.19 КоАП),1500,оплачен
4723,13,2026-02-10,Непристегнутый ремень (12.6 КоАП),1000,оплачен
4724,345,2023-09-26,Выезд на встречную полосу (12.15 ч.4 КоАП),5000,оплачен
4725,351,2026-04-08,Непристегнутый ремень (12.6 КоАП),1000,оплачен
4726,255,2024-12-05,Непристегнутый ремень (12.6 КоАП),1000,оплачен
4727,9,2025-09-27,Выезд на встречную полосу (12.15 ч.4 КоАП),5000,оплачен
4728,194,2024-08-27,Непристегнутый ремень (12.6 КоАП),1000,оплачен
4729,1031,2024-07-18,Превышение скорости (12.9 ч.2 КоАП),500,оплачен
4730,761,2023-05-31,Непристегнутый ремень (12.6 КоАП),1000,оплачен
4731,168,2023-11-28,Непристегнутый ремень (12.6 КоАП),1000,не оплачен
4732,1166,2024-02-16,Нарушение правил парковки (12.19 КоАП),1500,не оплачен
4733,343,2023-09-16,Выезд на встречную полосу (12.15 ч.4 КоАП),5000,не оплачен
4734,782,2024-02-29,Превышение скорости (12.9 ч.2 КоАП),500,оплачен
4735,104,2024-07-13,Превышение скорости (12.9 ч.2 КоАП),500,не оплачен
4736,485,2024-02-04,Нарушение правил парковки (12.19 КоАП),1500,оплачен
4737,443,2026-03-25,Непристегнутый ремень (12.6 КоАП),1000,оплачен
4738,317,2024-12-12,Выезд на встречную полосу (12.15 ч.4 КоАП),5000,оплачен
4739,983,2025-09-10,Непристегнутый ремень (12.6 КоАП),1000,не оплачен
4740,566,2024-02-23,Непристегнутый ремень (12.6 КоАП),1000,оплачен
4741,110,2025-12-01,Нарушение правил парковки (12.19 КоАП),1500,оплачен
4742,283,2026-02-03,Непристегнутый ремень (12.6 КоАП),1000,оплачен
4743,333,2026-03-01,Выезд на встречную полосу (12.15 ч.4 КоАП),5000,оплачен
4744,1129,2024-12-08,Проезд на запрещающий сигнал (12.12 ч.1 КоАП),1000,оплачен
4745,1100,2025-10-23,Нарушение правил парковки (12.19 КоАП),1500,оплачен
4746,278,2025-12-10,Проезд на запрещающий сигнал (12.12 ч.1 КоАП),1000,оплачен
4747,122,2024-10-09,Проезд на запрещающий сигнал (12.12 ч.1 КоАП),1000,оплачен
4748,571,2025-04-10,Нарушение правил парковки (12.19 КоАП),1500,оплачен
4749,433,2023-09-18,Нарушение правил парковки (12.19 КоАП),1500,не оплачен
4750,225,2024-03-30,Непристегнутый ремень (12.6 КоАП),1000,оплачен
4751,1183,2026-01-04,Нарушение правил парковки (12.19 КоАП),1500,оплачен
4752,21,2026-01-03,Проезд на запрещающий сигнал (12.12 ч.1 КоАП),1000,оплачен
4753,262,2025-11-29,Превышение скорости (12.9 ч.2 КоАП),500,оплачен
4754,104,2024-10-23,Проезд на запрещающий сигнал (12.12 ч.1 КоАП),1000,оплачен
4755,449,2025-04-13,Проезд на запрещающий сигнал (12.12 ч.1 КоАП),1000,не оплачен
4756,899,2023-05-28,Проезд на запрещающий сигнал (12.12 ч.1 КоАП),1000,оплачен
4757,212,2023-07-03,Проезд на запрещающий сигнал (12.12 ч.1 КоАП),1000,оплачен
4758,85,2023-10-06,Проезд на запрещающий сигнал (12.12 ч.1 КоАП),1000,не оплачен
4759,1031,2025-02-08,Проезд на запрещающий сигнал (12.12 ч.1 КоАП),1000,оплачен
4760,97,2025-08-20,Нарушение правил парковки (12.19 КоАП),1500,оплачен
4761,404,2024-07-21,Выезд на встречную полосу (12.15 ч.4 КоАП),5000,оплачен
4762,706,2024-10-15,Превышение скорости (12.9 ч.2 КоАП),500,не оплачен
4763,473,2023-08-04,Непристегнутый ремень (12.6 КоАП),1000,не оплачен
4764,936,2025-12-20,Выезд на встречную полосу (12.15 ч.4 КоАП),5000,оплачен
4765,1198,2023-12-06,Выезд на встречную полосу (12.15 ч.4 КоАП),5000,оплачен
4766,460,2024-01-10,Непристегнутый ремень (12.6 КоАП),1000,оплачен
4767,47,2024-06-17,Превышение скорости (12.9 ч.2 КоАП),500,оплачен
4768,184,2025-12-27,Непристегнутый ремень (12.6 КоАП),1000,оплачен
4769,962,2023-07-29,Превышение скорости (12.9 ч.2 КоАП),500,оплачен
4770,84,2024-01-19,Непристегнутый ремень (12.6 КоАП),1000,не оплачен
4771,1193,2024-04-01,Проезд на запрещающий сигнал (12.12 ч.1 КоАП),1000,не оплачен
4772,447,2025-07-08,Непристегнутый ремень (12.6 КоАП),1000,оплачен
4773,540,2025-03-15,Превышение скорости (12.9 ч.2 КоАП),500,оплачен
4774,566,2025-08-03,Непристегнутый ремень (12.6 КоАП),1000,оплачен
4775,803,2025-12-03,Выезд на встречную полосу (12.15 ч.4 КоАП),5000,оплачен
4776,167,2026-03-10,Непристегнутый ремень (12.6 КоАП),1000,не оплачен
4777,243,2024-02-11,Проезд на запрещающий сигнал (12.12 ч.1 КоАП),1000,оплачен
4778,1027,2023-07-01,Превышение скорости (12.9 ч.2 КоАП),500,оплачен
4779,1142,2024-03-04,Выезд на встречную полосу (12.15 ч.4 КоАП),5000,не оплачен
4780,806,2025-08-05,Выезд на встречную полосу (12.15 ч.4 КоАП),5000,оплачен
4781,785,2023-10-20,Превышение скорости (12.9 ч.2 КоАП),500,оплачен
4782,314,2024-07-26,Выезд на встречную полосу (12.15 ч.4 КоАП),5000,оплачен
4783,807,2025-04-15,Непристегнутый ремень (12.6 КоАП),1000,оплачен
4784,621,2024-12-23,Превышение скорости (12.9 ч.2 КоАП),500,оплачен
4785,616,2023-07-12,Нарушение правил парковки (12.19 КоАП),1500,оплачен
4786,884,2024-06-24,Выезд на встречную полосу (12.15 ч.4 КоАП),5000,оплачен
4787,628,2023-04-28,Проезд на запрещающий сигнал (12.12 ч.1 КоАП),1000,оплачен
4788,461,2025-10-01,Проезд на запрещающий сигнал (12.12 ч.1 КоАП),1000,оплачен
4789,18,2024-12-29,Нарушение правил парковки (12.19 КоАП),1500,оплачен
4790,772,2026-04-14,Непристегнутый ремень (12.6 КоАП),1000,оплачен
4791,266,2024-02-03,Проезд на запрещающий сигнал (12.12 ч.1 КоАП),1000,не оплачен
4792,276,2025-02-08,Выезд на встречную полосу (12.15 ч.4 КоАП),5000,оплачен
4793,182,2023-12-04,Превышение скорости (12.9 ч.2 КоАП),500,оплачен
4794,524,2025-09-14,Проезд на запрещающий сигнал (12.12 ч.1 КоАП),1000,оплачен
4795,282,2023-12-29,Выезд на встречную полосу (12.15 ч.4 КоАП),5000,не оплачен
4796,1137,2023-12-13,Нарушение правил парковки (12.19 КоАП),1500,оплачен
4797,310,2024-10-17,Нарушение правил парковки (12.19 КоАП),1500,оплачен
4798,1052,2025-09-22,Непристегнутый ремень (12.6 КоАП),1000,оплачен
4799,1094,2024-10-29,Превышение скорости (12.9 ч.2 КоАП),500,не оплачен
4800,201,2024-03-04,Непристегнутый ремень (12.6 КоАП),1000,не оплачен
4801,303,2025-03-10,Выезд на встречную полосу (12.15 ч.4 КоАП),5000,оплачен
4802,174,2025-02-13,Нарушение правил парковки (12.19 КоАП),1500,оплачен
4803,779,2024-01-10,Непристегнутый ремень (12.6 КоАП),1000,оплачен
4804,1147,2023-10-25,Проезд на запрещающий сигнал (12.12 ч.1 КоАП),1000,оплачен
4805,275,2023-05-02,Проезд на запрещающий сигнал (12.12 ч.1 КоАП),1000,не оплачен
4806,944,2025-09-18,Нарушение правил парковки (12.19 КоАП),1500,не оплачен
4807,749,2025-08-25,Проезд на запрещающий сигнал (12.12 ч.1 КоАП),1000,оплачен
4808,1089,2024-11-02,Нарушение правил парковки (12.19 КоАП),1500,оплачен
4809,534,2024-02-27,Проезд на запрещающий сигнал (12.12 ч.1 КоАП),1000,не оплачен
4810,494,2024-01-30,Превышение скорости (12.9 ч.2 КоАП),500,оплачен
4811,1084,2025-03-15,Нарушение правил парковки (12.19 КоАП),1500,оплачен
4812,766,2023-11-11,Превышение скорости (12.9 ч.2 КоАП),500,не оплачен
4813,758,2025-03-06,Нарушение правил парковки (12.19 КоАП),1500,не оплачен
4814,1155,2023-11-20,Выезд на встречную полосу (12.15 ч.4 КоАП),5000,оплачен
4815,678,2023-06-25,Выезд на встречную полосу (12.15 ч.4 КоАП),5000,не оплачен
4816,550,2025-02-23,Выезд на встречную полосу (12.15 ч.4 КоАП),5000,не оплачен
4817,409,2024-12-30,Нарушение правил парковки (12.19 КоАП),1500,оплачен
4818,895,2025-04-12,Проезд на запрещающий сигнал (12.12 ч.1 КоАП),1000,оплачен
4819,555,2024-11-16,Выезд на встречную полосу (12.15 ч.4 КоАП),5000,оплачен
4820,1030,2024-06-22,Непристегнутый ремень (12.6 КоАП),1000,оплачен
4821,883,2025-10-13,Превышение скорости (12.9 ч.2 КоАП),500,оплачен
4822,260,2026-01-23,Нарушение правил парковки (12.19 КоАП),1500,оплачен
4823,585,2023-05-17,Нарушение правил парковки (12.19 КоАП),1500,оплачен
4824,17,2024-11-09,Непристегнутый ремень (12.6 КоАП),1000,оплачен
4825,628,2025-10-06,Непристегнутый ремень (12.6 КоАП),1000,оплачен
4826,380,2025-06-05,Нарушение правил парковки (12.19 КоАП),1500,не оплачен
4827,293,2024-03-21,Непристегнутый ремень (12.6 КоАП),1000,оплачен
4828,1180,2023-05-19,Нарушение правил парковки (12.19 КоАП),1500,оплачен
4829,915,2024-05-01,Нарушение правил парковки (12.19 КоАП),1500,оплачен
4830,28,2025-04-02,Проезд на запрещающий сигнал (12.12 ч.1 КоАП),1000,оплачен
4831,280,2024-09-07,Нарушение правил парковки (12.19 КоАП),1500,оплачен
4832,244,2026-02-21,Непристегнутый ремень (12.6 КоАП),1000,оплачен
4833,251,2024-05-03,Выезд на встречную полосу (12.15 ч.4 КоАП),5000,не оплачен
4834,108,2025-04-27,Нарушение правил парковки (12.19 КоАП),1500,не оплачен
4835,1116,2024-05-24,Нарушение правил парковки (12.19 КоАП),1500,оплачен
4836,323,2024-11-25,Проезд на запрещающий сигнал (12.12 ч.1 КоАП),1000,не оплачен
4837,617,2026-03-29,Превышение скорости (12.9 ч.2 КоАП),500,не оплачен
4838,438,2023-07-27,Нарушение правил парковки (12.19 КоАП),1500,не оплачен
4839,928,2025-06-18,Превышение скорости (12.9 ч.2 КоАП),500,оплачен
4840,938,2026-04-20,Проезд на запрещающий сигнал (12.12 ч.1 КоАП),1000,оплачен
4841,62,2025-07-04,Превышение скорости (12.9 ч.2 КоАП),500,оплачен
4842,1016,2024-03-05,Превышение скорости (12.9 ч.2 КоАП),500,не оплачен
4843,343,2023-04-30,Нарушение правил парковки (12.19 КоАП),1500,оплачен
4844,163,2025-01-05,Превышение скорости (12.9 ч.2 КоАП),500,оплачен
4845,915,2025-09-11,Непристегнутый ремень (12.6 КоАП),1000,оплачен
4846,576,2023-11-25,Непристегнутый ремень (12.6 КоАП),1000,оплачен
4847,743,2025-09-15,Проезд на запрещающий сигнал (12.12 ч.1 КоАП),1000,не оплачен
4848,361,2024-06-01,Нарушение правил парковки (12.19 КоАП),1500,оплачен
4849,944,2025-07-04,Непристегнутый ремень (12.6 КоАП),1000,оплачен
4850,100,2023-11-01,Выезд на встречную полосу (12.15 ч.4 КоАП),5000,оплачен
4851,336,2025-03-10,Проезд на запрещающий сигнал (12.12 ч.1 КоАП),1000,не оплачен
4852,1084,2023-07-13,Превышение скорости (12.9 ч.2 КоАП),500,оплачен
4853,303,2024-06-29,Нарушение правил парковки (12.19 КоАП),1500,оплачен
4854,948,2025-10-09,Выезд на встречную полосу (12.15 ч.4 КоАП),5000,оплачен
4855,881,2026-03-29,Непристегнутый ремень (12.6 КоАП),1000,оплачен
4856,833,2025-02-04,Нарушение правил парковки (12.19 КоАП),1500,оплачен
4857,7,2025-05-21,Выезд на встречную полосу (12.15 ч.4 КоАП),5000,оплачен
4858,96,2023-12-11,Превышение скорости (12.9 ч.2 КоАП),500,не оплачен
4859,313,2025-10-16,Нарушение правил парковки (12.19 КоАП),1500,не оплачен
4860,129,2024-07-30,Непристегнутый ремень (12.6 КоАП),1000,оплачен
4861,667,2023-11-20,Нарушение правил парковки (12.19 КоАП),1500,оплачен
4862,75,2025-03-16,Превышение скорости (12.9 ч.2 КоАП),500,оплачен
4863,991,2025-12-12,Проезд на запрещающий сигнал (12.12 ч.1 КоАП),1000,не оплачен
4864,263,2023-09-01,Проезд на запрещающий сигнал (12.12 ч.1 КоАП),1000,оплачен
4865,655,2025-10-17,Проезд на запрещающий сигнал (12.12 ч.1 КоАП),1000,оплачен
4866,246,2023-08-11,Проезд на запрещающий сигнал (12.12 ч.1 КоАП),1000,оплачен
4867,617,2025-02-18,Непристегнутый ремень (12.6 КоАП),1000,оплачен
4868,253,2024-03-18,Непристегнутый ремень (12.6 КоАП),1000,не оплачен
4869,816,2025-03-26,Проезд на запрещающий сигнал (12.12 ч.1 КоАП),1000,оплачен
4870,1013,2026-04-05,Превышение скорости (12.9 ч.2 КоАП),500,не оплачен
4871,407,2025-12-05,Превышение скорости (12.9 ч.2 КоАП),500,оплачен
4872,709,2025-07-14,Выезд на встречную полосу (12.15 ч.4 КоАП),5000,оплачен
4873,1062,2023-06-08,Проезд на запрещающий сигнал (12.12 ч.1 КоАП),1000,не оплачен
4874,55,2023-06-18,Проезд на запрещающий сигнал (12.12 ч.1 КоАП),1000,оплачен
4875,1179,2024-06-15,Проезд на запрещающий сигнал (12.12 ч.1 КоАП),1000,не оплачен
4876,505,2025-03-19,Выезд на встречную полосу (12.15 ч.4 КоАП),5000,оплачен
4877,722,2023-12-07,Нарушение правил парковки (12.19 КоАП),1500,не оплачен
4878,481,2023-04-26,Проезд на запрещающий сигнал (12.12 ч.1 КоАП),1000,оплачен
4879,907,2024-01-07,Проезд на запрещающий сигнал (12.12 ч.1 КоАП),1000,оплачен
4880,390,2026-04-04,Непристегнутый ремень (12.6 КоАП),1000,не оплачен
4881,357,2025-07-26,Непристегнутый ремень (12.6 КоАП),1000,оплачен
4882,971,2025-08-06,Нарушение правил парковки (12.19 КоАП),1500,оплачен
4883,726,2025-09-04,Проезд на запрещающий сигнал (12.12 ч.1 КоАП),1000,оплачен
4884,867,2024-01-11,Проезд на запрещающий сигнал (12.12 ч.1 КоАП),1000,оплачен
4885,717,2024-03-20,Непристегнутый ремень (12.6 КоАП),1000,не оплачен
4886,814,2025-10-08,Выезд на встречную полосу (12.15 ч.4 КоАП),5000,оплачен
4887,1129,2025-03-11,Превышение скорости (12.9 ч.2 КоАП),500,не оплачен
4888,1048,2025-09-13,Превышение скорости (12.9 ч.2 КоАП),500,оплачен
4889,1020,2025-05-21,Непристегнутый ремень (12.6 КоАП),1000,не оплачен
4890,1036,2023-04-28,Превышение скорости (12.9 ч.2 КоАП),500,не оплачен
4891,781,2025-09-12,Проезд на запрещающий сигнал (12.12 ч.1 КоАП),1000,оплачен
4892,1007,2025-03-08,Превышение скорости (12.9 ч.2 КоАП),500,оплачен
4893,205,2025-05-02,Выезд на встречную полосу (12.15 ч.4 КоАП),5000,оплачен
4894,456,2023-06-23,Непристегнутый ремень (12.6 КоАП),1000,не оплачен
4895,1148,2023-08-09,Непристегнутый ремень (12.6 КоАП),1000,оплачен
4896,184,2024-08-26,Проезд на запрещающий сигнал (12.12 ч.1 КоАП),1000,не оплачен
4897,891,2026-02-24,Выезд на встречную полосу (12.15 ч.4 КоАП),5000,не оплачен
4898,1094,2024-01-10,Нарушение правил парковки (12.19 КоАП),1500,не оплачен
4899,980,2024-08-02,Выезд на встречную полосу (12.15 ч.4 КоАП),5000,оплачен
4900,538,2026-03-24,Выезд на встречную полосу (12.15 ч.4 КоАП),5000,оплачен
4901,444,2024-01-17,Проезд на запрещающий сигнал (12.12 ч.1 КоАП),1000,не оплачен
4902,291,2024-06-12,Проезд на запрещающий сигнал (12.12 ч.1 КоАП),1000,не оплачен
4903,35,2024-07-07,Непристегнутый ремень (12.6 КоАП),1000,оплачен
4904,599,2024-05-14,Непристегнутый ремень (12.6 КоАП),1000,оплачен
4905,709,2023-09-06,Проезд на запрещающий сигнал (12.12 ч.1 КоАП),1000,оплачен
4906,316,2023-07-02,Непристегнутый ремень (12.6 КоАП),1000,не оплачен
4907,366,2023-11-06,Проезд на запрещающий сигнал (12.12 ч.1 КоАП),1000,не оплачен
4908,830,2025-12-13,Нарушение правил парковки (12.19 КоАП),1500,оплачен
4909,692,2025-09-30,Проезд на запрещающий сигнал (12.12 ч.1 КоАП),1000,оплачен
4910,798,2024-03-26,Превышение скорости (12.9 ч.2 КоАП),500,оплачен
4911,502,2023-12-01,Выезд на встречную полосу (12.15 ч.4 КоАП),5000,оплачен
4912,1089,2023-09-18,Превышение скорости (12.9 ч.2 КоАП),500,оплачен
4913,1008,2023-05-27,Выезд на встречную полосу (12.15 ч.4 КоАП),5000,оплачен
4914,13,2024-03-22,Проезд на запрещающий сигнал (12.12 ч.1 КоАП),1000,оплачен
4915,470,2025-01-10,Нарушение правил парковки (12.19 КоАП),1500,не оплачен
4916,250,2025-04-25,Нарушение правил парковки (12.19 КоАП),1500,оплачен
4917,305,2026-02-01,Нарушение правил парковки (12.19 КоАП),1500,оплачен
4918,451,2024-06-07,Превышение скорости (12.9 ч.2 КоАП),500,не оплачен
4919,822,2023-06-17,Проезд на запрещающий сигнал (12.12 ч.1 КоАП),1000,оплачен
4920,588,2023-06-18,Непристегнутый ремень (12.6 КоАП),1000,оплачен
4921,1170,2025-10-24,Проезд на запрещающий сигнал (12.12 ч.1 КоАП),1000,не оплачен
4922,749,2024-02-04,Выезд на встречную полосу (12.15 ч.4 КоАП),5000,оплачен
4923,567,2024-10-04,Нарушение правил парковки (12.19 КоАП),1500,не оплачен
4924,741,2026-02-22,Превышение скорости (12.9 ч.2 КоАП),500,оплачен
4925,149,2024-06-06,Непристегнутый ремень (12.6 КоАП),1000,не оплачен
4926,755,2023-12-08,Превышение скорости (12.9 ч.2 КоАП),500,оплачен
4927,148,2025-06-03,Нарушение правил парковки (12.19 КоАП),1500,оплачен
4928,676,2023-05-31,Нарушение правил парковки (12.19 КоАП),1500,оплачен
4929,1167,2025-10-25,Превышение скорости (12.9 ч.2 КоАП),500,не оплачен
4930,1181,2025-07-01,Превышение скорости (12.9 ч.2 КоАП),500,не оплачен
4931,434,2024-03-23,Непристегнутый ремень (12.6 КоАП),1000,оплачен
4932,1121,2023-10-08,Выезд на встречную полосу (12.15 ч.4 КоАП),5000,оплачен
4933,124,2026-04-02,Проезд на запрещающий сигнал (12.12 ч.1 КоАП),1000,оплачен
4934,281,2025-06-30,Превышение скорости (12.9 ч.2 КоАП),500,оплачен
4935,891,2023-10-30,Проезд на запрещающий сигнал (12.12 ч.1 КоАП),1000,не оплачен
4936,146,2025-08-17,Превышение скорости (12.9 ч.2 КоАП),500,оплачен
4937,197,2023-07-27,Выезд на встречную полосу (12.15 ч.4 КоАП),5000,оплачен
4938,307,2024-04-26,Превышение скорости (12.9 ч.2 КоАП),500,оплачен
4939,1171,2024-06-29,Проезд на запрещающий сигнал (12.12 ч.1 КоАП),1000,оплачен
4940,827,2024-02-10,Выезд на встречную полосу (12.15 ч.4 КоАП),5000,оплачен
4941,930,2023-06-08,Непристегнутый ремень (12.6 КоАП),1000,оплачен
4942,1072,2025-04-02,Непристегнутый ремень (12.6 КоАП),1000,оплачен
4943,338,2023-10-03,Превышение скорости (12.9 ч.2 КоАП),500,оплачен
4944,474,2024-08-04,Выезд на встречную полосу (12.15 ч.4 КоАП),5000,оплачен
4945,380,2025-08-11,Непристегнутый ремень (12.6 КоАП),1000,оплачен
4946,58,2025-08-26,Выезд на встречную полосу (12.15 ч.4 КоАП),5000,оплачен
4947,1182,2026-01-15,Нарушение правил парковки (12.19 КоАП),1500,не оплачен
4948,974,2024-03-26,Непристегнутый ремень (12.6 КоАП),1000,оплачен
4949,722,2023-06-28,Выезд на встречную полосу (12.15 ч.4 КоАП),5000,оплачен
4950,1171,2024-09-18,Проезд на запрещающий сигнал (12.12 ч.1 КоАП),1000,не оплачен
4951,416,2024-08-13,Нарушение правил парковки (12.19 КоАП),1500,оплачен
4952,783,2024-10-11,Превышение скорости (12.9 ч.2 КоАП),500,оплачен
4953,64,2023-06-01,Проезд на запрещающий сигнал (12.12 ч.1 КоАП),1000,не оплачен
4954,686,2025-08-24,Непристегнутый ремень (12.6 КоАП),1000,оплачен
4955,297,2023-11-15,Превышение скорости (12.9 ч.2 КоАП),500,оплачен
4956,142,2025-05-30,Превышение скорости (12.9 ч.2 КоАП),500,оплачен
4957,715,2026-01-07,Превышение скорости (12.9 ч.2 КоАП),500,оплачен
4958,558,2024-10-31,Выезд на встречную полосу (12.15 ч.4 КоАП),5000,не оплачен
4959,935,2026-03-23,Непристегнутый ремень (12.6 КоАП),1000,не оплачен
4960,983,2025-11-09,Нарушение правил парковки (12.19 КоАП),1500,оплачен
4961,3,2025-08-17,Превышение скорости (12.9 ч.2 КоАП),500,оплачен
4962,951,2024-12-30,Непристегнутый ремень (12.6 КоАП),1000,оплачен
4963,1116,2025-07-07,Нарушение правил парковки (12.19 КоАП),1500,оплачен
4964,1017,2024-11-16,Выезд на встречную полосу (12.15 ч.4 КоАП),5000,оплачен
4965,918,2025-09-01,Непристегнутый ремень (12.6 КоАП),1000,оплачен
4966,183,2023-09-21,Нарушение правил парковки (12.19 КоАП),1500,оплачен
4967,790,2025-11-03,Проезд на запрещающий сигнал (12.12 ч.1 КоАП),1000,не оплачен
4968,70,2025-05-29,Выезд на встречную полосу (12.15 ч.4 КоАП),5000,оплачен
4969,68,2024-07-02,Нарушение правил парковки (12.19 КоАП),1500,оплачен
4970,723,2025-06-18,Проезд на запрещающий сигнал (12.12 ч.1 КоАП),1000,оплачен
4971,964,2025-08-27,Проезд на запрещающий сигнал (12.12 ч.1 КоАП),1000,оплачен
4972,791,2026-03-15,Непристегнутый ремень (12.6 КоАП),1000,не оплачен
4973,874,2026-04-17,Непристегнутый ремень (12.6 КоАП),1000,оплачен
4974,904,2024-07-31,Выезд на встречную полосу (12.15 ч.4 КоАП),5000,оплачен
4975,734,2025-01-29,Непристегнутый ремень (12.6 КоАП),1000,оплачен
4976,457,2026-02-05,Выезд на встречную полосу (12.15 ч.4 КоАП),5000,оплачен
4977,760,2025-03-06,Превышение скорости (12.9 ч.2 КоАП),500,оплачен
4978,368,2024-05-29,Превышение скорости (12.9 ч.2 КоАП),500,оплачен
4979,331,2025-08-20,Превышение скорости (12.9 ч.2 КоАП),500,оплачен
4980,847,2023-12-22,Выезд на встречную полосу (12.15 ч.4 КоАП),5000,оплачен
4981,614,2024-01-14,Выезд на встречную полосу (12.15 ч.4 КоАП),5000,оплачен
4982,644,2024-02-13,Превышение скорости (12.9 ч.2 КоАП),500,оплачен
4983,1147,2024-01-14,Непристегнутый ремень (12.6 КоАП),1000,не оплачен
4984,806,2025-08-05,Нарушение правил парковки (12.19 КоАП),1500,оплачен
4985,848,2025-01-02,Нарушение правил парковки (12.19 КоАП),1500,оплачен
4986,612,2024-05-22,Проезд на запрещающий сигнал (12.12 ч.1 КоАП),1000,не оплачен
4987,599,2024-01-05,Нарушение правил парковки (12.19 КоАП),1500,не оплачен
4988,528,2024-09-24,Нарушение правил парковки (12.19 КоАП),1500,не оплачен
4989,249,2023-05-06,Нарушение правил парковки (12.19 КоАП),1500,оплачен
4990,501,2024-08-06,Непристегнутый ремень (12.6 КоАП),1000,не оплачен
4991,530,2025-01-16,Проезд на запрещающий сигнал (12.12 ч.1 КоАП),1000,оплачен
4992,584,2024-06-29,Выезд на встречную полосу (12.15 ч.4 КоАП),5000,оплачен
4993,840,2025-04-10,Нарушение правил парковки (12.19 КоАП),1500,оплачен
4994,1150,2023-09-16,Непристегнутый ремень (12.6 КоАП),1000,оплачен
4995,98,2026-04-10,Проезд на запрещающий сигнал (12.12 ч.1 КоАП),1000,оплачен
4996,861,2026-04-16,Непристегнутый ремень (12.6 КоАП),1000,оплачен
4997,448,2025-05-17,Выезд на встречную полосу (12.15 ч.4 КоАП),5000,не оплачен
4998,1070,2024-07-21,Непристегнутый ремень (12.6 КоАП),1000,оплачен
4999,205,2023-11-25,Нарушение правил парковки (12.19 КоАП),1500,оплачен
5000,17,2024-12-14,Превышение скорости (12.9 ч.2 КоАП),500,не оплачен
