owner_id,full_name,driver_license,address,phone
1,Козлова Ирина Ефимовна,2824 126225,"клх Волоколамск, бул. Базарный, д. 1/1 стр. 933, 838637",84026542351
2,Белов Мирон Изотович,5506 356787,"клх Сибай, ул. Циолковского, д. 684 стр. 11, 413164",8 (525) 534-19-28
3,Сорокина Октябрина Мироновна,4657 246316,"клх Мураши, алл. Речная, д. 7, 139537",8 724 238 84 96
4,Милица Михайловна Полякова,2679 809570,"г. Барнаул, алл. Большая, д. 2/7, 978480",+7 845 146 27 04
5,Дарья Сергеевна Сысоева,9935 191161,"ст. Терскол, алл. Амурская, д. 3 стр. 895, 154303",81171822782
6,Эрнст Федосьевич Силин,7912 133326,"клх Мирный, бул. Королева, д. 9/8 к. 233, 098393",+7 103 105 1834
7,Соболева София Владимировна,1488 198246,"ст. Соловки, алл. Мирная, д. 765 к. 8/1, 065133",+7 (872) 624-7317
8,Таисия Болеславовна Васильева,4582 343962,"ст. Ковров, пр. Вахитова, д. 4/7, 260647",+76872343098
9,Веселов Арефий Анисимович,9279 731262,"г. Тикси, ш. Производственное, д. 491, 193990",81699854353
10,Влас Ефимович Рыбаков,1434 688508,"г. Серпухов, пер. Сиреневый, д. 983 стр. 3, 135427",8 (498) 084-1241
11,Таисия Владиславовна Дорофеева,4257 850800,"клх Нерчинск, бул. Путевой, д. 5/1, 640052",+72786801128
12,Фомин Фортунат Виленович,9928 539898,"г. Миасс, ш. Вокзальное, д. 4 к. 61, 923226",+7 256 342 1607
13,Зыков Родион Иларионович,4611 571029,"п. Апшеронск, алл. Маркса, д. 5 стр. 945, 850142",84019655698
14,Мясников Флорентин Геннадиевич,5557 948749,"клх Салехард, пер. Курортный, д. 7, 595148",+76564823662
15,Антонова Милица Тимуровна,1106 895667,"к. Касимов, ш. Космонавтов, д. 8/8 к. 88, 148951",+7 (433) 200-3791
16,Фирс Георгиевич Терентьев,3615 832052,"с. Корсаков, бул. Садовый, д. 363, 083172",8 (889) 579-86-87
17,Олимпиада Петровна Осипова,7924 456778,"ст. Тотьма, бул. Волочаевский, д. 8 к. 543, 581223",8 231 665 87 60
18,Гаврилов Никита Адамович,5552 263032,"г. Нижний Тагил, ш. Разина, д. 9/9 к. 47, 670656",+7 (729) 806-99-01
19,Кузьмина Октябрина Геннадиевна,4527 900581,"с. Мценск, пр. Энгельса, д. 7, 641708",+7 531 003 3092
20,Мухин Викентий Григорьевич,6514 207175,"ст. Нягань, пер. Донской, д. 24, 496631",83149190586
21,Виноградова Прасковья Львовна,2519 498382,"ст. Сургут (Хант.), пр. Коммунаров, д. 3/7, 849877",8 945 314 73 79
22,Щербакова Лукия Алексеевна,2584 476417,"п. Сузун, наб. Отрадная, д. 5, 808313",8 783 777 01 43
23,Илья Ефремович Нестеров,6635 733052,"д. Тутаев, пр. Тургенева, д. 8 к. 5, 313518",+7 (337) 498-94-13
24,Мирослав Вячеславович Антонов,5333 946335,"к. Балтийск, пер. Гагарина, д. 27, 947775",+7 (047) 116-71-90
25,Корнилов Феоктист Ефимьевич,1711 865179,"г. Усть-Ордынский, пер. Космический, д. 8/8 к. 7, 990913",+7 (412) 328-1206
26,Чеслав Харитонович Калинин,8527 662275,"к. Липецк, ш. Просвещения, д. 434 стр. 2/9, 242102",+79947174648
27,Быкова Анжелика Эльдаровна,3045 496922,"клх Мостовской, наб. Заводская, д. 139 стр. 1, 787429",8 717 565 51 25
28,Серафим Ермилович Нестеров,2291 678856,"с. Верхний Тагил, наб. Шевченко, д. 168 к. 7/1, 859770",+7 (482) 477-1093
29,Никифорова Таисия Андреевна,5803 969693,"п. Гагарин, ул. Сенная, д. 5/9 к. 7, 737826",+7 (982) 146-5840
30,Лаврентий Эдгардович Князев,6925 705397,"д. Стерлитамак, наб. Репина, д. 6/4 к. 79, 605766",+7 (702) 895-17-18
31,Агафья Вениаминовна Исакова,4150 838797,"с. Кунгур, пер. Розы Люксембург, д. 758 к. 8, 913431",8 117 240 05 04
32,Петр Виленович Николаев,2139 148050,"п. Игарка, пер. Кошевого, д. 37, 747407",+78217594647
33,Евпраксия Натановна Красильникова,4733 910620,"п. Омск, наб. Калинина, д. 1 стр. 5/1, 974395",+7 (394) 210-4709
34,Влас Бенедиктович Буров,5741 183667,"клх Пушкин, алл. Шахтерская, д. 9, 247451",8 (123) 685-16-04
35,Панова Маргарита Захаровна,4814 205907,"г. Кировск (Ленин.), ул. Чернышевского, д. 81 к. 7, 200471",+7 382 675 86 92
36,Антонина Рудольфовна Горбачева,7227 391476,"г. Обнинск, пр. 9 Января, д. 25, 850643",+7 713 900 53 29
37,Никонов Фадей Глебович,8428 766563,"к. Дубна, ул. Энергетическая, д. 92 стр. 3, 020539",8 024 026 8117
38,Митофан Якубович Капустин,6977 270555,"д. Кижи, ул. Мичурина, д. 1/1 стр. 7/7, 771159",+7 (124) 998-56-98
39,Силантий Феликсович Комаров,7065 472528,"с. Сеймчан, пр. Лазо, д. 7/7, 565452",8 (111) 161-52-80
40,Шилова Тамара Леоновна,4432 802729,"к. Ревда (Сверд.), ул. Высотная, д. 6 стр. 498, 731585",+7 493 689 98 09
41,Ираида Алексеевна Королева,5374 835911,"к. Нижний Новгород, алл. Волгоградская, д. 2/3, 183667",8 254 599 1022
42,Алла Артемовна Дорофеева,2169 738720,"с. Шереметьево, пр. Абрикосовый, д. 28 к. 7, 497840",+7 (690) 034-3244
43,Аверьян Эдуардович Дементьев,3803 660086,"п. Оленек, бул. Угловой, д. 2 стр. 1/7, 715969",8 641 605 29 75
44,Сазонов Вацлав Демьянович,5010 271339,"д. Быково (метеост.), ш. Гоголя, д. 4 к. 3, 818835",8 231 243 2921
45,Мамонтов Семен Фомич,8573 497887,"ст. Ямбург, алл. Щетинкина, д. 577 к. 1, 814770",+7 541 199 8679
46,Вишнякова Алина Петровна,5422 771088,"д. Сортавала, алл. Овражная, д. 2/6 стр. 182, 778892",8 546 659 0515
47,Ларионов Никандр Еремеевич,4598 817870,"к. Ведено, бул. Малый, д. 5 стр. 3/2, 865281",8 850 542 35 73
48,Кудрявцев Герман Артемьевич,6313 983794,"д. Улан-Удэ, пер. Почтовый, д. 3 стр. 3/3, 927065",+7 (794) 738-3473
49,Филимон Феоктистович Суворов,1916 340174,"д. Тулун, алл. Крымская, д. 14 к. 6/9, 814124",8 (826) 137-50-60
50,Мстислав Данилович Блинов,1525 944151,"п. Армавир, ул. Щорса, д. 12 к. 8, 779010",+73289861434
51,Журавлев Панкрат Фокич,6168 520651,"ст. Тамбов, пер. Юбилейный, д. 52 стр. 1/6, 962185",+7 888 880 67 06
52,Зоя Архиповна Ефимова,5386 169403,"п. Яр-Сале, ш. Буденного, д. 60, 277221",8 (043) 030-54-86
53,София Руслановна Максимова,4456 694731,"к. Новомосковск, ш. Толстого, д. 2, 667652",8 (758) 416-16-92
54,Маркова Валентина Артемовна,6155 322955,"к. Светлогорск (Калин.), бул. Кузнецова, д. 67 стр. 1/6, 401658",+7 (029) 702-13-55
55,Ферапонт Александрович Елисеев,9179 514850,"к. Обоянь, ш. Магистральное, д. 68 к. 6/5, 102786",8 (144) 739-4731
56,Богданов Радислав Всеволодович,8517 249811,"ст. Моршанск, наб. Ключевая, д. 5 стр. 62, 132370",8 895 782 9114
57,Самуил Фадеевич Комиссаров,5339 246413,"п. Мокшан, ул. Химиков, д. 9/6 стр. 38, 680182",+72253584143
58,Жданова Ирина Владимировна,5040 881177,"д. Звенигород, пер. Сенной, д. 69 стр. 101, 396907",8 (447) 364-7102
59,Святополк Фомич Ершов,9830 375504,"к. Морозовск, ш. Мелиораторов, д. 3/6 стр. 853, 473210",+76963259532
60,тов. Чернов Леон Эдуардович,8019 711878,"с. Териберка, алл. Рыбацкая, д. 1 к. 847, 801624",8 650 609 8358
61,Никандр Юльевич Савельев,7543 479580,"п. Владимир, наб. Лазо, д. 3 к. 99, 800025",8 (872) 982-59-52
62,Яков Ефимович Капустин,4593 245051,"клх Уэлен, пр. Северный, д. 6 к. 569, 974993",+7 972 896 2309
63,Валерия Георгиевна Соколова,9348 617488,"с. Екатеринбург, бул. Одесский, д. 9/8 к. 428, 786527",8 (585) 497-3348
64,Лаврентий Ермилович Крюков,2489 892495,"к. Сочи, пер. Бульварный, д. 2 к. 7/6, 404157",+77338484219
65,Журавлева Зинаида Альбертовна,1771 214975,"г. Волгодонск, наб. Дорожников, д. 920 к. 86, 345401",83802620672
66,Кира Антоновна Кузнецова,3504 757924,"к. Лодейное Поле, бул. Журавлева, д. 88 к. 4, 527420",8 493 296 6851
67,Валентин Гаврилович Кудрявцев,3621 930555,"п. Азов (Рост.), пр. Заовражный, д. 5/6 к. 1, 530174",+7 (684) 145-93-32
68,Радован Марсович Аксенов,7916 725380,"ст. Котлас, ш. Широкое, д. 9/6 стр. 191, 982258",8 (139) 718-70-72
69,Панова Татьяна Аркадьевна,2040 503457,"клх Апатиты, наб. Школьная, д. 29 к. 265, 170462",+7 (656) 766-18-25
70,Беляков Никодим Валерьянович,7252 724834,"ст. Апрелевка, пр. Новостройка, д. 4/4 к. 6/3, 310690",+7 (311) 907-9030
71,Игорь Григорьевич Симонов,8668 654816,"д. Льгов, ш. 8 Марта, д. 4, 283644",+7 892 687 0568
72,Панкратий Устинович Алексеев,5119 680099,"п. Углегорск, алл. Хвойная, д. 3 к. 1/9, 688263",+73517518304
73,Эрнест Анатольевич Уваров,1188 813328,"ст. Черусти, бул. Тамбовский, д. 4/6 стр. 1, 317393",8 385 467 85 44
74,Сергей Фролович Комаров,2876 814825,"п. Обнинск, пр. Трудовой, д. 12 к. 9, 423536",83785477725
75,Молчанов Трифон Эдгардович,9797 887352,"д. Асбест, ш. Сосновое, д. 462, 203875",+7 997 700 8860
76,Молчанов Кир Ермилович,5371 905934,"ст. Инта, ул. Учительская, д. 93, 546156",8 (933) 410-16-66
77,Павлова Агафья Викторовна,6573 216970,"ст. Рязань, ш. Толстого, д. 480 стр. 89, 014890",+7 (503) 926-14-29
78,Щукин Никита Игнатович,5808 555884,"ст. Быково (метеост.), бул. Новоселов, д. 416 стр. 759, 047735",8 (662) 961-9431
79,Степанов Натан Витальевич,3591 575763,"к. Воткинск, ул. Свердлова, д. 6/5, 212678",8 (861) 015-8199
80,Мария Андреевна Калинина,1053 857168,"ст. Вендинга, пер. Харьковский, д. 36 стр. 54, 721264",8 471 543 79 93
81,Всемил Ефимьевич Иванов,5315 624902,"ст. Юровск, ш. Ворошилова, д. 6/7 к. 64, 752654",8 (935) 646-51-93
82,Некрасова Евгения Тимуровна,3927 632342,"клх Карталы, ш. Мира, д. 367 к. 4, 266179",8 (968) 868-05-89
83,Михайлова Валентина Ефимовна,2743 755674,"клх Элиста, пер. Ушакова, д. 7, 014388",8 (993) 756-7982
84,Аким Харлампьевич Орлов,5889 982554,"г. Гатчина, алл. Тельмана, д. 6 стр. 4/9, 571775",+7 401 051 23 82
85,Суханова Тамара Олеговна,9317 738551,"ст. Пинега, алл. Производственная, д. 7/1 стр. 77, 033419",+7 825 537 14 78
86,Лариса Эльдаровна Колесникова,4258 260263,"к. Нижний Тагил, пер. Коллективный, д. 2 к. 25, 412528",8 692 966 27 82
87,Емельянова Ия Валентиновна,7126 899550,"ст. Североуральск, ул. Гайдара, д. 472 стр. 9/9, 676772",+7 903 404 38 42
88,Татьяна Святославовна Хохлова,3646 665579,"к. Урус-Мартан, пер. Дачный, д. 9/4 к. 2/4, 074517",+7 339 596 29 23
89,Анастасия Феликсовна Шестакова,9689 100599,"к. Лянтор, пер. Черемуховый, д. 126 к. 3, 325367",+7 (946) 671-16-84
90,Шашкова Маргарита Робертовна,6310 612340,"д. Агата, ул. Гафури, д. 2 стр. 4/7, 745458",82975001701
91,Галина Павловна Панова,1319 217301,"п. Дагомыс, наб. Аэродромная, д. 2 стр. 5, 520643",8 110 371 29 38
92,Кузнецова Агафья Львовна,6947 972064,"клх Дагомыс, ул. Курганная, д. 2/2 к. 555, 622189",+7 927 532 6973
93,Комаров Вышеслав Валерьевич,6038 351083,"с. Можга, алл. Энергетическая, д. 538, 438983",8 403 761 37 91
94,Попова Майя Кузьминична,1949 352572,"ст. Хатанга, наб. Коллективная, д. 2/1 к. 404, 068486",8 618 892 41 41
95,Ершова Виктория Тарасовна,2290 189814,"д. Бологое, бул. Николаева, д. 40 к. 861, 421020",+7 (758) 842-52-41
96,Алевтина Леоновна Константинова,8962 955662,"д. Богучар, бул. Магистральный, д. 8/9 к. 1, 925241",81380003075
97,Геннадий Вячеславович Тетерин,2133 897549,"п. Москва, МГУ, пр. Суворова, д. 2, 180238",+7 617 445 1870
98,Кузьма Ефимьевич Гришин,9727 903035,"к. Чокурдах, ш. Привольное, д. 12 к. 1/4, 050641",+7 (836) 702-4103
99,Регина Наумовна Филатова,3060 234628,"клх Вендинга, ул. З.Космодемьянской, д. 26 стр. 462, 456557",+73132912127
100,Орест Валерианович Беляков,8787 676510,"с. Миасс, наб. Виноградная, д. 124 к. 35, 356804",+72067883171
101,Вера Васильевна Попова,3705 377932,"п. Камень-на-Оби, наб. Промышленная, д. 2 к. 813, 151070",+7 (966) 706-62-53
102,Ирина Игоревна Третьякова,9645 736059,"д. Южноуральск, алл. Калинина, д. 7/9 стр. 1/2, 626383",8 (065) 787-5985
103,Дмитрий Адрианович Филиппов,7932 322086,"ст. Лазаревское, ш. Дорожников, д. 4, 133480",+7 (965) 223-9559
104,Филатов Милован Викторович,9835 891952,"д. Миллерово, пр. Почтовый, д. 403, 870593",+7 (525) 002-92-18
105,Анжела Максимовна Крюкова,4295 847581,"к. Махачкала, алл. Авиационная, д. 8/6 к. 68, 926442",+7 (096) 902-95-93
106,Орлова Полина Вениаминовна,6107 518373,"п. Нефтеюганск, алл. Целинная, д. 8 к. 443, 541006",8 (626) 765-86-17
107,Ульяна Дмитриевна Сорокина,7118 559381,"ст. Асбест, ул. 8 Марта, д. 2 к. 752, 181599",8 (062) 962-01-53
108,Надежда Тимуровна Молчанова,9479 573417,"к. Когалым, ул. Пирогова, д. 3/1, 061497",+7 (103) 241-7146
109,Капитон Бенедиктович Носков,2982 359947,"к. Омск, алл. Подстанция, д. 847 к. 4, 902115",8 (693) 806-8687
110,Фролова Олимпиада Кузьминична,4681 167136,"ст. Асино, пер. Братский, д. 372 стр. 33, 616329",+75116868548
111,Агап Федосеевич Макаров,6539 122056,"п. Хасавюрт, пер. Сиреневый, д. 591 стр. 7, 679970",+7 (462) 996-06-53
112,Мухин Карп Марсович,4770 717024,"ст. Медногорск, наб. Победа, д. 532 к. 6/5, 913736",8 (850) 821-48-62
113,Светлана Феликсовна Новикова,4608 107540,"ст. Кандалакша, алл. Спортивная, д. 1/6, 457861",+7 357 972 7985
114,Исидор Бенедиктович Бобров,2163 842225,"г. Жигулевск, ш. Прибрежное, д. 43 стр. 7, 072290",+7 (494) 466-5743
115,Спиридон Тихонович Логинов,1964 340062,"д. Озеры, бул. Запорожский, д. 2 стр. 2/6, 544432",8 (309) 652-0744
116,Милица Натановна Зиновьева,2104 132938,"к. Кизел, пер. Металлургов, д. 9 стр. 3, 417248",+7 (513) 534-65-54
117,Суворова Варвара Руслановна,6413 174299,"с. Каменномостский, ул. Революции, д. 7 стр. 422, 697252",+7 752 500 74 32
118,Яковлева Пелагея Богдановна,9423 349565,"клх Рубцовск, пр. Беляева, д. 1/1 к. 15, 830033",8 421 689 4210
119,Корнил Филиппович Артемьев,5562 801474,"клх Данков, пр. Гайдара, д. 72 к. 333, 098215",+7 648 909 0100
120,Аксенова Нинель Мироновна,8953 324643,"с. Елабуга, бул. Зеленый, д. 7, 849926",+7 891 411 73 93
121,Регина Геннадьевна Ефимова,9834 238739,"п. Аша, пр. Портовый, д. 6/4 стр. 201, 218114",+7 (744) 701-2045
122,Лариса Олеговна Гришина,8744 354801,"ст. Балтийск, ш. Придорожное, д. 65, 941552",+7 667 467 62 12
123,Семенова Галина Борисовна,8749 946721,"ст. Хатанга, пр. Байкальский, д. 6/1 стр. 87, 670145",+7 899 358 8916
124,Крылова Ольга Макаровна,7669 299659,"ст. Усть-Ордынский, ул. Заречная, д. 88 стр. 3/2, 535408",+7 (866) 317-7971
125,Нонна Кузьминична Ковалева,2545 201639,"г. Печора, ул. Советская, д. 599 к. 67, 037589",87571130554
126,Давыдова Валентина Аскольдовна,8062 471507,"п. Поярково, наб. Привольная, д. 71, 735160",81779827080
127,Горбунова Фаина Романовна,7939 531071,"клх Губкин, пр. Космонавтов, д. 7/4, 654722",8 984 858 33 39
128,Зимина Любовь Владимировна,8651 864491,"клх Гатчина, пер. Ильича, д. 9/5 к. 1/9, 062003",+72442043805
129,Валентина Юрьевна Беспалова,1887 806073,"п. Тихорецк, наб. Коммунистическая, д. 7/7 стр. 9, 043973",8 989 334 7212
130,Раиса Васильевна Мельникова,2612 163556,"к. Усть-Кулом, алл. Приморская, д. 1 к. 8, 025909",+77985158328
131,Селезнев Гордей Фёдорович,7596 863587,"к. Кижи, бул. Толстого, д. 6, 398780",+7 573 993 05 61
132,Тимур Еремеевич Козлов,6559 939482,"с. Балашиха, бул. Тупиковый, д. 9 к. 912, 133613",8 (612) 075-0110
133,Максимов Федосий Артёмович,2790 360735,"с. Осташков, бул. Черемушки, д. 6/1 к. 2/9, 919015",8 (144) 914-7660
134,Творимир Гурьевич Кузьмин,4139 299448,"клх Добрянка, бул. Королева, д. 388 к. 700, 435368",+7 (223) 943-12-90
135,Таисия Рубеновна Юдина,9786 570405,"клх Бомнак, ул. Ивановская, д. 6/6 к. 23, 913577",8 949 299 5562
136,Крылов Ефрем Феодосьевич,3296 542374,"п. Надым, пр. Подстанция, д. 5 к. 9/2, 914283",+71108099693
137,Таисия Захаровна Некрасова,4006 392075,"к. Павловский Посад, ш. Ленина, д. 97, 658039",+7 (827) 229-92-75
138,Мишин Севастьян Даниилович,8579 361941,"к. Кировск (Ленин.), бул. Ясный, д. 7, 700518",+74989266591
139,Мельникова Елена Семеновна,2235 564656,"ст. Нефтегорск (Самар.), ш. Невского, д. 882 к. 23, 322259",+7 365 177 73 92
140,Тихонова Акулина Ефимовна,2604 153045,"д. Чулым, алл. Вокзальная, д. 30, 286990",+71379772369
141,Логинов Добромысл Яковлевич,9856 976638,"клх Неплюевка, пер. Верхний, д. 76 к. 11, 886291",+7 (799) 088-11-72
142,София Александровна Самсонова,1241 197793,"к. Балашиха, пер. Карла Либкнехта, д. 77 стр. 2, 247314",88643009818
143,Лапин Елисей Жанович,4872 274389,"г. Елец, бул. Прудный, д. 9 к. 6/5, 368872",8 887 449 5621
144,Нонна Валериевна Комарова,7658 609231,"ст. Находка, пер. Интернациональный, д. 16 стр. 727, 143519",+7 669 849 0277
145,Якушев Спартак Ермилович,8886 324130,"ст. Шатой, пер. Инженерный, д. 60 стр. 30, 465669",+7 (801) 184-8955
146,Ирина Дмитриевна Кошелева,7570 161483,"с. Цимлянск, наб. Ягодная, д. 9/2, 845184",8 (947) 697-3577
147,Алевтина Романовна Андреева,3697 497382,"с. Яшкуль, бул. Угловой, д. 7, 880434",+7 651 827 55 39
148,Евграф Эдуардович Зиновьев,1035 509386,"клх Кондопога, алл. Курганная, д. 63 к. 21, 790807",8 957 947 2846
149,Игнатьев Владимир Антипович,5345 922157,"д. Аршан (Бурят.), наб. Льва Толстого, д. 27 стр. 6/1, 369155",84284347955
150,Родионов Епифан Федосеевич,8454 399105,"ст. Петухово, пр. Осенний, д. 49 к. 943, 632270",+7 (672) 885-74-48
151,Алла Никифоровна Комарова,7930 830429,"п. Красноселькуп, ш. Гаражное, д. 6/5 к. 6, 506159",+7 (998) 245-5877
152,Марина Юрьевна Дмитриева,8973 262316,"ст. Зарайск, ш. Энтузиастов, д. 7/2 стр. 425, 544964",8 (598) 762-20-23
153,Субботина Анжелика Григорьевна,4111 411120,"г. Владивосток, пр. Трактовый, д. 268, 492164",+7 (347) 228-2005
154,Лидия Руслановна Абрамова,4566 161324,"п. Улан-Удэ, пер. Иванова, д. 9/9, 578317",+75642400825
155,Творимир Августович Пахомов,9883 163918,"к. Алдан, ш. Гагарина, д. 90 к. 4, 866326",8 341 638 94 48
156,Надежда Георгиевна Красильникова,6138 159942,"п. Льгов, бул. Макарова, д. 5/8, 502080",+7 (144) 270-31-20
157,тов. Гаврилов Леонтий Эдуардович,1821 712554,"клх Архыз, ул. Краснофлотская, д. 246 к. 3/4, 601367",+7 (037) 183-7645
158,Артемьев Андроник Валерьевич,8811 627276,"клх Макушино, наб. Интернациональная, д. 41, 502491",8 300 979 25 13
159,Тарасов Ян Игоревич,9701 265080,"к. Елатьма, пер. Загородный, д. 47 стр. 9, 730652",+70778487392
160,Маркова Октябрина Игоревна,1931 632496,"д. Елец, наб. Механическая, д. 8 к. 386, 959351",8 (638) 782-9456
161,Макарова Антонина Семеновна,2312 992697,"ст. Губкинский, ш. Речное, д. 81, 109678",89405391037
162,Анжелика Рубеновна Брагина,4044 171849,"д. Пушкин, ш. Майское, д. 9 к. 214, 811386",+7 (383) 928-8619
163,Ратмир Федотович Доронин,2113 808011,"ст. Ирбит, пр. Дарвина, д. 3 стр. 6/6, 566593",88368457760
164,Боброва Фёкла Архиповна,4853 523389,"г. Малгобек, алл. Островского, д. 948, 107522",+75933441969
165,Анжела Леонидовна Вишнякова,2964 697347,"с. Чебаркуль, пер. Чкалова, д. 296, 556613",80604805892
166,Ефрем Витальевич Васильев,5033 707040,"ст. Шали, пер. Революционный, д. 56 стр. 3/3, 179086",+71686227837
167,Филимон Герасимович Шилов,1651 749468,"г. Курган, наб. Родниковая, д. 666 к. 4, 590425",87927033521
168,Зайцев Илья Виленович,2343 539589,"к. Вытегра, пр. Ермака, д. 953 к. 93, 879206",88042043940
169,Авксентий Арсеньевич Колесников,9565 431737,"ст. Всеволожск, наб. 50 лет Победы, д. 96, 579812",+7 (878) 003-8457
170,Глеб Аверьянович Коновалов,5272 314181,"клх Махачкала, пер. Томский, д. 146, 325621",8 893 639 26 49
171,Тит Васильевич Ершов,6147 350280,"ст. Джубга, бул. Театральный, д. 3/3 к. 2, 252056",8 474 231 22 09
172,Кошелева Татьяна Юрьевна,5351 515011,"п. Ардон, ул. Беляева, д. 88 к. 3, 772233",+7 604 633 3127
173,Пелагея Леонидовна Князева,3144 804318,"с. Пинега, пер. Максима Горького, д. 7, 817703",8 (860) 868-0347
174,Лазарь Ермилович Суворов,5915 579434,"к. Элиста, бул. Морской, д. 8/2, 298266",8 702 793 7145
175,Бурова Галина Васильевна,6180 888387,"клх Североморск, наб. Кольцевая, д. 9/3 стр. 9/7, 259222",+7 (064) 474-21-23
176,Фадеев Ипполит Авдеевич,2188 109767,"ст. Тамбей, ш. Садовое, д. 4/4 стр. 8/7, 199038",+79830220502
177,Ульяна Юльевна Петухова,8508 751332,"г. Вуктыл, алл. Алтайская, д. 9 к. 67, 145561",8 814 721 45 86
178,Игнатова Евфросиния Юрьевна,2638 176819,"д. Ярославль, ул. Леваневского, д. 7 стр. 5, 299787",8 (293) 430-10-71
179,Никитина Эмилия Николаевна,9808 323508,"к. Нижнеудинск, ш. Сахалинское, д. 534 стр. 944, 015569",80235577027
180,Рыбаков Терентий Игнатьевич,9288 378082,"клх Белый Яр (Томск.), наб. Куйбышева, д. 639 стр. 2, 405682",89629145046
181,Шашков Изот Марсович,3170 465962,"п. Туапсе, алл. Боровая, д. 1 к. 81, 782357",8 (452) 182-3076
182,Галкина Валерия Александровна,2127 356150,"клх Шадринск, наб. Павлика Морозова, д. 518, 943533",+74857142241
183,Ефремов Федот Якубович,7054 398830,"д. Нижнеудинск, наб. Поперечная, д. 44 стр. 51, 870207",+7 160 166 2997
184,Никифорова Лора Геннадьевна,3584 559469,"д. Гусь-Хрустальный, ш. Семашко, д. 874, 332945",8 255 770 17 15
185,Данила Еремеевич Комиссаров,9900 837715,"д. Волхов, ш. Загородное, д. 9 к. 848, 963938",+7 (761) 539-66-95
186,Фролова Дарья Анатольевна,5956 741390,"д. Шамары, наб. Фестивальная, д. 3/5 к. 2/2, 570132",80227846997
187,Федосеев Лукьян Ефимович,9666 108203,"клх Нефедова, пер. Октябрьский, д. 3/5, 580085",+7 403 696 56 66
188,Еремей Всеволодович Мухин,5905 795613,"д. Оренбург, ш. Марта 8, д. 34 к. 20, 276212",8 796 927 86 87
189,Зиновий Гаврилович Родионов,2697 240814,"ст. Ковров, пер. Угольный, д. 9/6 стр. 809, 197128",+77818913718
190,Ксения Юрьевна Зайцева,5333 221035,"с. Серафимович, пр. Толстого, д. 6/5 стр. 3, 949407",82904904712
191,Якушева Ирина Ждановна,2753 878480,"к. Красноуфимск, бул. Боровой, д. 39, 524372",8 (051) 292-7663
192,Владимирова Глафира Григорьевна,3546 385577,"клх Кулунда, ул. Славянская, д. 7/8, 783667",+72860476580
193,Лукин Мина Феликсович,5616 734210,"к. Курганинск, наб. Черняховского, д. 4/4, 258001",+7 618 175 3443
194,Орехов Вадим Антонович,4450 852470,"клх Голицыно, ш. Мельничное, д. 3/2, 447174",8 542 140 66 50
195,Капитон Вячеславович Быков,6617 313487,"п. Шуя, алл. Победа, д. 728 к. 29, 410119",+77072006425
196,Ульяна Александровна Копылова,5325 629959,"с. Печора, ш. Ленинское, д. 70 стр. 2/9, 546015",8 (517) 432-8063
197,Никита Борисович Евдокимов,9004 363319,"г. Яшалта, бул. Окружной, д. 40 к. 893, 184787",+7 050 506 1387
198,Синклитикия Владиславовна Гришина,1832 196781,"г. Диксон, бул. Степной, д. 1/4 к. 30, 417929",+7 117 993 13 65
199,Милица Леонидовна Ковалева,7939 969634,"ст. Катайск, пер. Ангарский, д. 2, 426258",+7 (739) 021-96-20
200,Анжелика Александровна Иванова,5533 146228,"клх Чусовой, пр. Металлургов, д. 33 к. 9, 632909",+7 (791) 456-08-33
201,Лобанов Валентин Иосипович,1058 449759,"ст. Ялуторовск, алл. Энергетическая, д. 331 стр. 8/3, 005436",+75970108220
202,Виктор Артёмович Самсонов,3143 768061,"д. Челюскин, пр. Выгонный, д. 4 к. 253, 636317",87062397265
203,Молчанов Евлампий Ильясович,5291 269430,"к. Губаха, бул. Таежный, д. 3, 776253",+79292983168
204,Ермолай Харламович Дьячков,8239 678478,"г. Ростов-на-Дону, ш. Лазурное, д. 75 стр. 39, 600780",8 867 177 31 80
205,Исакова Екатерина Владимировна,8007 688153,"п. Верхотурье, пр. Маяковского, д. 17, 726257",+7 165 804 6498
206,Никитина Анжелика Яковлевна,1158 217308,"д. Ногинск (Моск.), ул. Пархоменко, д. 8, 552818",+7 (253) 817-9335
207,Карл Юлианович Федосеев,2232 824586,"г. Благовещенск (Амур.), наб. Докучаева, д. 9/9 к. 978, 795137",+7 162 411 24 12
208,г-н Галкин Азарий Ерофеевич,3442 672092,"с. Нефтеюганск, пр. Колхозный, д. 4 к. 903, 695579",8 (877) 492-4243
209,Константин Анисимович Куликов,1590 975136,"с. Завьялиха, алл. Февральская, д. 32 стр. 23, 592745",+7 (380) 552-57-82
210,Ильина Алевтина Ниловна,7049 710805,"с. Моршанск, ул. 9 мая, д. 5, 492975",+7 702 814 06 93
211,Вадим Зиновьевич Павлов,3426 550664,"ст. Лабинск, ул. Народная, д. 2/9, 375998",+7 562 656 5045
212,Прокофий Афанасьевич Рябов,3088 143860,"ст. Саров (Морд.), алл. Новостройка, д. 3/2 к. 53, 851961",+7 646 287 9232
213,Кира Тимуровна Емельянова,6050 482364,"ст. Черняховск, пр. Надежды, д. 10 к. 54, 146273",+7 147 195 9796
214,Олимпиада Васильевна Давыдова,1653 475190,"п. Черемхово, алл. Суворова, д. 3/6, 045650",+74818321928
215,Лука Ефимьевич Дорофеев,4441 815198,"д. Челюскин, ш. Среднее, д. 528 к. 8, 521328",+7 (389) 888-1671
216,Титов Аггей Харлампович,5088 799330,"клх Новый Уренгой, ш. Щербакова, д. 3, 013223",+72321611076
217,Киселев Амос Якубович,2684 470858,"г. Краснокамск, ул. Мичурина, д. 411, 250124",85528938911
218,Агафья Станиславовна Рябова,7658 750810,"п. Углегорск, бул. Песочный, д. 88, 927125",8 638 361 51 71
219,Горшкова Майя Ильинична,3532 348237,"к. Сыктывкар, пр. Дальневосточный, д. 5/8, 864631",8 (520) 716-78-11
220,Власов Харлампий Бориславович,3662 938742,"к. Камышин, алл. 50 лет ВЛКСМ, д. 836 к. 5, 579678",+72711477320
221,Зайцев Артем Эдуардович,3900 532322,"с. Шенкурск, наб. Амурская, д. 2 стр. 887, 477848",8 880 061 6756
222,Анатолий Александрович Борисов,1406 288073,"с. Рыбинск, наб. 30 лет Победы, д. 2/8, 782806",+77969545009
223,Дьячков Михей Иларионович,6442 920391,"с. Владимир, наб. 70 лет Октября, д. 6/1 к. 43, 911415",+7 (085) 076-98-64
224,Воронов Харитон Адамович,7745 941204,"д. Охотск, пер. Гражданский, д. 2/4 к. 8, 294563",8 (183) 440-49-63
225,Кондратьева Анна Харитоновна,5065 379766,"к. Бомнак, ш. Шишкина, д. 4/6 стр. 548, 853664",88782082973
226,Бирюкова Октябрина Ивановна,3608 925622,"д. Кандалакша, пр. Тенистый, д. 52 к. 7/6, 364424",83631230347
227,Поликарп Федосьевич Юдин,2771 501124,"п. Кущевская, ул. Отрадная, д. 9, 070015",84165162319
228,Тетерина Варвара Семеновна,1634 593554,"г. Когалым, ул. Комарова, д. 7 стр. 46, 123476",+79078515867
229,Силина Ирина Вениаминовна,4644 309267,"клх Нурлат, ул. Строительная, д. 934 к. 5/6, 837606",+74134327560
230,Болеслав Эдгардович Воронов,8541 466643,"клх Ребриха, ш. Приморское, д. 9, 569857",+7 027 206 3459
231,Яковлев Ипат Ярославович,6000 960394,"ст. Моршанск, пр. Запрудный, д. 3 к. 5, 165266",83008931734
232,Романова Алла Ниловна,4728 333752,"п. Верхний Уфалей, алл. Пригородная, д. 886 к. 2/4, 344762",8 393 436 26 20
233,Каллистрат Данилович Орехов,1387 792094,"к. Череповец, бул. Гафури, д. 307 стр. 7, 669411",8 (005) 375-9900
234,Якуб Тарасович Антонов,4164 517821,"п. Устюжна, пер. Республиканский, д. 3, 572158",8 241 502 74 56
235,Каллистрат Евсеевич Михеев,6378 392136,"п. Моздок, пр. Короткий, д. 1/4 стр. 40, 074276",+7 707 587 77 12
236,Тарасов Елизар Еремеевич,2137 910891,"клх Тикси, пер. Сахалинский, д. 389 к. 2/4, 150416",8 915 201 7774
237,Иванова Лора Аскольдовна,5573 468203,"клх Хатанга, алл. Сосновая, д. 6, 189616",+72361032664
238,Пестова Виктория Васильевна,9346 519093,"ст. Рыльск, ш. Гоголя, д. 25 стр. 9, 776749",86165926610
239,Турова Октябрина Дмитриевна,9785 447235,"д. Ярославль, пер. Народный, д. 8 стр. 2/8, 224386",+79081081866
240,Нестеров Филарет Димитриевич,1452 220944,"д. Ведено, ул. Торговая, д. 3/3 стр. 1/2, 459779",+75232194168
241,Афанасьев Виктор Авдеевич,5279 287241,"с. Пинега, бул. Станиславского, д. 6 стр. 5/2, 203103",+7 372 368 3147
242,Родионов Азарий Валентинович,5349 140115,"клх Саянск, пр. Южный, д. 4/4 к. 7, 501667",89840767899
243,Пелагея Евгеньевна Кулакова,2776 725550,"с. Чебаркуль, пер. Вишневый, д. 7 к. 2/8, 760243",8 (573) 839-59-72
244,Мария Николаевна Щукина,8119 462479,"ст. Жиганск, алл. Запорожская, д. 372 стр. 82, 674338",+7 054 522 8015
245,Ян Давыдович Ковалев,6139 557592,"к. Невинномысск, ш. Шоссейное, д. 3 к. 807, 199180",8 (121) 352-4787
246,Комарова Виктория Михайловна,9379 221263,"г. Каневская, пр. Лесный, д. 67 к. 9, 145653",+7 (863) 266-67-85
247,Нинель Вениаминовна Мамонтова,7311 704596,"г. Находка, пр. Тракторный, д. 1/7 к. 129, 668455",+7 489 267 3899
248,Игнатова Любовь Ниловна,4114 367095,"г. Ахтубинск, наб. Разина, д. 98 стр. 4, 884852",+7 089 434 6810
249,Иванна Сергеевна Казакова,1727 843215,"ст. Гремячинск (Бурят.), наб. Садовая, д. 6/4 к. 55, 926831",8 893 571 2661
250,Родионов Владислав Харламович,8144 101773,"г. Нязепетровск, пер. Шолохова, д. 5/8 стр. 8/8, 228277",+7 (881) 377-02-85
251,Варвара Юльевна Красильникова,9518 945687,"г. Нязепетровск, наб. Дорожная, д. 61 стр. 6, 470229",8 044 327 01 85
252,Соловьев Панкратий Харлампьевич,9821 820221,"к. Октябрьское (Хант.), ш. Шахтерское, д. 88 к. 8/3, 199663",8 580 741 20 94
253,Ильина Тамара Артемовна,4228 481913,"д. Троицк (Челяб.), ш. Металлургов, д. 318, 433971",8 (956) 907-0562
254,Стоян Жоресович Щербаков,8066 173372,"г. Волгоград, алл. Февральская, д. 52 стр. 724, 095200",+76152654610
255,Ситников Эдуард Данилович,6409 753425,"г. Курск, наб. Металлистов, д. 2/8, 630489",+7 382 496 71 83
256,Вероника Максимовна Потапова,6143 795612,"д. Ревда (Сверд.), пр. Дачный, д. 579 стр. 10, 494653",88402891416
257,Никонова Вера Федоровна,3041 854717,"п. Щелково, ш. Карла Маркса, д. 5 стр. 5/4, 537950",+7 (097) 002-68-76
258,Устинова Анжела Тарасовна,5920 631756,"клх Горячинск, ш. Достоевского, д. 7 к. 20, 537030",+75319433750
259,Эрнст Глебович Иванов,6067 799287,"г. Лабинск, пер. Журавлева, д. 48 стр. 31, 249384",+7 (089) 487-0605
260,Орест Елизарович Ильин,7691 442027,"к. Томпа, бул. Вольный, д. 946, 506351",80361332541
261,Белова Алевтина Романовна,7592 831076,"д. Ялуторовск, ш. Сплавное, д. 81 к. 15, 831997",+7 791 100 65 12
262,Брагин Пров Антонович,5844 681343,"г. Волоколамск, ул. Интернациональная, д. 7 стр. 2/7, 990767",8 991 507 85 93
263,Попов Чеслав Арсеньевич,3085 301158,"клх Тимашевск, наб. 60 лет СССР, д. 8/3 к. 12, 249685",+79822749545
264,Регина Эдуардовна Прохорова,7888 797229,"п. Терскол, ш. Трактовое, д. 6/4 стр. 23, 377959",85946521707
265,Смирнов Захар Давыдович,7211 810219,"п. Ставрополь, ш. Толстого, д. 4/7 стр. 60, 150812",+77395003342
266,Белоусов Демид Игоревич,3851 745414,"п. Апатиты, ш. Васильковое, д. 702, 534735",8 289 611 2233
267,Шубина Маргарита Кузьминична,5930 525800,"г. Энгельс, алл. Пушкина, д. 45 стр. 942, 317912",8 (685) 787-2558
268,Терентьева Полина Руслановна,9977 974224,"клх Черкесск, ул. Портовая, д. 83 стр. 46, 669254",8 (121) 478-5390
269,Януарий Игоревич Котов,1006 418635,"с. Поронайск, ш. Машиностроителей, д. 5 к. 1/3, 341514",8 (881) 431-1150
270,Миронова Евпраксия Леоновна,5700 320392,"клх Кырен, бул. Придорожный, д. 1, 456690",8 (826) 333-73-89
271,Октябрина Рубеновна Александрова,8043 923927,"ст. Калач, ш. Марта 8, д. 87 к. 352, 075536",8 684 590 90 22
272,Лора Феликсовна Евдокимова,6279 587575,"п. Павловская, пер. 50 лет Победы, д. 27, 974121",8 (209) 702-3164
273,Калинин Станислав Арсеньевич,8238 563638,"к. Томск, алл. Энгельса, д. 7/3, 286716",+7 (234) 672-9949
274,Терентьев Ратмир Елизарович,4501 636004,"п. Светлогорск (Калин.), ш. Маркса, д. 68, 779014",8 (546) 926-32-96
275,Добромысл Богданович Карпов,8752 932291,"ст. Ербогачен, бул. Мира, д. 737 к. 251, 672438",+7 701 765 6360
276,Андреев Всемил Зиновьевич,3780 790855,"с. Борзя, пер. Харьковский, д. 3/8, 220912",+71862104275
277,Кулаков Ананий Григорьевич,2389 397571,"ст. Троицк (Моск.), бул. Пушкинский, д. 5/8 стр. 190, 335331",+7 600 531 3122
278,Копылов Велимир Зиновьевич,9445 796101,"д. Каргополь, пр. Панфилова, д. 233 стр. 6, 065063",8 (314) 950-13-64
279,Полина Борисовна Кулакова,6491 197923,"г. Шатура, бул. Коминтерна, д. 35 к. 8, 509976",8 (389) 030-9143
280,Симонова Зинаида Яковлевна,4848 805477,"п. Озеры, наб. Проезжая, д. 46 к. 839, 245086",+70355338033
281,Щербакова Регина Леонидовна,6085 335552,"клх Азов (Рост.), ш. Победа, д. 330, 212983",+7 (816) 742-3362
282,Антонова Ия Филипповна,4262 254511,"к. Ставрополь, наб. Розы Люксембург, д. 3/8, 689627",+7 661 498 2824
283,Лев Филиппович Бобров,1400 148458,"г. Нальчик, бул. Шаумяна, д. 42, 085766",8 567 491 60 16
284,Галина Георгиевна Фадеева,5011 598216,"ст. Нижневартовск, бул. Восьмого Марта, д. 1 стр. 7/4, 705024",87243992011
285,Фомичева Мария Никифоровна,2193 577538,"с. Заводоуковск, наб. Дружбы, д. 5/7 к. 619, 436402",8 (011) 686-46-22
286,Всеволод Герасимович Мартынов,7790 760356,"с. Хасавюрт, алл. Путейская, д. 523, 791214",+7 614 150 93 77
287,Комарова Агафья Аркадьевна,4185 853240,"клх Череповец, ул. Ульяновская, д. 969, 775965",8 553 566 9055
288,Агата Робертовна Беспалова,7291 618392,"г. Шахты, ш. Заливное, д. 85, 863050",8 057 397 6915
289,Савелий Бориславович Гурьев,7547 355836,"д. Каменномостский, алл. Дарвина, д. 227 стр. 9, 271783",+7 (321) 160-2564
290,Сидоров Савелий Валерьевич,3417 787926,"г. Назрань, пер. Ключевой, д. 7, 863341",+71115931952
291,Марина Филипповна Зиновьева,1090 887443,"г. Чита, алл. Коминтерна, д. 6/6 стр. 48, 608752",+73772942095
292,Владилен Елизарович Якушев,2746 916232,"с. Люберцы, пр. Привокзальный, д. 3 стр. 13, 764208",8 567 566 18 44
293,Григорьева Таисия Никифоровна,7965 329471,"к. Челябинск, ш. Свободы, д. 3/3, 742333",+7 591 266 2015
294,Дарья Альбертовна Ковалева,3881 943170,"п. Ямбург, пр. Владимирский, д. 713 стр. 5/3, 176475",+7 111 178 3099
295,Ольга Игоревна Шубина,9486 587115,"с. Стерлитамак, бул. Блюхера, д. 3 стр. 951, 606888",8 (189) 813-12-92
296,Третьяков Лонгин Валерьевич,1822 684482,"д. Каргасок, алл. Базарная, д. 1 стр. 518, 826034",+7 848 729 7585
297,Панфилова Евфросиния Болеславовна,5082 989545,"г. Калач, наб. Рыбацкая, д. 99, 954296",+7 844 626 71 46
298,Вероника Тарасовна Ершова,2988 578634,"клх Калуга, наб. Ростовская, д. 3/6 стр. 7/1, 141818",8 151 554 23 40
299,Лыткин Ефрем Матвеевич,3184 940346,"п. Тулпан, наб. Пожарского, д. 585 стр. 2, 256258",8 (967) 924-0822
300,Ермаков Карл Антипович,8612 800005,"клх Шумиха, бул. Л.Толстого, д. 67 к. 9/5, 683414",8 511 131 29 01
301,Жданова Полина Андреевна,9702 686075,"с. Талдом, бул. Свободный, д. 1/4 стр. 668, 890972",8 (321) 528-5067
302,Мстислав Брониславович Ширяев,6198 891937,"к. Малая Вишера, наб. Кузнецкая, д. 70 к. 94, 797050",87545105265
303,Горбунов Селиверст Герасимович,8251 742412,"с. Горячинск, ул. Прудовая, д. 4 к. 7/6, 562841",8 (722) 560-53-13
304,Всеволод Тихонович Гаврилов,9270 547470,"п. Камышин, бул. Физкультурный, д. 967 к. 3/6, 862110",+7 (258) 030-56-90
305,Корнил Еремеевич Мартынов,9976 567574,"п. Южно-Курильск, бул. Технический, д. 24, 363718",82392312604
306,г-жа Котова Акулина Юрьевна,3607 879779,"ст. Белокуриха, пр. Фрунзе, д. 63 к. 8/1, 041454",8 635 020 0053
307,Климент Бориславович Горбунов,8777 571932,"с. Ногинск (Моск.), наб. Боровая, д. 308 к. 6, 989534",+7 (961) 129-1093
308,Третьяков Валерьян Артемьевич,5246 888295,"клх Соль-Илецк, пер. Сенной, д. 723, 855716",+7 768 802 94 24
309,Воронцов Аркадий Геннадиевич,5050 980660,"клх Тымовское, ул. Мелиоративная, д. 9/7 стр. 7/5, 202939",+7 878 844 3448
310,Цветков Аникита Данилович,5543 903013,"клх Дубна, алл. Просторная, д. 933 к. 605, 184269",+75005342408
311,Беспалова Фаина Борисовна,9540 608136,"ст. Ялуторовск, пер. Ясный, д. 4/6 стр. 4, 273652",8 (172) 722-39-72
312,Лебедева Ксения Валериевна,4919 387936,"клх Шилка, ул. Волгоградская, д. 863, 182091",8 601 002 31 42
313,Фёкла Андреевна Вишнякова,8206 181247,"д. Находка, ул. Краснознаменная, д. 87 стр. 64, 230848",+7 001 841 86 20
314,Алевтина Евгеньевна Котова,5681 345884,"к. Луга, бул. Серова, д. 272, 145195",+7 510 922 68 59
315,Родионов Геннадий Ефимьевич,5451 452161,"г. Курумкан, бул. Жукова, д. 2 к. 622, 677119",8 421 522 65 57
316,Остромир Игнатьевич Кудрявцев,6238 666390,"с. Усть-Баргузин, пер. 8-е Марта, д. 26 к. 9/4, 350305",8 (721) 055-2472
317,Таисия Николаевна Николаева,2320 245095,"г. Джубга, бул. Волгоградский, д. 1/7, 019179",+7 (025) 213-10-96
318,Королев Рюрик Викентьевич,3471 342495,"с. Нарьян-Мар, ш. Полевое, д. 2 к. 10, 820667",8 (498) 436-2418
319,Владлен Гордеевич Власов,7275 827659,"с. Йошкар-Ола, пер. Сибирский, д. 8/6 стр. 7/3, 563411",+7 595 034 28 11
320,Кузнецов Леонид Геннадиевич,3503 840734,"п. Курск, пер. Красный, д. 1/1, 140546",8 (356) 521-5681
321,Носова Виктория Алексеевна,4505 167348,"д. Ачинск, алл. Деповская, д. 2/2 к. 33, 889857",+7 (545) 960-63-39
322,Кондратьева Виктория Феликсовна,7797 527398,"ст. Амдерма, ш. Некрасова, д. 871, 242149",8 511 274 7472
323,Татьяна Рудольфовна Волкова,6421 668969,"с. Поронайск, бул. Карьерный, д. 6/9 стр. 6, 687409",+7 380 214 6296
324,Елена Натановна Уварова,8633 535970,"к. Смоленск, бул. Вавилова, д. 212 к. 7/4, 515597",+7 (714) 708-2723
325,Амос Тарасович Семенов,2020 316881,"с. Катайск, алл. Солнечная, д. 5/5, 121461",+77683420165
326,Клавдия Викторовна Лазарева,7883 508396,"с. Сорочинск, бул. Приморский, д. 6/7 стр. 489, 992550",+7 (727) 516-48-07
327,Василиса Петровна Кабанова,1320 998348,"п. Калач, бул. Ольховый, д. 4/6 к. 13, 504481",8 (766) 558-68-51
328,Оксана Олеговна Давыдова,7232 600149,"д. Салехард, наб. Николаева, д. 2 к. 111, 179817",8 (904) 633-7861
329,Воронов Владилен Иларионович,1096 468845,"ст. Пенза, наб. Вольная, д. 5, 463060",+7 025 895 5296
330,Туров Никифор Георгиевич,5892 890075,"ст. Чебоксары, алл. Разина, д. 66 к. 46, 281964",8 (253) 110-6092
331,Рогов Тихон Артурович,7389 994905,"клх Гудермес, бул. Фурманова, д. 43 к. 4, 640412",+7 911 791 1244
332,Анна Анатольевна Горшкова,7865 664365,"с. Вологда, ш. Рабочее, д. 2/8 к. 736, 722402",89015579980
333,Гришин Ираклий Валерьевич,9947 938722,"д. Апрелевка, пер. Амурский, д. 25 стр. 60, 312447",+7 (158) 477-6863
334,Евстафий Елисеевич Силин,4613 611945,"д. Черусти, алл. Высокая, д. 7/8 к. 5/6, 966395",8 172 084 9649
335,Светлана Матвеевна Афанасьева,4595 386193,"п. Мостовской, ш. Производственное, д. 4 к. 635, 510505",+7 (795) 381-6493
336,Орлова Тамара Игоревна,8140 609232,"клх Салават, ш. Суворова, д. 13 к. 8/1, 611729",8 963 904 0907
337,Олимпий Алексеевич Самсонов,1475 507746,"клх Амурск, пр. Кубанский, д. 5/5, 561857",80647715910
338,Шарапов Автоном Викентьевич,6507 801364,"ст. Салехард, алл. Целинная, д. 95, 040104",+7 459 642 29 71
339,Самойлов Гедеон Фадеевич,7624 859359,"д. Тулун, пер. Дружба, д. 5/6, 314415",8 (331) 170-3037
340,Евдокия Рудольфовна Орлова,3704 981334,"ст. Чита, пер. Комарова, д. 8 стр. 28, 356798",+7 (631) 462-4912
341,Вацлав Брониславович Журавлев,8657 233827,"п. Курганинск, пр. Докучаева, д. 5, 815632",8 868 507 45 10
342,Гурьева Наталья Георгиевна,9751 128276,"с. Игнашино, наб. Журавлева, д. 2/1 стр. 41, 009431",8 (143) 966-6134
343,г-н Устинов Елизар Изотович,7455 720644,"клх Агинское (Забайк.), алл. Толбухина, д. 5/4, 512257",+7 (076) 502-41-20
344,Лыткина Олимпиада Харитоновна,1444 188025,"ст. Котлас, ул. Трудовая, д. 494 к. 22, 457758",+77457054589
345,Касьян Ярославович Артемьев,8022 242291,"с. Кетченеры, алл. 70 лет Октября, д. 1/4 стр. 6/4, 361487",8 (245) 569-6443
346,Галкин Мефодий Валерьевич,8564 290556,"д. Нефтеюганск, ул. Октябрьская, д. 3/8 к. 58, 474140",8 (034) 910-74-06
347,Август Анисимович Максимов,1823 372793,"к. Тверь, ш. Поселковое, д. 442 стр. 2/5, 075366",8 144 942 96 59
348,Комиссаров Евстигней Димитриевич,7211 443254,"д. Камышлов, наб. Кольцевая, д. 8 к. 76, 287585",8 (567) 667-08-06
349,Кудрявцев Юрий Ефимьевич,4467 576786,"п. Юровск, пер. Кирова, д. 762 стр. 878, 104159",+7 497 501 98 03
350,Шилова Полина Валентиновна,6355 453894,"к. Яр-Сале, бул. Лесный, д. 4/2 к. 202, 331708",8 (601) 467-23-84
351,Нинель Юрьевна Ильина,7211 391773,"клх Апатиты, алл. Слободская, д. 98, 774419",8 (546) 617-66-20
352,Виссарион Терентьевич Кузнецов,7906 364525,"клх Южноуральск, ул. Крылова, д. 87 к. 1, 588358",8 812 259 57 24
353,Клавдия Никифоровна Виноградова,2341 593152,"с. Шерегеш, алл. 9 мая, д. 3 стр. 6, 100231",+7 775 331 26 61
354,Максимов Викентий Алексеевич,1317 885408,"ст. Озеры, бул. Красноармейский, д. 25 стр. 7/3, 347743",+7 (268) 319-0130
355,Агата Михайловна Носова,9837 154615,"к. Кабанск, бул. Минина, д. 83 стр. 6, 176619",+7 284 117 30 98
356,Захар Ермолаевич Стрелков,6733 335113,"клх Новороссийка, ш. Авиационное, д. 2, 898469",+7 819 740 0564
357,Белозеров Аристарх Викентьевич,2124 919182,"ст. Бирск, пр. Станционный, д. 751, 872401",+7 783 567 4300
358,Шаров Евсей Тарасович,1659 890870,"г. Оса, бул. Кедровый, д. 7/9 к. 81, 955356",+7 331 903 6890
359,г-жа Уварова Зинаида Аркадьевна,1508 359295,"п. Санкт-Петербург, наб. Московская, д. 6, 429671",+7 148 375 37 45
360,Кира Ефимовна Назарова,4266 979995,"клх Урай, ул. Трактовая, д. 7 стр. 5/2, 283483",+7 520 377 10 70
361,Харитон Теймуразович Петухов,1333 751517,"к. Шуя, пр. Степной, д. 7/8 к. 733, 680408",8 095 493 0596
362,Анастасия Борисовна Жданова,3496 350132,"ст. Тырныауз, пр. Троицкий, д. 86 к. 12, 413845",86094544901
363,Любим Евсеевич Сазонов,3068 596564,"с. Анадырь, ул. Ульянова, д. 957 к. 16, 498517",+7 (444) 723-22-90
364,Лапин Андрей Гаврилович,2874 691364,"г. Усть-Калманка, алл. Транспортная, д. 5 стр. 158, 511871",8 (133) 595-6164
365,Большаков Эрнст Иосипович,4571 587623,"клх Озеры, наб. Совхозная, д. 15 к. 3, 193588",85369026113
366,Игнатьева Таисия Николаевна,5198 904150,"д. Солнечногорск, пер. Гончарова, д. 5 стр. 59, 535375",+7 376 515 88 15
367,Елисеева Елизавета Петровна,7043 275939,"д. Гремячинск (Перм.), алл. Макаренко, д. 59 стр. 6, 116682",87327021648
368,Воронова Антонина Владимировна,2876 915573,"г. Завьялиха, алл. Коминтерна, д. 6/3, 834155",89910157676
369,Самсон Венедиктович Гурьев,3683 426147,"п. Алагир, пер. Павлова, д. 7/6 стр. 3/9, 134750",88898645652
370,Алина Григорьевна Горбунова,2771 706794,"г. Нефтеюганск, алл. Стадионная, д. 5 к. 8/4, 449134",+7 (138) 820-90-88
371,Агата Рудольфовна Щукина,1420 427110,"п. Лесной (Сверд.), пр. 9 Января, д. 57 стр. 717, 412415",+7 315 285 47 81
372,Веселова Александра Оскаровна,7149 515922,"п. Усть-Ордынский, ш. Парковое, д. 732 стр. 53, 272742",+7 (183) 061-7893
373,Петрова Наина Захаровна,4249 179688,"клх Нижнекамск, пер. Осенний, д. 4 к. 8, 695874",+7 314 675 36 12
374,Лучезар Валентинович Коновалов,4978 206851,"ст. Стерлитамак, пер. Морозова, д. 50 к. 9, 608545",8 676 640 47 35
375,Соловьева Ксения Петровна,5941 991597,"д. Завьялиха, алл. Рябиновая, д. 3 стр. 206, 581083",8 832 863 4255
376,Фадей Денисович Субботин,2983 934904,"ст. Андреаполь, ул. О.Кошевого, д. 8/1 стр. 54, 330416",8 241 118 60 08
377,Алексеева Антонина Эдуардовна,1672 464069,"ст. Шерегеш, ш. Шевченко, д. 9/1 к. 5, 314976",+76136847488
378,Соколов Сергей Тимурович,9728 549186,"с. Кизляр, ул. М.Горького, д. 67 стр. 2/5, 211823",8 (931) 269-78-93
379,Горшков Ипполит Фадеевич,7071 172306,"ст. Ейск, наб. Плеханова, д. 943, 875357",8 (881) 161-62-02
380,Ильина Глафира Геннадьевна,9289 778998,"г. Ржев, алл. Станиславского, д. 78 к. 1/5, 644859",8 922 483 9589
381,Роман Глебович Колобов,6590 113266,"п. Троицко-Печорск, ш. Монтажников, д. 356 стр. 27, 433187",8 109 792 1583
382,Агафон Георгиевич Егоров,7882 962276,"д. Мелеуз, пер. Шолохова, д. 9 к. 31, 342491",+7 (896) 599-94-97
383,Смирнов Игнатий Григорьевич,9031 210665,"п. Забайкальск, ш. Советское, д. 2 к. 828, 754813",8 (666) 754-8581
384,Екатерина Викторовна Блохина,8102 479781,"ст. Сальск, пр. Пожарского, д. 2 стр. 6/3, 575639",8 (365) 203-7583
385,Никифоров Максим Богданович,8532 841666,"д. Александровск-Сахалинский, наб. Озерная, д. 8 стр. 1/5, 090797",8 (278) 105-09-22
386,Василиса Артемовна Гаврилова,3506 556641,"с. Бирск, ул. Литейная, д. 19 к. 6, 958066",+7 138 241 2704
387,Пахомова Прасковья Наумовна,3885 869440,"к. Кызыл, наб. Пригородная, д. 8 стр. 297, 121259",+7 203 571 3432
388,Натан Ермилович Борисов,9548 782054,"д. Моздок, алл. Енисейская, д. 4 к. 54, 417595",8 872 096 2893
389,тов. Коновалова Ия Григорьевна,5425 745830,"г. Токма, наб. Красноярская, д. 5/1, 827279",8 596 905 1502
390,Марк Игоревич Юдин,9817 912270,"к. Мелеуз, пр. Производственный, д. 879, 673459",8 764 038 1664
391,Милица Эдуардовна Новикова,8921 587455,"к. Шарья, пер. Выгонный, д. 62 стр. 314, 762702",+7 (244) 123-3613
392,Наумов Мстислав Абрамович,8136 965845,"к. Волгодонск, пер. Льва Толстого, д. 77 к. 4/2, 252654",8 968 157 90 39
393,Фролов Модест Иосипович,5397 437960,"д. Шатой, ул. Угловая, д. 47 к. 734, 562624",+76704622681
394,Борис Изотович Зимин,5022 971084,"ст. Александровск, наб. Раздольная, д. 8/1, 660464",+7 978 575 85 12
395,Синклитикия Натановна Беспалова,2419 392477,"г. Нарьян-Мар, пер. Отрадный, д. 88 стр. 1/8, 017750",85465408424
396,Аггей Филатович Большаков,8385 355709,"д. Вязьма, бул. Подгорный, д. 4/3 к. 381, 764579",+7 (897) 015-5029
397,Антонина Мироновна Копылова,8613 697530,"клх Махачкала, пр. Рабочий, д. 24 к. 2/4, 498830",8 973 642 4809
398,Дмитрий Еремеевич Дорофеев,7209 452737,"п. Ангарск, бул. Карьерный, д. 5 к. 6/2, 305319",+79796958678
399,Александров Лучезар Изотович,1470 618317,"с. Тамбей, пер. Стахановский, д. 5/7, 917851",+7 (854) 457-7029
400,Ефремова Людмила Феликсовна,6325 290672,"ст. Апрелевка, пер. Папанина, д. 96 к. 26, 633194",+7 (268) 653-69-45
401,Валентина Кузьминична Овчинникова,8988 322423,"ст. Печора, ш. Металлистов, д. 8 к. 72, 085721",8 966 630 93 29
402,Федорова Фёкла Филипповна,6813 936587,"к. Шуя, алл. Дорожников, д. 750, 275327",+7 (524) 103-9773
403,Зуева Жанна Вячеславовна,5232 456871,"ст. Шелехов, ш. Большое, д. 27 к. 906, 616481",88077046056
404,Панфилова Нинель Олеговна,5581 725113,"п. Кузнецк, ш. Боровое, д. 75 стр. 3, 734151",8 (734) 547-57-49
405,Анатолий Викентьевич Куликов,5526 682789,"п. Обнинск, наб. Мира, д. 3 стр. 8, 422294",8 430 394 29 04
406,Симон Ярославович Маслов,1166 641722,"к. Ельня, ш. О.Кошевого, д. 9 стр. 7, 287276",+7 153 433 2491
407,Ефимова Полина Робертовна,4130 189771,"клх Канск, бул. Спортивный, д. 2/6 к. 948, 079833",+72337209484
408,Пономарев Арсений Васильевич,4954 855053,"п. Киренск, пер. Беляева, д. 2/9, 513717",+7 731 893 97 49
409,Горбунов Вениамин Феофанович,7658 612311,"г. Красногорск (Моск.), пер. Поперечный, д. 3/6 к. 9/5, 483548",8 (471) 270-5877
410,Голубев Пимен Ефимьевич,4937 824156,"к. Углич, алл. Приозерная, д. 53, 587149",+7 (925) 236-2292
411,Софрон Харламович Лапин,8800 777278,"п. Кулу, ш. Лермонтова, д. 3 к. 6, 574696",8 060 652 74 03
412,Терентьев Исай Ерофеевич,9041 569945,"к. Ростов, наб. Крымская, д. 99 к. 5/2, 325797",+7 673 499 6010
413,Егорова Синклитикия Максимовна,1282 197573,"г. Солнечногорск, бул. Уральский, д. 7, 294938",+7 735 984 88 40
414,Мамонтов Артем Жанович,5820 332360,"клх Качканар, наб. Семашко, д. 67, 344902",+7 666 708 08 50
415,Морозова Прасковья Леонидовна,7625 825391,"д. Нальчик, ул. Фабричная, д. 981 стр. 28, 931647",8 (251) 295-78-60
416,Куприян Абрамович Ефремов,4986 421080,"г. Кимры, пр. Короткий, д. 4 к. 9, 395923",+7 (342) 108-90-28
417,Архип Зиновьевич Беспалов,7046 596249,"клх Карпинск, наб. Ростовская, д. 5/4, 502716",+7 736 077 6336
418,Ильина Анна Вячеславовна,9698 460455,"ст. Карталы, пр. Фурманова, д. 7, 318574",8 (170) 066-6155
419,Ангелина Оскаровна Блохина,7971 882169,"клх Вендинга, бул. Разина, д. 1/5 стр. 1, 329028",+7 (270) 093-45-96
420,Наина Вячеславовна Захарова,6419 468900,"к. Выборг, ул. Машиностроителей, д. 74, 495005",+7 702 608 6982
421,Попов Милен Давидович,8434 384076,"г. Гаврилов-Ям, пр. Карбышева, д. 3/1 к. 8, 425859",+7 779 323 82 23
422,Кононова Антонина Ниловна,6023 363615,"п. Кингисепп, алл. Мичурина, д. 8 к. 3, 652906",+7 320 203 2650
423,Трофимова Любовь Георгиевна,4777 226516,"п. Серафимович, наб. Щетинкина, д. 648 стр. 3, 578715",8 (415) 608-2137
424,Варвара Тимуровна Кулакова,4155 430876,"ст. Нефтеюганск, пр. Спартака, д. 782 к. 42, 358929",8 (808) 583-8252
425,Сергеев Ян Давидович,2958 878967,"ст. Канск, ул. Юности, д. 7 к. 8/8, 240148",+73991062272
426,Зинаида Никифоровна Устинова,9779 899213,"с. Чокурдах, алл. Котовского, д. 334, 192372",+75018481973
427,Петухова Варвара Тимофеевна,4033 300845,"г. Невьянск, ул. Революции, д. 2 к. 7/3, 438119",85376601444
428,Суханова Наина Ждановна,4545 874483,"г. Вологда, ш. Вахитова, д. 89 стр. 79, 178996",88609191911
429,Жанна Михайловна Савина,8933 389930,"клх Аша, бул. Щетинкина, д. 9/1 к. 7/1, 920514",8 074 555 34 70
430,Каллистрат Владиславович Никитин,9595 725780,"ст. Нижневартовск, ш. Тюленина, д. 955, 541165",87263475575
431,Глафира Леонидовна Соколова,5636 205409,"д. Минеральные Воды, бул. Чапаева, д. 26 стр. 21, 425856",+7 (614) 991-53-70
432,Герман Елизарович Козлов,4180 410636,"ст. Кемерово, алл. Щетинкина, д. 12, 309776",8 (893) 628-9696
433,Майя Захаровна Горбунова,4727 478411,"п. Моршанск, наб. Магистральная, д. 45 стр. 91, 851935",8 (374) 907-9779
434,Данила Адамович Шилов,3939 416950,"к. Сосновый Бор, алл. Вишневая, д. 2 стр. 5, 976263",8 (484) 539-86-28
435,Феврония Кузьминична Самойлова,1231 842411,"клх Новороссийка, ул. Кирпичная, д. 386 стр. 33, 071511",8 966 672 52 14
436,Петр Димитриевич Чернов,9751 232731,"к. Петушки, алл. 60 лет Октября, д. 257, 090805",+7 208 005 64 09
437,Гордеева Ангелина Вячеславовна,5494 147726,"п. Тюмень, наб. Фестивальная, д. 69, 728270",80814415298
438,Комаров Сергей Георгиевич,1893 680238,"с. Уссурийск, ш. Никитина, д. 681 к. 35, 736050",8 (918) 158-99-88
439,Трифон Германович Бобров,5786 831295,"с. Камень-на-Оби, бул. Кузнецова, д. 7/7 к. 870, 587964",8 (408) 031-49-98
440,Веселов Анисим Аксёнович,3068 768854,"с. Калач, пер. Интернациональный, д. 9/9 к. 68, 317235",+7 373 990 06 31
441,Агата Егоровна Прохорова,9042 207570,"с. Киренск, ш. Короленко, д. 422 к. 7, 346066",8 437 490 60 72
442,Цветкова Анжела Вадимовна,1200 701949,"ст. Сунтар, алл. Чернышевского, д. 74, 844941",+7 631 873 28 07
443,Вениамин Давыдович Петров,5658 592198,"г. Борзя, пр. Степана Разина, д. 3/8, 833509",+7 254 257 3066
444,Калинин Силантий Арсенович,8843 561865,"клх Каменномостский, бул. Октября, д. 471 к. 9, 285011",8 880 925 50 21
445,Иванова Марина Александровна,6582 293319,"ст. Хасавюрт, ш. Вольное, д. 298, 796496",8 (379) 457-72-78
446,Елена Вениаминовна Дмитриева,1841 364742,"к. Железногорск(Курск.), бул. Колхозный, д. 5/3 к. 976, 625366",8 777 675 55 62
447,Ершова Зинаида Даниловна,8827 219629,"ст. Южно-Сахалинск, пр. Глинки, д. 5 к. 36, 187496",+7 335 826 8627
448,Ершов Никандр Всеволодович,2070 520172,"клх Петушки, ш. Ивановское, д. 66 стр. 4/3, 599801",+7 100 051 55 32
449,Ксения Афанасьевна Денисова,9056 177680,"с. Находка, алл. Малиновая, д. 2 стр. 32, 189628",8 (743) 127-1026
450,Самсон Власович Комиссаров,1878 259097,"с. Чермоз, алл. Никитина, д. 679 стр. 2, 122946",+7 (135) 415-97-09
451,Наина Викторовна Громова,3444 950544,"д. Лагань, ул. Пожарского, д. 3 стр. 534, 650471",8 802 909 0463
452,Марина Натановна Петрова,5978 189318,"к. Ноябрьск, ш. Новостройка, д. 6/3 стр. 5, 744171",8 810 213 1251
453,Брагин Изот Афанасьевич,5066 224205,"клх Александровск-Сахалинский, ш. Пугачева, д. 829 стр. 2, 023121",+7 063 301 65 83
454,Евстафий Эдгарович Елисеев,7818 735770,"к. Чулым, пр. Брянский, д. 412, 289311",+7 (253) 269-4968
455,Рябова Наталья Ждановна,4697 913373,"д. Алагир, бул. Ударный, д. 3 стр. 801, 096170",+7 595 919 45 75
456,Архипова Маргарита Святославовна,9561 498855,"к. Усмань, алл. Курская, д. 60 стр. 8/8, 677722",8 602 562 65 06
457,Дарья Владиславовна Капустина,8381 564226,"г. Амурск, пр. Кавказский, д. 6 к. 80, 248433",8 (976) 627-05-11
458,Ольга Юльевна Калинина,5871 717113,"д. Тавда, пр. Папанина, д. 642, 969192",8 (455) 259-7107
459,Иосиф Глебович Фокин,8025 420214,"ст. Мичуринск, пр. Бригадный, д. 6 стр. 62, 993379",8 (058) 162-95-18
460,тов. Виноградов Радим Терентьевич,1986 739244,"клх Дно, ш. Привокзальное, д. 4/4 к. 855, 457598",+7 (399) 140-3884
461,Назар Федосьевич Филатов,2625 899787,"к. Карабулак, наб. Восточная, д. 661, 276829",8 (514) 743-97-42
462,Маркова Акулина Васильевна,4404 755900,"д. Сосновый Бор, алл. Островского, д. 9/1 к. 6/7, 590459",80802711221
463,Субботина Жанна Богдановна,4457 377501,"к. Ведено, наб. Ленинская, д. 7/9 к. 786, 813721",+73308003700
464,Жуков Герасим Викентьевич,2330 264686,"с. Пенза, пер. Малиновый, д. 1/7, 039033",87051958263
465,Иванов Януарий Еремеевич,4929 282256,"д. Осташков, ш. Проезжее, д. 6, 546147",+7 798 632 1061
466,Уварова Евфросиния Геннадьевна,2229 264136,"д. Медногорск, пр. Трактовый, д. 59 к. 18, 032537",8 576 927 78 94
467,Зинаида Анатольевна Горбачева,1043 528361,"ст. Архангельск, ул. Заречная, д. 1 стр. 8, 921053",+7 (651) 460-4014
468,Панов Елизар Валерианович,8381 822858,"п. Алексин, ул. Белорусская, д. 9/5, 097123",+7 660 076 76 20
469,Соловьева Ангелина Игоревна,8699 405407,"п. Курганинск, бул. Городской, д. 83, 096873",+7 451 957 7825
470,Давыдова Таисия Тимофеевна,1534 342720,"клх Нефтеюганск, алл. Короленко, д. 8 к. 5, 786561",84255778205
471,Самойлова Вероника Эльдаровна,5720 841296,"ст. Хужир, ш. Высокое, д. 2/7, 880819",+7 482 357 1558
472,Регина Никифоровна Полякова,5632 837135,"клх Воскресенск, бул. Просвещения, д. 13, 721436",+73813000413
473,Носов Аскольд Арсеньевич,8438 174637,"г. Ребриха, бул. Шолохова, д. 694 к. 6/4, 699799",+7 707 550 4768
474,Наталья Эдуардовна Орехова,4824 377405,"г. Оленек, пр. Дальний, д. 5/9, 131765",+7 (970) 548-7396
475,Зимин Владимир Аксёнович,4241 545790,"д. Иркутск, наб. Коминтерна, д. 249 к. 3/8, 204956",+7 213 773 06 26
476,Королев Захар Измаилович,2880 671015,"клх Саянск, ул. Сельская, д. 32 стр. 677, 085816",8 (046) 861-11-45
477,Сильвестр Демьянович Буров,4683 779094,"г. Жиганск, пер. Технический, д. 97, 847129",8 180 332 42 60
478,Сократ Авдеевич Макаров,3441 378535,"к. Джейрах, алл. Ильича, д. 83 к. 8/4, 268812",+7 (821) 781-92-36
479,Майя Дмитриевна Шарапова,3330 174878,"г. Рыльск, ш. Ломоносова, д. 1/4, 679327",88623984716
480,Аксенова Ангелина Федоровна,1977 273982,"ст. Аша, наб. Пирогова, д. 8 к. 5, 478769",8 (999) 275-1758
481,Евдокимова Ангелина Ждановна,6039 723948,"ст. Лысьва, пер. Курский, д. 6 стр. 49, 435864",+79639243588
482,Роман Всеволодович Ковалев,5728 560485,"п. Шатки, ш. Энтузиастов, д. 67 стр. 86, 978524",81416860134
483,Оксана Тимуровна Логинова,3037 591465,"п. Курган, пр. Пожарского, д. 776, 122150",+7 141 884 2163
484,Нестеров Ферапонт Ануфриевич,5982 833723,"к. Якутск, наб. Балтийская, д. 4/4 стр. 59, 320895",+7 (263) 890-2199
485,Ираида Рудольфовна Ильина,7594 385470,"ст. Плесецк, алл. Высоцкого, д. 42, 103469",86733116772
486,Блинова Эмилия Мироновна,9199 666211,"п. Сухиничи, ш. Володарского, д. 1 к. 9/7, 935219",8 263 355 64 34
487,Марина Эльдаровна Шашкова,9090 559023,"клх Уэлен, бул. Ключевой, д. 1/7, 560767",8 164 534 54 72
488,Красильников Фотий Ярославович,2317 727086,"с. Ноглики, ш. Курганное, д. 921, 418472",+72642364281
489,Тарасов Якуб Антипович,1653 553014,"д. Советский, алл. Заовражная, д. 239 к. 314, 785228",+7 (305) 248-08-80
490,Гурий Анисимович Воронов,6280 733039,"п. Шумиха, пер. Медицинский, д. 4/8 к. 41, 901620",+77876886878
491,Эрнст Трофимович Ситников,5102 127121,"п. Теберда, алл. Подгорная, д. 61 к. 2, 664505",8 (303) 627-92-46
492,Соколов Зосима Феоктистович,2496 340044,"с. Смоленск, пр. Попова, д. 37 стр. 1/4, 145057",8 619 458 87 07
493,Суханов Евлампий Ефстафьевич,1339 901909,"г. Домбай, бул. Просторный, д. 408 стр. 1, 659759",8 450 891 7768
494,Гуляев Трофим Юльевич,5415 704238,"ст. Октябрьское (Хант.), бул. Щетинкина, д. 3 к. 23, 463004",+7 236 936 2689
495,Епифан Ааронович Голубев,1659 900177,"к. Старый Оскол, алл. Семашко, д. 27, 759574",88855829849
496,Зинаида Дмитриевна Авдеева,3870 593355,"с. Курчатов, пер. Чкалова, д. 7/1 к. 5, 283337",+7 (188) 566-69-54
497,Сорокин Ярополк Харлампьевич,9502 783157,"г. Салехард, ш. Космодемьянской, д. 86 к. 255, 377693",8 634 392 52 95
498,Красильникова Анжелика Болеславовна,8245 391668,"ст. Алапаевск, пер. Панфилова, д. 2/3, 072024",8 591 024 5109
499,Волков Юрий Ааронович,3973 713762,"с. Сусуман, наб. Мира, д. 394, 794281",8 (934) 065-27-75
500,Ксения Кирилловна Лапина,8141 765620,"ст. Кисловодск, бул. Энгельса, д. 83 к. 12, 091217",+7 (214) 559-37-66
501,Носков Устин Ефимьевич,9056 195674,"клх Асбест, алл. Черняховского, д. 25 к. 704, 776572",8 659 202 4617
502,Лора Вениаминовна Волкова,8700 464863,"д. Шелехов, наб. Краснознаменная, д. 16 к. 655, 017833",+7 (584) 868-99-93
503,Андрон Филиппович Силин,7690 449499,"г. Лодейное Поле, ул. Макаренко, д. 876 к. 45, 440394",8 408 303 73 60
504,Афиноген Елизарович Беляков,6260 802685,"д. Мелеуз, бул. Больничный, д. 4/9 стр. 2, 685283",+7 615 370 1242
505,Агафонова Зоя Николаевна,2713 999398,"п. Жуковский, ул. Рязанская, д. 9 к. 212, 314217",8 188 781 7941
506,Вадим Ильич Борисов,3634 445824,"д. Красновишерск, ул. Дальняя, д. 622 стр. 98, 750566",+7 863 239 79 13
507,Полина Федоровна Мамонтова,7744 827369,"к. Нягань, ул. Подгорная, д. 4/1, 055605",8 (121) 988-19-27
508,тов. Ковалев Ярополк Александрович,9117 402218,"к. Уварово, наб. Партизанская, д. 304 к. 7, 456185",+7 744 600 45 21
509,Светлана Юльевна Моисеева,7561 953085,"г. Владивосток, ш. Орджоникидзе, д. 2 к. 49, 304488",+7 898 484 16 04
510,Наина Богдановна Прохорова,1601 576919,"клх Беломорск, ул. Мирная, д. 117, 568142",88315229107
511,Рогов Владлен Власович,2442 429795,"г. Троицк (Моск.), пер. Енисейский, д. 9/4 к. 763, 845269",8 944 391 64 97
512,Андреев Онуфрий Геннадиевич,5135 438977,"д. Йошкар-Ола, пер. Виноградный, д. 12 стр. 13, 623419",+7 310 615 3722
513,Устинова Варвара Максимовна,2899 910075,"с. Торжок, наб. Сурикова, д. 42 стр. 6/4, 774604",+7 672 007 8436
514,Дмитриев Вячеслав Еремеевич,7622 639593,"с. Алексин, ш. Ключевое, д. 6/5 к. 47, 764273",8 (203) 763-88-21
515,Моисей Дмитриевич Пахомов,1018 789606,"ст. Томари, бул. 50 лет ВЛКСМ, д. 219 к. 54, 899827",8 (020) 586-9507
516,Киселев Лев Федосьевич,9889 584417,"д. Камышлов, пр. 70 лет Октября, д. 467 стр. 15, 573857",+7 (680) 119-2360
517,Тихонов Творимир Артёмович,7770 156837,"клх Двинской, бул. Прибрежный, д. 25, 409614",87315391149
518,Евдокимова Жанна Аскольдовна,4073 643623,"д. Зарайск, ш. Лесное, д. 4/7 стр. 2, 893940",8 557 820 19 04
519,Бирюков Глеб Даниилович,6927 752878,"п. Карталы, алл. Калинина, д. 1/8, 920135",+76212760250
520,Зимина Наина Борисовна,9167 755788,"п. Брянск, пр. Приозерный, д. 4/3, 888995",8 (298) 937-62-97
521,Казимир Гордеевич Гущин,8242 896907,"с. Магнитогорск, ш. Вавилова, д. 391 к. 238, 692082",8 (323) 089-8138
522,Ширяева Светлана Тарасовна,1845 313446,"к. Назрань, алл. Водопроводная, д. 467 стр. 23, 971681",8 724 500 0000
523,Сергеев Фотий Артурович,5375 675898,"с. Внуково (метеост.), ш. Попова, д. 390 к. 6, 184442",+7 829 987 47 81
524,Шарапов Константин Юлианович,3146 402020,"с. Соболево, пер. Демьяна Бедного, д. 1/1, 043655",+7 584 826 69 13
525,Карп Яковлевич Данилов,8178 832168,"клх Белгород, наб. Стахановская, д. 1/9 к. 770, 369987",85098221040
526,Марфа Ждановна Щукина,8941 227324,"к. Якша, наб. Тепличная, д. 8/4 стр. 46, 643212",8 942 894 64 20
527,Гаврилов Владислав Исидорович,1472 760626,"г. Минеральные Воды, ул. Леонова, д. 764 к. 65, 026355",8 (243) 017-6464
528,Раиса Филипповна Кондратьева,4920 844261,"клх Вуктыл, алл. Громова, д. 64 к. 17, 040433",+7 (353) 849-5163
529,Валентина Богдановна Белова,3594 425845,"клх Горячинск, ул. Выгонная, д. 29 стр. 47, 653060",+7 198 756 17 86
530,Светлана Андреевна Кузнецова,1224 679077,"ст. Арзамас, пер. Загородный, д. 7, 829803",8 577 449 16 09
531,Карпова Маргарита Юрьевна,7684 197736,"г. Бузулук, пер. Кирпичный, д. 589 к. 484, 687509",+7 (632) 239-98-21
532,Егоров Марк Игоревич,4681 982277,"г. Краснотурьинск, бул. Пушкина, д. 98, 050537",8 660 811 26 00
533,Анастасия Семеновна Доронина,2858 583863,"с. Пермь, ул. Нагорная, д. 3/8 стр. 253, 345506",8 (826) 917-7682
534,Назарова Иванна Кирилловна,2924 779172,"п. Междуреченский, ул. Никитина, д. 55 стр. 97, 603359",+7 015 709 08 59
535,Голубева Кира Ильинична,3522 622584,"клх Семлячики, пер. Мелиоративный, д. 7/7 к. 9, 184285",86932591408
536,Татьяна Яковлевна Вишнякова,5781 633590,"п. Всеволожск, ш. Главное, д. 3, 698069",+7 872 617 6072
537,Ксения Федоровна Фокина,5479 535673,"к. Шахты, бул. Петровский, д. 18 к. 1, 612996",8 082 695 8264
538,Хохлов Наум Матвеевич,8905 595158,"клх Брянск, ул. Невского, д. 2/3, 859514",+7 (468) 239-4840
539,Глафира Романовна Ситникова,4993 578975,"г. Токсово, пер. Черняховского, д. 2/1 к. 468, 139500",+7 680 941 49 15
540,Исаков Демьян Герасимович,3369 502219,"клх Добрянка, бул. Жукова, д. 54, 777946",+7 (072) 662-92-50
541,Тарасова Пелагея Руслановна,4122 728492,"п. Хабаровск, пер. Ленинградский, д. 1 стр. 9/9, 133373",+7 255 235 61 78
542,Октябрина Андреевна Ершова,9327 882544,"г. Шелагонцы, ул. Воровского, д. 436, 277895",8 133 718 44 49
543,Силин Давыд Захарьевич,3236 173201,"ст. Пенза, пер. Московский, д. 564 к. 437, 167812",8 (782) 210-21-79
544,Королева Валентина Георгиевна,5526 910208,"п. Хоста, наб. Победа, д. 4/7 стр. 48, 828560",8 397 079 8661
545,Аркадий Трофимович Самойлов,7798 456385,"с. Томск, ш. Пионерское, д. 1, 821223",8 521 650 5871
546,Маслова Татьяна Владиславовна,9318 380150,"г. Холмогоры, наб. Розы Люксембург, д. 1/9, 369984",8 (022) 050-9386
547,Фёкла Ждановна Селезнева,1042 396578,"к. Шерегеш, ш. Песчаное, д. 845 к. 1/8, 523867",8 738 209 74 61
548,Ангелина Рубеновна Горшкова,5891 978157,"д. Егорьевск, пер. Спартака, д. 3/3 стр. 9, 708580",8 235 040 56 69
549,Ратибор Алексеевич Новиков,9022 255813,"к. Урай, ш. Володарского, д. 5, 286796",+7 (259) 423-2894
550,Елена Георгиевна Некрасова,8316 664742,"с. Забайкальск, ул. Чернышевского, д. 68 к. 3/6, 292693",+7 (589) 513-8186
551,Александр Эдгардович Михеев,8935 461888,"ст. Устюжна, ул. Ломоносова, д. 5/5 к. 40, 918911",8 (972) 038-59-34
552,Анна Михайловна Никитина,6446 678727,"г. Мурманск, пр. Олимпийский, д. 6 к. 41, 593678",+7 367 500 94 21
553,Боян Алексеевич Носов,9903 495533,"с. Орел, пер. Индустриальный, д. 9/1 стр. 17, 523888",8 622 586 6059
554,Вишнякова Нонна Тарасовна,8460 437408,"к. Зарайск, пр. Энтузиастов, д. 5, 965594",+7 (824) 911-65-02
555,Агата Аскольдовна Волкова,4090 831380,"к. Кириши, бул. Инженерный, д. 232 стр. 6, 305570",8 (368) 214-4488
556,Блинова Феврония Яковлевна,4912 699573,"с. Кизел, пр. Гончарова, д. 7 к. 30, 825431",8 (328) 123-1239
557,Одинцов Аверьян Ефремович,7274 344907,"с. Алапаевск, пер. Владимирский, д. 5/8, 387508",+7 (768) 172-25-77
558,Митофан Евстигнеевич Трофимов,7730 145767,"п. Холмогоры, наб. Морская, д. 787, 160827",+7 721 733 73 99
559,Алевтина Леонидовна Королева,6213 880879,"д. Хасавюрт, алл. Морозова, д. 71 стр. 2, 388232",8 539 835 8446
560,Владимиров Ростислав Эдгарович,8749 839485,"ст. Палана, алл. Южная, д. 5 к. 8, 279970",+7 (927) 120-53-97
561,Полина Вадимовна Соболева,7246 504832,"п. Челюскин, пер. Харьковский, д. 12 стр. 725, 832004",8 (797) 888-9753
562,Молчанова Маргарита Степановна,3492 619389,"п. Тырныауз, ул. Дорожная, д. 50 к. 4, 199517",+7 523 910 29 29
563,Алевтина Богдановна Антонова,1606 232378,"к. Тихорецк, ул. Курортная, д. 896, 397191",+7 (602) 213-21-76
564,Вышеслав Антипович Андреев,9229 718849,"г. Онега, ул. Карьерная, д. 20 к. 672, 339304",83665380274
565,Валентина Владиславовна Фадеева,6439 205239,"г. Верхотурье, ул. Геологов, д. 15 к. 3, 946209",+7 (556) 103-9952
566,Фаина Святославовна Бирюкова,8213 204555,"п. Серафимович, алл. Томская, д. 66, 856423",+7 412 027 0615
567,Архипова Елизавета Федоровна,9617 579123,"г. Завьялиха, пер. Транспортный, д. 2/7 стр. 1/7, 224815",8 420 340 3010
568,Бурова Милица Святославовна,1251 857537,"с. Миасс, ул. Степана Разина, д. 6/6 стр. 7, 347124",8 (601) 080-18-10
569,Константинов Остромир Давыдович,3361 529893,"с. Кыштым, пр. Алтайский, д. 9/1, 815712",80150713806
570,Иосиф Антипович Суворов,3529 178463,"г. Барнаул, наб. Томская, д. 5/4 к. 3/2, 009625",8 (857) 669-4703
571,Иванов Мариан Герасимович,8692 919488,"п. Саранск, ш. Николаева, д. 7/3 к. 259, 270004",8 661 459 01 10
572,Святослав Фролович Ильин,5342 455007,"г. Кузнецк, алл. Профсоюзная, д. 1 стр. 4, 520499",8 (094) 976-9873
573,Лазарева Октябрина Эдуардовна,7512 781403,"ст. Псков, пер. Гагарина, д. 266 к. 83, 077943",+7 (256) 238-9949
574,Андреева Эмилия Петровна,2315 993140,"клх Кулунда, пр. Кленовый, д. 137, 821160",+7 (041) 813-59-98
575,Доронина Фаина Петровна,6383 993744,"г. Саянск, бул. Толбухина, д. 9, 186448",+7 (217) 588-39-78
576,Автоном Всеволодович Семенов,9742 498468,"д. Баргузин, пр. Суворова, д. 2/3 к. 26, 961128",8 (942) 968-82-76
577,Агафонова Ольга Альбертовна,6188 757246,"д. Новокузнецк, бул. Пригородный, д. 2, 156078",+7 (274) 883-5651
578,Оксана Харитоновна Лаврентьева,8994 667296,"к. Балтийск, пр. Запорожский, д. 7/9 стр. 74, 478421",8 (028) 516-22-59
579,Надежда Игоревна Потапова,1588 747453,"д. Хужир, наб. Ушакова, д. 19, 246728",8 (991) 609-11-41
580,Никонов Вениамин Денисович,2121 346174,"ст. Карабулак, пр. Олимпийский, д. 83 стр. 1/6, 304588",+7 650 254 47 24
581,Белов Пахом Жоресович,5708 338536,"клх Льгов, ул. Баумана, д. 2/8 к. 2/9, 498980",8 (806) 782-1417
582,Софрон Бориславович Устинов,2480 555052,"д. Кабанск, бул. Достоевского, д. 9 к. 9/4, 987486",84155945011
583,Молчанова Фёкла Геннадиевна,2612 897305,"к. Котельнич, пр. Красный, д. 2 стр. 771, 398863",8 536 218 94 55
584,Щербакова Пелагея Александровна,2646 565230,"д. Хоста, ш. Геологическое, д. 9 к. 3, 466489",8 676 056 42 04
585,Михаил Эдгардович Симонов,3725 827712,"д. Арсеньев, пр. Свердлова, д. 4 стр. 18, 235466",+7 (265) 401-65-99
586,Аполлинарий Августович Шубин,5906 130353,"ст. Казань, алл. Деповская, д. 3, 677462",8 916 011 2411
587,Сила Димитриевич Лукин,1753 440131,"г. Уварово, ул. Монтажников, д. 8/8, 312995",8 (047) 264-26-12
588,Русакова Глафира Альбертовна,1919 407618,"п. Сосьва (Хант.), алл. Парижской Коммуны, д. 7 к. 678, 548242",+7 838 545 40 06
589,Модест Ермилович Кулагин,6873 493049,"клх Домбай, ш. Магистральное, д. 323, 489791",8 (763) 342-72-03
590,Тамара Тарасовна Щербакова,8056 252640,"с. Новгород Великий, ул. Транспортная, д. 496 стр. 445, 693588",+7 (493) 534-00-18
591,Уваров Николай Феоктистович,5000 656968,"д. Бомнак, наб. Коллективная, д. 5 к. 6, 460838",8 179 937 8105
592,Кириллов Владилен Виленович,7751 693418,"ст. Углич, пр. Шмидта, д. 19 стр. 6, 927147",+7 (463) 019-86-42
593,Елизар Давидович Капустин,3950 278240,"д. Клин, пер. Пушкинский, д. 91, 062932",8 (809) 832-2101
594,Данилов Демид Ааронович,3868 182804,"клх Троицк (Челяб.), пр. Блюхера, д. 2/1 к. 989, 610814",+7 (561) 403-8453
595,Михайлова Феврония Степановна,7267 749813,"к. Раменское, бул. Придорожный, д. 55 стр. 6/2, 030762",+7 545 967 1500
596,Никита Федосьевич Федотов,4945 621841,"г. Палана, наб. Дальняя, д. 134 к. 9/6, 699497",+7 890 583 6683
597,Вячеслав Матвеевич Лукин,3344 343467,"с. Шереметьево, ш. Пионерское, д. 78 к. 878, 505962",8 719 760 9320
598,Василиса Оскаровна Бобылева,8555 768891,"ст. Яхрома, пер. Технический, д. 1/5 стр. 680, 175585",+7 777 412 74 69
599,Воробьев Валерий Виленович,5161 581894,"д. Чулым, алл. Спартака, д. 3 к. 82, 891704",8 421 854 5705
600,Силантий Валерьянович Смирнов,5183 799233,"ст. Ноябрьск, ш. Советское, д. 701 к. 75, 072324",8 (282) 895-40-01
601,Софрон Гавриилович Сорокин,1153 943718,"п. Верхотурье, пр. Станционный, д. 9/6, 710580",+7 195 092 71 15
602,Федоров Аникей Иосипович,8622 401603,"г. Химки, алл. Московская, д. 771, 007418",84854329876
603,Дроздова Екатерина Наумовна,9955 265649,"д. Красноуфимск, пр. Пограничный, д. 2/9 к. 47, 813104",8 025 896 3217
604,Екатерина Михайловна Быкова,2210 563187,"к. Екатеринбург, пер. Таежный, д. 5/9 к. 1/7, 398344",8 (838) 425-3646
605,София Альбертовна Суханова,6661 716113,"с. Сасово, бул. Березовый, д. 6/8 к. 6, 562392",+7 908 551 0740
606,Моисеева Валентина Евгеньевна,5901 769975,"г. Славянск-на-Кубани, пр. Кубанский, д. 525 стр. 7/1, 206953",8 412 012 2759
607,Аристарх Августович Яковлев,7951 823846,"г. Моршанск, наб. Прибрежная, д. 55, 950740",8 (173) 279-80-59
608,Носкова Алевтина Евгеньевна,5097 579027,"г. Палана, бул. Полтавский, д. 1 к. 29, 452036",+7 894 118 4913
609,тов. Бобылева Эмилия Юрьевна,5949 308894,"к. Корсаков, бул. 50 лет Октября, д. 60 к. 2/1, 679900",8 968 018 67 74
610,Игнатов Иларион Харлампович,7302 994787,"клх Кежма, алл. Рязанская, д. 6 стр. 10, 776255",+7 325 017 3654
611,Карпов Доброслав Ермилович,8916 211834,"д. Красноселькуп, пер. Транспортный, д. 39, 345110",+7 906 053 0886
612,Николаева Агафья Владиславовна,4886 499889,"с. Палана, алл. Геологическая, д. 845 к. 9, 592129",86426033620
613,Вероника Робертовна Фомина,6881 702733,"г. Краснотурьинск, пр. Восточный, д. 80 к. 315, 802362",+7 921 581 89 70
614,Воронцова Антонина Оскаровна,5847 833247,"д. Сальск, пер. Попова, д. 9, 959772",+7 688 005 37 89
615,Ангелина Тимуровна Мельникова,5837 123005,"п. Тимашевск, наб. Чехова, д. 318 к. 37, 028394",8 (232) 204-1447
616,Екатерина Владимировна Стрелкова,7484 387813,"с. Новосибирск, пер. Привольный, д. 320 стр. 530, 322775",+7 (135) 302-81-65
617,Надежда Ждановна Афанасьева,1132 693419,"клх Березники, бул. Камский, д. 8/8 к. 7, 983210",+7 (916) 174-69-02
618,Пестова Светлана Даниловна,1803 735863,"к. Котлас, пер. Томский, д. 796 стр. 22, 167080",8 685 667 0636
619,Анжелика Филипповна Копылова,9138 973294,"к. Билибино, пер. Лунный, д. 5 к. 776, 493396",8 049 627 3226
620,Бобылев Викторин Афанасьевич,5689 913423,"к. Кашхатау, бул. Болотный, д. 9 к. 5, 188087",89196234199
621,Белоусова Елена Геннадьевна,4770 736553,"п. Лесной (Сверд.), алл. Нефтяников, д. 458 к. 53, 031158",8 (605) 457-69-47
622,Радован Трифонович Сафонов,6772 329642,"п. Новочеркасск, пр. Степана Разина, д. 5/7, 986163",+72125450809
623,Ян Ефремович Панфилов,4115 751051,"п. Петрозаводск, алл. Энергетиков, д. 7 стр. 5/8, 130742",+7 (591) 426-1404
624,Логинова Евпраксия Ефимовна,5106 810687,"ст. Гдов, ш. Крупской, д. 4 к. 779, 731008",+7 785 221 15 87
625,Тетерин Федосий Елисеевич,3240 758765,"п. Новый Уренгой, наб. Смоленская, д. 9/8 стр. 5, 017320",8 (652) 377-7296
626,Любомир Устинович Пономарев,2591 757937,"г. Вязьма, ул. Шоссейная, д. 3 к. 9/2, 558000",+7 (722) 142-57-31
627,Эрнест Ефимьевич Данилов,1645 423939,"ст. Пермь, ш. Дальнее, д. 3/1 стр. 41, 955286",+7 (092) 973-52-59
628,Ермил Данилович Куликов,8222 134985,"клх Саров (Морд.), бул. Окружной, д. 50, 735323",8 618 507 61 08
629,Алина Степановна Герасимова,6977 867934,"ст. Горно-Алтайск, ш. Аэродромное, д. 16 стр. 207, 615838",8 (217) 648-4673
630,Каллистрат Васильевич Куликов,3153 194511,"клх Елабуга, алл. Тукая, д. 519, 258922",+7 (560) 629-53-50
631,Зинаида Романовна Князева,5835 442589,"ст. Галич, ул. Городская, д. 8/5 стр. 830, 384185",+7 (013) 626-08-46
632,Никонов Савватий Иосифович,7807 284171,"к. Кяхта, ул. Коммунаров, д. 5 к. 621, 641195",8 640 919 6939
633,Трофим Эдуардович Ефимов,4289 238579,"с. Абакан, ул. Прудная, д. 36, 197121",+7 (413) 936-96-78
634,Панова Милица Антоновна,9837 483629,"г. Забайкальск, пр. Леваневского, д. 31 к. 77, 759889",8 (865) 339-43-19
635,Мамонтов Наум Игнатович,9697 626169,"г. Тобольск, бул. Герцена, д. 23 стр. 30, 915057",8 449 747 00 02
636,Феликс Фомич Афанасьев,5465 970813,"д. Салават, пр. Строителей, д. 8/5 к. 763, 604500",8 355 373 09 64
637,Горбачева Евгения Рубеновна,3695 369452,"г. Ханты-Мансийск, наб. Болотная, д. 4/6 стр. 60, 025512",8 (276) 364-3159
638,Станислав Игнатьевич Костин,8894 945664,"к. Псебай, пр. Покровский, д. 6 стр. 5, 441491",8 999 393 44 97
639,Фирс Егорович Шашков,5835 882824,"г. Тула, ш. Ярославское, д. 13 стр. 9, 297398",8 (941) 321-0972
640,Захаров Викентий Харлампович,6549 943298,"к. Малоярославец, наб. Тупиковая, д. 7 стр. 6, 922030",+7 449 646 1293
641,Бирюкова Алевтина Вениаминовна,2886 591081,"п. Галич, бул. Кочубея, д. 7, 896359",8 708 619 9314
642,Жданова Клавдия Георгиевна,2233 247594,"с. Осташков, ул. Станционная, д. 98, 034236",+7 (203) 347-42-46
643,Киселев Адам Ефимьевич,4696 809176,"клх Челюскин, пер. Димитрова, д. 608 к. 59, 902177",+71743043502
644,Евсеев Михей Анисимович,7511 986827,"ст. Устюжна, наб. Челюскинцев, д. 6/3 стр. 6/3, 328293",+7 202 569 1330
645,Поляков Евстафий Димитриевич,6992 194689,"с. Борзя, бул. Красногвардейский, д. 8/6 стр. 376, 995530",+7 (453) 012-39-84
646,Глафира Егоровна Новикова,7464 114594,"клх Гусь-Хрустальный, алл. Чапаева, д. 2/1, 722240",8 076 487 1775
647,Надежда Борисовна Ефремова,5332 662636,"г. Орск, бул. Моховой, д. 3/8 к. 95, 225909",8 668 448 2373
648,Савельева Ульяна Анатольевна,3024 576877,"п. Вендинга, ул. Виноградная, д. 9/1, 586901",8 (074) 039-25-19
649,Юлия Ждановна Шубина,7038 805511,"д. Мончегорск, ш. Рябиновое, д. 2/3 стр. 82, 433872",+7 (054) 221-62-65
650,Осипова Феврония Мироновна,5295 712955,"клх Абинск, пер. Привольный, д. 54 стр. 8, 488789",85047020596
651,Любовь Анатольевна Костина,7242 962367,"ст. Северобайкальск, наб. Саратовская, д. 7/4 к. 69, 342777",8 225 920 6165
652,Баранова Элеонора Валентиновна,7086 213609,"д. Ербогачен, пер. Февральский, д. 715, 029559",8 363 726 29 42
653,Мельников Афиноген Игнатьевич,4830 594379,"клх Усть-Илимск, ул. Омская, д. 41 к. 904, 211221",+7 (154) 815-82-68
654,Сигизмунд Трифонович Петухов,1410 749641,"ст. Череповец, пер. Энгельса, д. 9, 644200",8 298 778 73 58
655,Никанор Трифонович Бобров,6374 739717,"ст. Глазов, пр. Карьерный, д. 34 стр. 792, 213204",+7 042 948 31 47
656,Татьяна Вадимовна Тарасова,4626 779112,"п. Плесецк, пер. Литейный, д. 428 стр. 180, 666020",+7 053 285 3863
657,Агата Леонидовна Евдокимова,2035 766269,"ст. Инта, алл. Белорусская, д. 358 к. 3/1, 768627",8 332 838 96 33
658,Надежда Артемовна Селезнева,8606 835132,"клх Уренгой, алл. Розы Люксембург, д. 2/4 к. 9/5, 013282",+7 (392) 188-3527
659,Артемьева Ангелина Станиславовна,5951 780776,"клх Андреаполь, пр. 8-е Марта, д. 2/1 к. 6/3, 881431",82797617815
660,Наина Харитоновна Красильникова,7689 222343,"к. Талдом, бул. Северный, д. 76, 686295",81257349899
661,Галина Львовна Большакова,3290 147549,"клх Салават, бул. Зеленый, д. 5/3 стр. 874, 966941",8 (996) 708-08-97
662,Сергей Дмитриевич Шилов,1609 419149,"с. Кыштым, пер. Каштановый, д. 2, 734785",+7 (698) 816-4980
663,Лука Августович Вишняков,9071 221761,"г. Муром, ул. Речная, д. 36, 066489",+7 082 484 5813
664,Шашков Тимур Геннадиевич,2592 346205,"с. Мезень, ш. Азовское, д. 5/2 стр. 7, 027500",+7 305 661 9953
665,Меркушев Мирон Терентьевич,9807 242254,"д. Кудымкар, алл. Бабушкина, д. 7 стр. 1/9, 018726",+7 013 651 0344
666,Ипполит Васильевич Моисеев,7367 575679,"с. Кызыл, наб. Челюскинцев, д. 6/3 стр. 1, 221559",86725622219
667,Фролов Ермолай Ерофеевич,7078 803055,"к. Тамбей, пр. 30 лет Победы, д. 9 к. 6, 939652",+7 383 507 12 45
668,Рябова Валентина Викторовна,9850 539486,"клх Красная Поляна, алл. Брянская, д. 417 к. 87, 648839",8 855 852 2942
669,Коновалова Вера Кузьминична,3531 535037,"г. Тверь, пр. Жукова, д. 171 к. 1, 549147",8 (447) 353-52-47
670,Кира Вадимовна Щукина,2622 974190,"к. Челябинск, бул. Высоцкого, д. 54 к. 60, 788033",+7 836 113 38 92
671,Андрей Якубович Мухин,9017 745558,"к. Ивдель, пер. Шишкина, д. 50 к. 3/6, 521746",8 353 780 1891
672,Самсон Геннадиевич Калинин,7686 393328,"с. Верхний Баскунчак, пр. Азина, д. 3/7 стр. 443, 299946",8 450 999 90 01
673,Кириллов Фадей Измаилович,1536 823811,"д. Анадырь, алл. 50 лет Октября, д. 21 стр. 9/5, 246488",+79979572857
674,Филимон Иларионович Симонов,7070 327823,"ст. Чулым, алл. Волгоградская, д. 879, 248839",8 (170) 598-44-51
675,Евфросиния Олеговна Чернова,8264 566297,"д. Воронеж, алл. Тамбовская, д. 938, 681193",87814590099
676,Сергеева Валентина Павловна,4868 997004,"к. Моздок, пер. Шмидта, д. 4/4, 158807",+7 532 601 1939
677,Крылов Твердислав Валерьянович,6942 204180,"п. Можга, ул. Петровская, д. 1/1 к. 9, 810450",+7 (437) 361-58-73
678,Олег Викентьевич Фомичев,7018 670913,"п. Нижнекамск, бул. Юности, д. 63 стр. 19, 585615",+77315663979
679,Коновалов Виктор Бориславович,6876 163491,"п. Палана, пер. Западный, д. 48 стр. 8/3, 028966",8 053 428 16 44
680,Крюков Остромир Артемьевич,7523 389282,"д. Славгород, бул. Логовой, д. 9 к. 7, 051038",8 (027) 304-2763
681,Симон Бориславович Белоусов,4109 228093,"с. Гатчина, ш. Угловое, д. 4 стр. 196, 764909",+7 (288) 498-74-55
682,Крюков Изот Игнатович,8450 196126,"ст. Сусуман, пр. Физкультурный, д. 70, 164034",+7 (988) 187-3877
683,Ефимова Раиса Дмитриевна,4475 772875,"с. Листвянка (Иркут.), пр. Луговой, д. 2 к. 10, 538602",8 (262) 542-0412
684,Елизавета Артемовна Костина,1349 153035,"с. Славгород, ул. Флотская, д. 2, 079419",+7 (245) 381-0979
685,Гаврила Викторович Ситников,6464 355400,"г. Черусти, бул. Шишкина, д. 56 стр. 4/3, 517422",+70432611890
686,Тимофеев Наум Феликсович,3063 925206,"п. Белогорск (Амур.), ул. Учительская, д. 8/3 к. 120, 366219",8 368 900 5779
687,Аристарх Богданович Горшков,4362 171942,"к. Уэлен, ул. Кочубея, д. 89, 307221",+7 386 908 71 67
688,Ковалев Аким Димитриевич,4394 714867,"клх Подольск, пр. Заозерный, д. 28, 074436",+7 234 422 5216
689,Александров Дмитрий Гордеевич,4538 952547,"п. Анадырь, наб. Маяковского, д. 8/3 стр. 1/4, 655132",8 (617) 948-02-45
690,Людмила Харитоновна Потапова,4817 444519,"с. Ахтубинск, ул. Веселая, д. 258, 686498",8 478 686 23 76
691,г-жа Овчинникова Светлана Ивановна,3417 926952,"к. Апшеронск, бул. Камский, д. 9/2 стр. 890, 992164",+7 069 836 9235
692,Ирина Тимофеевна Федотова,1046 390743,"с. Аша, алл. Пригородная, д. 99 стр. 6/5, 220212",+7 (720) 550-3300
693,Хохлов Спартак Матвеевич,3370 236306,"клх Печенга, алл. Заозерная, д. 908 к. 214, 009169",+7 (327) 379-89-79
694,Кузнецов Тит Игоревич,9850 362829,"ст. Усолье Сибирское, пр. Отрадный, д. 4/1 к. 909, 336113",8 (118) 151-98-54
695,Вячеслав Ефстафьевич Алексеев,3858 215266,"клх Крымск, ул. Верхняя, д. 4 стр. 4, 660756",89944946672
696,Белова Анастасия Тимуровна,1422 238205,"клх Амурск, бул. Социалистический, д. 42, 940262",+7 858 174 5273
697,Людмила Георгиевна Тихонова,1243 475644,"п. Нефедова, ул. Октябрьская, д. 2 к. 29, 851816",+7 255 904 61 00
698,Дементий Гурьевич Павлов,4898 717457,"с. Апшеронск, ул. Полярная, д. 38, 101232",86151204850
699,тов. Кудряшов Любосмысл Давидович,6304 116547,"с. Баргузин, бул. Тепличный, д. 77 к. 74, 191530",8 734 724 3586
700,Исаков Творимир Власович,3854 378258,"ст. Вологда, бул. Подлесный, д. 3/7 стр. 1/9, 665622",+71976878494
701,Болеслав Владиленович Савин,1858 232915,"к. Амдерма, пр. Приозерный, д. 9, 422354",+7 (404) 668-2121
702,Пимен Димитриевич Елисеев,7897 651640,"к. Красноуральск, ш. Коллективное, д. 564 стр. 811, 881827",+7 (063) 435-9488
703,Ангелина Станиславовна Михеева,2862 881886,"д. Апрелевка, пр. Большевистский, д. 251 к. 321, 434123",+7 160 498 6037
704,Кулаков Силантий Теймуразович,2041 599380,"п. Жуковский, бул. Проезжий, д. 997, 114003",+77131719786
705,Дементьев Василий Терентьевич,8344 915809,"клх Югорск, бул. 9 мая, д. 2, 785501",+7 375 358 21 07
706,Тамара Станиславовна Ларионова,6931 638169,"с. Джейрах, пер. Весенний, д. 27 к. 2/7, 881972",+7 (399) 647-71-83
707,Зосима Анатольевич Третьяков,2786 573962,"г. Истра, пер. Пионерский, д. 6 к. 9/1, 244323",8 221 690 69 68
708,Ратибор Дорофеевич Афанасьев,9254 332311,"с. Саров (Морд.), бул. 70 лет Октября, д. 269 стр. 69, 150164",+7 (610) 703-35-08
709,Галина Ильинична Якушева,1710 862569,"д. Углич, пер. Болотный, д. 9, 813004",+7 691 053 02 15
710,Марина Руслановна Молчанова,9543 416282,"клх Любань, бул. Владимирский, д. 69 к. 94, 105014",8 (642) 789-61-57
711,Мартын Захарьевич Кононов,8504 774591,"д. Бузулук, пр. Ворошилова, д. 623 к. 9/2, 542609",8 (236) 024-46-54
712,Роман Фролович Баранов,1510 163780,"г. Саратов, ул. Бажова, д. 90, 156478",+7 (703) 175-4380
713,Нинель Кирилловна Бирюкова,8847 988456,"д. Мураши, пр. Байкальский, д. 1/3 стр. 55, 862728",8 (407) 664-2076
714,Баранова Ольга Афанасьевна,7580 546980,"п. Уссурийск, пр. Марта 8, д. 35 к. 78, 906048",8 (693) 205-5340
715,Александр Виленович Мухин,2768 614084,"клх Великий Устюг, пер. Химиков, д. 5/1 к. 4, 670789",8 (755) 426-19-03
716,Светлана Захаровна Куликова,8267 177060,"п. Печенга, ш. Мельничное, д. 4/3 стр. 322, 111757",8 917 162 04 29
717,Маргарита Вадимовна Дмитриева,2323 437758,"д. Усть-Калманка, ул. Грибоедова, д. 71, 392202",8 980 142 64 71
718,Некрасов Аким Артёмович,3430 168872,"ст. Ангарск, ш. Тихое, д. 4/8, 500493",+7 (267) 244-6931
719,Нинель Валериевна Воронцова,3067 388375,"с. Кондопога, ул. Минская, д. 565 стр. 925, 193932",8 (272) 812-91-63
720,Анисим Ефимович Туров,9984 846746,"п. Руза, пр. Докучаева, д. 6/3 стр. 3/9, 539749",85070886406
721,Майя Наумовна Сазонова,6327 499407,"г. Усинск, бул. Пушкинский, д. 19, 215439",+7 448 909 3225
722,Зинаида Григорьевна Захарова,9692 409222,"п. Новороссийка, ул. Сенная, д. 6, 019354",8 036 988 8439
723,Носов Иннокентий Георгиевич,8433 630108,"ст. Котельнич, алл. Кузнецова, д. 90 к. 959, 124412",80759659992
724,Варвара Вениаминовна Николаева,8048 203996,"п. Буденновск, пр. Некрасова, д. 5 к. 11, 294193",8 (591) 922-67-13
725,Давыдов Игнатий Трифонович,2874 994217,"ст. Кызыл, наб. Короткая, д. 5/7 к. 720, 730099",+7 (845) 240-32-11
726,Иван Игнатович Казаков,4522 550961,"г. Курумкан, бул. Кленовый, д. 591, 087797",+7 (479) 254-22-18
727,Рогова Зоя Леонидовна,8398 339592,"клх Алагир, ш. Клары Цеткин, д. 1/7 к. 7/4, 329986",8 159 025 7846
728,Спиридон Игнатьевич Калашников,7779 455395,"ст. Урай, ш. Ломоносова, д. 8/3, 208467",+7 (925) 435-51-96
729,Яковлев Дементий Гавриилович,8430 518098,"ст. Воскресенск, алл. К.Маркса, д. 3/5 стр. 3/9, 394201",+7 (234) 149-92-90
730,Элеонора Николаевна Карпова,7815 865054,"г. Данков, пр. Советский, д. 6 к. 795, 217400",+7 (910) 193-3538
731,Кузьмина Галина Кузьминична,2557 427730,"г. Чулым, пр. Садовый, д. 960, 770564",8 160 762 64 38
732,Казакова Агафья Андреевна,7992 427704,"с. Иваново, наб. Олега Кошевого, д. 376, 133610",84416423165
733,Константин Валентинович Фомичев,5176 492483,"п. Слюдянка, бул. Коминтерна, д. 8 к. 1/7, 494290",+76175518870
734,тов. Орехова Эмилия Феликсовна,3500 820184,"к. Ишим, алл. Лунная, д. 57, 417234",8 653 869 4790
735,Уваров Куприян Исидорович,8770 170394,"ст. Джейрах, пер. Дачный, д. 8 к. 93, 410095",+7 (855) 742-1643
736,Харлампий Аверьянович Щукин,2494 972176,"с. Тында, наб. Войкова, д. 747, 437884",+73706618756
737,Павел Фролович Титов,2398 197758,"с. Усть-Калманка, наб. Строителей, д. 985, 027729",+7 084 507 86 04
738,Майя Наумовна Ситникова,8075 201255,"к. Ахтубинск, бул. Покровский, д. 5/7, 306773",+7 671 822 2667
739,Ирина Артемовна Горбачева,7105 951201,"д. Терскол, наб. Красноярская, д. 1 к. 8/4, 342898",8 (605) 504-92-21
740,Семенова Иванна Федоровна,3131 683397,"д. Петушки, бул. Азина, д. 466 стр. 20, 290739",82891982718
741,Филатов Любомир Гертрудович,1982 714953,"г. Серов, ул. Олега Кошевого, д. 5 стр. 56, 039831",+7 (549) 014-5996
742,Натан Вячеславович Голубев,6400 802559,"п. Агата, наб. Тополиная, д. 4 к. 4, 217816",8 (806) 643-15-89
743,Алла Борисовна Щербакова,3002 530764,"ст. Тихорецк, наб. Молодежная, д. 17, 709264",+7 703 088 0817
744,Алексеев Стоян Владленович,6793 797660,"клх Майкоп, ш. Энгельса, д. 307 к. 3, 411680",8 919 612 76 62
745,Морозов Тарас Венедиктович,7929 856086,"д. Голицыно, ул. Ягодная, д. 4/5 к. 5, 596245",8 (701) 204-2425
746,Кириллов Адам Бенедиктович,1842 401601,"с. Ногинск (Моск.), ул. Казанская, д. 8, 039670",+7 (436) 524-05-53
747,Родионова Зоя Сергеевна,6119 468727,"ст. Нурлат, бул. Юбилейный, д. 56 к. 61, 738546",8 232 360 66 79
748,Светлана Наумовна Боброва,2697 705991,"к. Черемхово, пер. Водников, д. 12 к. 3, 226992",+7 666 179 9623
749,Марина Юрьевна Капустина,9313 323072,"п. Москва, бул. Беляева, д. 9/9 стр. 8/8, 560413",+78208493153
750,Кононова Евдокия Эльдаровна,3535 788637,"п. Печенга, ул. Новая, д. 144, 629143",+7 491 341 0389
751,г-н Мясников Тихон Харитонович,8900 335137,"д. Элиста, пр. Чернышевского, д. 5/3 стр. 14, 920823",8 309 766 9194
752,Орехова Милица Владимировна,2773 467121,"с. Тында, ул. Кольцевая, д. 6/4, 796618",8 957 240 43 47
753,Гремислав Жоресович Цветков,7022 220465,"с. Южно-Сахалинск, ш. Черемушки, д. 800 к. 8/4, 175036",+7 920 259 99 19
754,Трофимов Евлампий Глебович,5564 701987,"п. Макушино, алл. Кирова, д. 5 стр. 5/9, 476078",8 235 107 65 19
755,Воронов Ананий Ильясович,4705 946432,"клх Коломна, алл. Белинского, д. 745 стр. 14, 858055",8 (115) 744-9653
756,Андреева Марфа Альбертовна,8030 986209,"г. Белогорск (Амур.), ул. Высоковольтная, д. 545 к. 184, 982218",+7 396 620 3858
757,Зимина Ирина Архиповна,1430 738577,"п. Павловский Посад, алл. Титова, д. 764 к. 43, 623039",8 (440) 880-67-08
758,Елисеева Тамара Романовна,5381 130359,"г. Геленджик, бул. Звездный, д. 4 стр. 313, 611584",8 (580) 526-3211
759,Маслова Александра Кирилловна,3955 386544,"п. Анапа, алл. Чайкиной, д. 577 к. 5, 708231",8 (146) 199-53-94
760,Святослав Терентьевич Исаков,6062 456331,"п. Кош-Агач, бул. Менделеева, д. 153 к. 26, 025787",+7 368 605 0630
761,Изяслав Феодосьевич Никонов,6751 106402,"г. Губкинский, пер. Базарный, д. 5/1 стр. 103, 203025",+7 (094) 523-75-97
762,Громова Елизавета Вадимовна,3972 250210,"г. Белгород, бул. Парижской Коммуны, д. 627 стр. 5/6, 492054",8 (944) 538-1180
763,Ковалева Таисия Эльдаровна,7566 172965,"клх Нижнеудинск, алл. Дальневосточная, д. 6 стр. 7/3, 952179",8 (056) 603-61-62
764,Панфил Аксёнович Третьяков,3324 876962,"с. Елатьма, пр. Юбилейный, д. 63 к. 658, 153017",+7 (167) 156-0587
765,Давыдова Василиса Вячеславовна,1502 196214,"г. Карталы, пер. Энгельса, д. 8, 064531",8 790 571 9189
766,Кудряшова Клавдия Ниловна,9691 325583,"к. Осташков, пер. Белорусский, д. 85, 876805",8 (023) 771-84-30
767,Антонина Феликсовна Герасимова,7163 540226,"д. Новосибирск, пр. Тульский, д. 33 к. 4/3, 964402",8 (253) 267-6992
768,Порфирий Харламович Русаков,8432 457455,"п. Тырныауз, бул. Малый, д. 323 к. 591, 169332",8 (442) 347-1998
769,Кошелев Авксентий Харлампьевич,3578 488028,"ст. Вендинга, ш. Угольное, д. 3 к. 1/8, 699913",8 (310) 064-3322
770,Нина Владиславовна Сысоева,6105 856648,"с. Снежинск, алл. Одесская, д. 168 к. 7/5, 070385",+7 360 595 2984
771,Дмитриев Борислав Алексеевич,6314 914571,"клх Белорецк, пр. Просторный, д. 667, 676259",+7 620 036 3856
772,Иванна Наумовна Артемьева,2391 155164,"д. Северобайкальск, наб. Вахитова, д. 91 к. 89, 914986",+7 995 504 9326
773,Нина Кирилловна Рябова,3549 265056,"клх Кизел, наб. Революции, д. 321 стр. 515, 340012",8 (622) 398-47-42
774,Галина Львовна Афанасьева,1815 806707,"г. Токма, пер. Малый, д. 83 стр. 1/6, 168061",+7 (495) 647-9984
775,Любосмысл Якубович Котов,2336 385320,"д. Оса, бул. Тульский, д. 397, 610809",+7 (616) 620-16-55
776,Нонна Сергеевна Исакова,8259 794093,"с. Троицк (Моск.), наб. Чернышевского, д. 8 к. 2, 476400",+7 687 586 8240
777,Павел Тарасович Казаков,7947 609253,"г. Елатьма, наб. Дружбы, д. 2, 402338",8 860 835 70 17
778,Николаев Осип Георгиевич,8242 534303,"ст. Курильск, алл. Морозова, д. 620, 898309",+71349096197
779,Беспалова Ульяна Рудольфовна,5475 326040,"к. Елабуга, наб. Рябиновая, д. 75 стр. 9, 450735",8 748 095 73 94
780,Белозерова Лукия Харитоновна,9394 219346,"клх Рыльск, алл. Сплавная, д. 3, 315892",8 849 073 4203
781,Кононов Потап Фокич,6655 550797,"д. Сальск, наб. Нефтяников, д. 941 к. 5/9, 308829",8 868 419 6233
782,Рожков Пахом Аксёнович,2816 397005,"клх Юрьевец (Иван.), алл. Высоцкого, д. 8/5 к. 81, 066293",+7 518 178 82 42
783,Майя Львовна Воронцова,8972 652530,"д. Уссурийск, ш. Солнечное, д. 3/4 стр. 37, 717989",+7 223 790 0654
784,София Петровна Павлова,6053 147623,"с. Челябинск, бул. Большевистский, д. 876 к. 6, 981889",+7 737 815 9157
785,Наумова Фаина Кузьминична,4612 514463,"п. Пинега, алл. З.Космодемьянской, д. 9 стр. 7/4, 207612",+7 (961) 219-0518
786,София Болеславовна Степанова,1897 108060,"д. Данков, бул. Восьмого Марта, д. 166, 079237",+7 (982) 689-33-48
787,Якушева Нина Кузьминична,4349 416061,"п. Моздок, пр. Папанина, д. 8, 833557",+7 773 123 1555
788,Федосеева Лариса Павловна,4460 904624,"п. Вилюйск, пр. Минский, д. 5 стр. 1, 588311",+71470123503
789,Прокл Валентинович Большаков,3248 901280,"клх Ачинск, бул. Бабушкина, д. 8/9 стр. 523, 568446",8 (940) 366-40-16
790,Кузьмин Юлий Жоресович,5186 403507,"ст. Тамбей, бул. Снежный, д. 859 стр. 8, 927318",8 830 291 58 54
791,Бирюкова Елизавета Евгеньевна,6375 225812,"г. Оймякон, наб. Верхняя, д. 5 стр. 79, 073446",8 (462) 159-58-41
792,Пелагея Ивановна Гришина,1126 621546,"г. Саратов, наб. Полевая, д. 22, 698141",+7 (447) 609-4837
793,Ия Алексеевна Зиновьева,8055 284229,"д. Пинега, бул. Тульский, д. 30 к. 6/1, 218366",8 (719) 666-61-02
794,тов. Фомичева Жанна Игоревна,3116 498676,"п. Губкин, бул. Проточный, д. 9, 137683",8 759 017 79 15
795,Антонов Кирилл Трофимович,9725 837852,"к. Арзамас, алл. Ульяновская, д. 25 стр. 5/7, 642601",8 (637) 263-1995
796,Носкова Марина Юрьевна,4770 624563,"д. Ербогачен, алл. Вахитова, д. 7/5 стр. 149, 385025",8 134 448 6722
797,Белякова Елизавета Филипповна,6802 175576,"с. Комсомольск-на-Амуре, ул. Калужская, д. 5, 157493",+7 (511) 497-88-79
798,Екатерина Афанасьевна Кузьмина,7505 878086,"г. Черкесск, наб. Петровская, д. 8/7 к. 2/9, 085800",+7 873 143 91 51
799,Зоя Евгеньевна Горбунова,1693 557409,"п. Яхрома, ш. Пионерское, д. 9/2, 109685",8 425 706 80 26
800,Евпраксия Ефимовна Стрелкова,1307 582087,"к. Инта, бул. Привольный, д. 160 стр. 13, 865505",+7 (241) 142-06-67
801,Веселов Афиноген Дмитриевич,2275 428267,"г. Владивосток, пр. Ленский, д. 38 к. 32, 005392",+7 (205) 620-19-01
802,Никитин Исай Ефремович,8033 701253,"д. Вологда, алл. Локомотивная, д. 3, 132394",8 645 234 2864
803,Клавдия Юрьевна Зуева,7626 843963,"п. Кулунда, пер. Парижской Коммуны, д. 4/5 стр. 60, 677349",8 (529) 735-6152
804,тов. Фомина Лора Феликсовна,7843 403578,"с. Охотск, наб. Лазурная, д. 796, 147533",8 952 474 66 53
805,Феликс Устинович Гусев,2887 524707,"п. Льгов, бул. Коминтерна, д. 3/5, 571276",+7 (835) 434-6858
806,Зинаида Филипповна Козлова,1341 440544,"с. Углич, наб. Чайкиной, д. 99, 615381",+7 683 710 30 73
807,Натан Ануфриевич Воронов,3815 940247,"г. Кызыл, пер. Олега Кошевого, д. 9/1 стр. 56, 121463",84762542926
808,Кира Макаровна Ситникова,8538 972442,"ст. Калевала, ул. Бажова, д. 59 стр. 536, 126649",8 (196) 706-83-35
809,Макаров Амос Бориславович,6928 192410,"п. Нижнеудинск, ул. Торговая, д. 4/5 стр. 413, 443767",+7 (481) 409-8410
810,Нина Святославовна Моисеева,8155 985506,"г. Красногорск (Моск.), ул. Крайняя, д. 1/5 стр. 500, 028866",+7 680 199 03 42
811,Сазонов Евстигней Дорофеевич,2734 355135,"д. Кудымкар, ул. Санаторная, д. 4, 607917",81386015711
812,Валерия Григорьевна Шашкова,8138 717476,"д. Миллерово, алл. Лермонтова, д. 1/3, 411287",+75271936785
813,тов. Самойлов Пахом Геннадиевич,7560 649414,"д. Валаам, бул. Тюленина, д. 2, 194232",+7 540 131 53 50
814,Пимен Гаврилович Колесников,2288 514991,"д. Краснокамск, наб. Славянская, д. 3 к. 5/2, 254717",88994885669
815,Филарет Гурьевич Павлов,6083 882033,"г. Чокурдах, бул. 50 лет Октября, д. 8/6 стр. 4/6, 842271",8 (266) 256-50-46
816,Олимпиада Архиповна Нестерова,6562 332335,"к. Кырен, ш. Минское, д. 768, 408710",+7 668 904 1728
817,Воронов Орест Власович,6456 916964,"г. Нижний Новгород, алл. Казачья, д. 92 стр. 32, 408475",+7 (835) 999-40-04
818,Владимиров Фадей Евстигнеевич,3754 180089,"п. Объячево, бул. Пограничный, д. 15, 357228",82064157809
819,Светлана Егоровна Новикова,9363 763984,"ст. Брянск, наб. Кузнечная, д. 6, 419528",+7 447 867 42 80
820,Носков Сократ Давидович,2868 656379,"п. Нефедова, пер. Восточный, д. 97 к. 421, 436990",8 585 575 9940
821,Матвеева Евгения Филипповна,9355 303322,"д. Руза, бул. Клубный, д. 6 стр. 98, 061065",8 733 745 70 16
822,Прокл Фёдорович Тарасов,6724 468154,"клх Уфа, наб. Майская, д. 45, 843769",82964447725
823,Агафья Тарасовна Боброва,3419 347745,"клх Диксон, алл. Сахалинская, д. 9 к. 204, 241553",8 915 855 74 90
824,Сигизмунд Матвеевич Попов,2684 253557,"п. Нягань, ул. Волочаевская, д. 33 к. 5, 231582",8 (630) 402-9662
825,Юлия Эльдаровна Тарасова,5193 306854,"г. Ступино, алл. Кленовая, д. 50 к. 967, 153926",8 937 063 25 03
826,Жуков Фрол Владиленович,3842 731661,"д. Новороссийка, алл. Короткая, д. 161, 933359",+7 (797) 190-0002
827,Юдина Лукия Оскаровна,3504 897143,"п. Йошкар-Ола, пр. Бригадный, д. 2/9 к. 6, 079923",+7 453 231 6778
828,Ия Леоновна Мельникова,2234 285751,"клх Луховицы, пр. Полевой, д. 694, 911776",8 650 527 61 20
829,Галина Тимуровна Беляева,9095 586490,"д. Белоярский, бул. Уральский, д. 422 к. 816, 067635",+7 (223) 718-5921
830,Марина Семеновна Молчанова,8354 814220,"с. Кетченеры, ул. Народная, д. 3 к. 4, 003753",88923132465
831,Исаева Прасковья Мироновна,6295 757685,"п. Сосьва (Хант.), бул. Отрадный, д. 478 стр. 7/6, 538201",+7 406 526 64 26
832,Ефим Исидорович Голубев,6179 258290,"п. Лагань, наб. Проточная, д. 67 к. 6/7, 648784",86224945104
833,Всеслав Жанович Иванов,8205 171603,"д. Пышма, пр. Орджоникидзе, д. 720 к. 77, 293509",8 (934) 421-29-14
834,Мокей Абрамович Герасимов,8682 563688,"к. Сыктывкар, пер. Лесный, д. 6 к. 8/3, 184070",+7 (398) 214-7823
835,Юдин Герман Антонович,5961 935012,"г. Певек, пр. 9 Января, д. 763 к. 92, 301122",+7 084 842 6483
836,Ситников Еремей Федосьевич,5500 720148,"г. Тимашевск, бул. Кольцова, д. 2/4, 054946",82085649013
837,Ефремов Моисей Бенедиктович,1920 469038,"г. Абакан, ул. Толстого, д. 7, 758080",+7 (889) 044-1040
838,Арсений Иларионович Маслов,9312 177794,"г. Катайск, алл. Пушкинская, д. 9 к. 57, 558030",80168564717
839,Нонна Тимуровна Белоусова,6085 584172,"д. Ачинск, пр. Пушкинский, д. 9/9, 716115",8 (668) 611-9976
840,Фока Германович Нестеров,8404 139434,"с. Бологое, ш. Дачное, д. 1 к. 9, 534581",85657285353
841,Фаина Эдуардовна Мамонтова,1932 486649,"п. Осташков, бул. Морской, д. 677 к. 915, 668793",+7 302 853 2727
842,Нина Эдуардовна Шилова,5703 180458,"к. Братск, наб. Транспортная, д. 35 стр. 5, 130873",+7 897 207 3827
843,Олимпиада Робертовна Русакова,2479 744883,"ст. Таштагол, алл. 8 Марта, д. 97 к. 4/1, 071210",+7 (423) 447-30-57
844,Нонна Руслановна Белова,9307 503159,"клх Челюскин, бул. Шишкина, д. 765 стр. 7, 764099",8 833 440 09 52
845,Бирюков Кондрат Викентьевич,8581 708519,"п. Серпухов, алл. Саратовская, д. 21 стр. 4, 705473",8 015 791 15 01
846,Афанасьев Георгий Федосеевич,1672 571579,"д. Аршан (Бурят.), пр. Тимирязева, д. 84, 978335",+78835719214
847,Воронова Татьяна Богдановна,4084 437145,"п. Териберка, бул. Красина, д. 4 к. 40, 726652",8 (246) 854-9272
848,Андрон Александрович Пахомов,8792 625721,"д. Павловская, ул. Дальняя, д. 7 стр. 151, 432716",+7 (033) 563-6930
849,Павлов Арефий Алексеевич,3471 164879,"г. Усть-Калманка, пер. Торговый, д. 148 к. 48, 415892",80930437661
850,Аксенов Никодим Власович,8381 208529,"п. Джейрах, бул. Карла Либкнехта, д. 559 стр. 5/8, 531105",8 (330) 967-3979
851,Кудрявцева Антонина Федоровна,6626 849014,"п. Ребриха, алл. Монтажников, д. 6/1 стр. 767, 187762",8 (836) 368-8501
852,Афанасьева Галина Робертовна,2381 629057,"д. Ершов, пр. Космодемьянской, д. 8/9, 937616",8 228 989 0749
853,Константинова Лариса Феликсовна,3827 141043,"к. Невьянск, пр. Ильича, д. 3/7 стр. 8, 408385",8 (050) 141-7165
854,Фортунат Геннадиевич Дроздов,5059 841995,"д. Нижний Тагил, наб. Студенческая, д. 2/2 к. 9, 005009",+7 (449) 287-87-57
855,г-жа Носкова Акулина Вениаминовна,8172 560767,"г. Волоколамск, алл. 50 лет Октября, д. 718 стр. 374, 695222",+7 (369) 318-0620
856,Селиверстов Сигизмунд Герасимович,9586 648141,"ст. Кудымкар, пр. Олега Кошевого, д. 84, 374057",+7 446 956 74 06
857,Горшкова Евфросиния Михайловна,3600 481574,"к. Кемерово, наб. Песчаная, д. 7 к. 9/9, 583483",+78358626736
858,Клавдия Семеновна Веселова,7108 396635,"г. Сковородино, наб. Ермака, д. 589 к. 72, 443695",8 (050) 450-5092
859,Власова Октябрина Викторовна,7347 528625,"с. Каменск-Шахтинский, алл. Привольная, д. 477 к. 3/6, 503801",8 258 515 02 04
860,г-жа Прохорова Евгения Федоровна,6543 811875,"п. Нерчинск, ул. Кленовая, д. 5/4, 795311",+7 235 904 26 52
861,Иванна Владиславовна Жданова,1857 927564,"п. Нефедова, бул. Больничный, д. 8, 838554",8 146 091 9351
862,Харитонов Лазарь Изотович,6482 169113,"ст. Кетченеры, пр. Речной, д. 3/8 стр. 28, 733746",+7 215 756 26 41
863,Родионов Алексей Якубович,6401 199096,"д. Саратов, алл. Луговая, д. 469 к. 496, 399516",8 (045) 059-98-22
864,Наина Павловна Данилова,7333 397949,"ст. Кашира, ш. Курганное, д. 648 к. 142, 593645",+7 282 313 4275
865,Нинель Мироновна Абрамова,5128 858889,"г. Надым, пер. Железнодорожный, д. 5 к. 91, 436953",+7 029 771 15 06
866,Логинов Викентий Фролович,3463 449555,"ст. Невельск, пр. Горняцкий, д. 28, 291087",+7 (922) 198-3691
867,Нинель Даниловна Ларионова,2335 711046,"ст. Стерлитамак, ш. Нагорное, д. 3, 707459",81530445002
868,Носов Наркис Демьянович,3317 466813,"п. Минеральные Воды, наб. Горная, д. 69 стр. 8/7, 304093",+76754182368
869,Соловьева Анжела Ефимовна,6082 787923,"п. Бронницы, ш. Матросова, д. 533, 018422",+7 138 825 3208
870,Зимина Анжела Натановна,7421 235215,"п. Пушкин, алл. Дальняя, д. 4/7, 789476",8 (200) 052-14-10
871,Агафья Робертовна Андреева,2388 424620,"к. Ухта, ш. Береговое, д. 2 к. 83, 851191",84454569729
872,Мартьян Терентьевич Бирюков,7171 774751,"с. Ростов-на-Дону, ул. Заовражная, д. 8/2 к. 3/7, 956126",8 783 055 73 71
873,Сазонов Станислав Харлампович,6381 952686,"п. Дивногорск, бул. Рязанский, д. 2/5, 662763",+7 (041) 176-1421
874,Лавр Яковлевич Данилов,3093 802667,"д. Раменское, пр. Васильковый, д. 1/5, 568969",8 (703) 688-3004
875,Мартынова Элеонора Евгеньевна,9624 197992,"клх Быково (метеост.), пер. Байкальский, д. 29 к. 17, 593410",+70629118722
876,Матвеева Ольга Васильевна,7937 633188,"г. Уварово, пр. Юности, д. 875, 974997",89052217114
877,Исакова Лора Николаевна,6928 119116,"д. Южноуральск, бул. Кузнечный, д. 861 стр. 75, 163129",8 (557) 261-69-49
878,Севастьян Юльевич Богданов,6940 423869,"д. Чита, пер. Цветочный, д. 9/3 стр. 113, 167532",+7 633 613 17 98
879,Фока Алексеевич Симонов,3953 324597,"клх Шахты, алл. Металлургов, д. 69, 585835",8 399 812 74 39
880,Куликова Лидия Львовна,6598 903373,"ст. Курчатов, ш. Воронежское, д. 9, 476212",+7 (601) 863-9945
881,Емельян Димитриевич Филиппов,8967 301332,"к. Оха, ш. Интернациональное, д. 80, 859096",+75987240899
882,Валентина Робертовна Трофимова,4711 244247,"клх Вилюйск, пр. Тукая, д. 413 к. 4/7, 072173",+70242224198
883,Елизавета Аркадьевна Тихонова,3538 180913,"клх Кисловодск, наб. Свердлова, д. 218 к. 5, 248420",+7 (435) 094-76-51
884,Зиновьев Софон Федотович,5846 985447,"с. Кызыл, пер. Балтийский, д. 647, 989137",+7 542 451 9082
885,Афиноген Артёмович Козлов,2657 632351,"с. Моршанск, наб. Байкальская, д. 30 стр. 77, 696922",85338619411
886,Потапова Евдокия Юльевна,9843 975686,"ст. Мезень, наб. Учительская, д. 1, 628346",+7 (348) 893-3437
887,Степан Тарасович Кудряшов,9626 139581,"д. Салават, ш. Высотное, д. 44 к. 36, 507435",+7 952 889 5947
888,Агафья Ефимовна Ермакова,6517 903531,"к. Муром, наб. Гаражная, д. 7/6, 471883",+7 099 542 8873
889,Ия Юрьевна Юдина,3147 726258,"д. Рязань, пр. Отрадный, д. 1/7 к. 770, 149711",+7 384 715 6756
890,Любосмысл Ааронович Лапин,7172 261745,"д. Териберка, ул. Гаражная, д. 8/5 к. 3, 435969",8 (504) 505-6693
891,Леонтий Андреевич Кузьмин,3658 289630,"ст. Ухта, ул. Ермака, д. 85 к. 340, 038576",+7 (648) 163-84-93
892,Надежда Федоровна Беспалова,3712 856215,"п. Мостовской, наб. Черноморская, д. 210 стр. 97, 951930",+78527758670
893,Мария Леонидовна Аксенова,8170 145814,"п. Ребриха, наб. Свободы, д. 4, 689633",+7 812 335 76 17
894,Кононова Алла Петровна,7731 481995,"с. Малоярославец, ш. 70 лет Октября, д. 8/7 к. 36, 367850",8 (989) 774-7594
895,Кулагина Жанна Ильинична,4891 565776,"д. Новгород Великий, пр. Высоцкого, д. 1, 767687",+70420767514
896,Шестакова Евпраксия Кузьминична,5668 888939,"к. Соликамск, бул. Портовый, д. 199, 094065",8 582 344 53 85
897,Родионова Майя Ефимовна,8355 345369,"п. Гудермес, пр. Речной, д. 804 к. 291, 349561",+7 998 996 51 18
898,Белозеров Лукьян Юлианович,9749 350786,"ст. Кяхта, пр. Магистральный, д. 5 к. 8/7, 868704",8 (966) 682-90-52
899,Мефодий Марсович Соколов,6070 947903,"клх Забайкальск, алл. Инженерная, д. 329 стр. 7/5, 547398",8 221 405 13 18
900,Амос Ефремович Мартынов,8684 975679,"ст. Корсаков, пер. Революционный, д. 8, 247442",+7 359 441 0238
901,Зиновий Ильясович Михайлов,4178 485709,"к. Тайшет, наб. Кубанская, д. 41 к. 2, 025853",+76581539885
902,Шубина Варвара Рудольфовна,8218 584106,"д. Южноуральск, ш. Лермонтова, д. 728, 581675",82383193489
903,Рожков Андроник Антонович,5616 915922,"ст. Красноярск, алл. Большевистская, д. 39 к. 3, 959730",81218527341
904,тов. Владимирова Милица Богдановна,7256 627335,"г. Назрань, наб. Гастелло, д. 20 стр. 4, 304407",8 (811) 096-59-84
905,Веселова Лариса Робертовна,9641 538997,"п. Мезень, наб. Виноградная, д. 29 к. 56, 206419",+7 061 669 10 08
906,Яковлева Зоя Валентиновна,3655 956572,"д. Диксон, ш. Толбухина, д. 22 к. 6/7, 699620",8 (347) 910-0593
907,Лаврентьев Милован Эдгарович,4271 940181,"д. Ямбург, ул. Проезжая, д. 12 к. 974, 972438",8 (129) 514-52-05
908,Копылова Акулина Вениаминовна,3267 362147,"ст. Оленек, наб. Кооперативная, д. 52, 654747",8 950 904 18 98
909,Никифор Дорофеевич Ершов,1854 772324,"с. Мытищи, ш. 40 лет Октября, д. 3/4 стр. 9/9, 656993",+7 360 622 90 11
910,Евдокия Федоровна Щербакова,8873 489244,"с. Чикола, бул. Волкова, д. 199 к. 18, 514895",+7 (829) 441-9147
911,Алла Михайловна Жукова,2680 845957,"п. Ухта, пер. Гайдара, д. 467, 953267",+7 848 868 6562
912,Сергеева Маргарита Тарасовна,9452 992512,"д. Забайкальск, пер. Молодежный, д. 383 стр. 45, 688568",+76767809645
913,Елена Романовна Турова,3042 398910,"д. Мурманск, пр. Герцена, д. 41 стр. 4, 755592",8 (974) 874-1148
914,Глеб Федотович Зуев,2374 900185,"ст. Геленджик, пер. 8-е Марта, д. 5/6 стр. 74, 515641",86789630093
915,Силантий Гаврилович Семенов,3626 386042,"ст. Калининград, ул. Чернышевского, д. 3/3, 228483",+79276680984
916,Антип Архипович Брагин,8361 638289,"г. Карабудахкент, наб. Садовая, д. 853, 586671",8 544 605 3926
917,Белозеров Поликарп Чеславович,3414 971415,"клх Джубга, алл. Сосновая, д. 4 к. 5/2, 928567",+7 (850) 215-53-83
918,Полина Робертовна Александрова,8167 196168,"г. Ершов, алл. Баумана, д. 4 к. 7, 844607",8 (907) 519-9198
919,Трофимов Мстислав Исидорович,4637 956375,"д. Кяхта, ул. Дзержинского, д. 45 к. 964, 838597",+77765659070
920,Лазарь Евсеевич Кулагин,8391 466566,"п. Рыльск, пр. 8-е Марта, д. 356 стр. 50, 763415",+7 (597) 710-0115
921,Суворова Оксана Евгеньевна,1436 535050,"п. Бронницы, наб. Леваневского, д. 62 стр. 8, 641354",8 (416) 855-73-95
922,Самойлов Галактион Иосифович,1872 515712,"д. Анапа, бул. Чайковского, д. 5/8 стр. 9, 660284",+7 362 334 70 40
923,Ипатий Трифонович Константинов,9224 492127,"к. Сызрань, пер. Восьмого Марта, д. 24 стр. 6, 083745",8 017 039 61 01
924,Яков Аксёнович Прохоров,4862 504924,"с. Астрахань, пр. Просторный, д. 778 к. 68, 162159",+7 (896) 763-5367
925,тов. Бобылева Людмила Станиславовна,2337 493124,"с. Беслан, алл. Запрудная, д. 24 к. 63, 390143",+7 974 274 9366
926,Елена Кузьминична Архипова,4678 129556,"ст. Благовещенск (Амур.), наб. Рабочая, д. 10 стр. 4/6, 582608",+7 (526) 379-41-28
927,Регина Натановна Котова,6221 203896,"ст. Грозный, алл. Привольная, д. 51 стр. 35, 119789",+7 (594) 657-44-65
928,Королева Маргарита Кузьминична,6493 929822,"г. Выборг, ул. Володарского, д. 836 стр. 18, 203881",83768418471
929,Всеволод Владленович Новиков,3392 244283,"клх Троицк (Челяб.), алл. Харьковская, д. 5, 112728",+7 (603) 087-6477
930,Дроздов Автоном Федосеевич,1627 400814,"г. Урус-Мартан, ш. Вавилова, д. 3/6, 767162",+7 720 488 86 80
931,Орлова Прасковья Натановна,8740 829884,"п. Жиганск, ш. Строителей, д. 7 к. 7, 419916",+7 539 064 9097
932,Данилова Клавдия Владимировна,3273 895702,"клх Шамары, бул. Цветочный, д. 681 к. 936, 967074",+7 (153) 193-62-52
933,Авдей Викентьевич Захаров,8685 570392,"д. Аргаяш, бул. Макарова, д. 5 стр. 429, 583843",81065735174
934,Ипполит Матвеевич Дроздов,1086 183074,"г. Ардон, бул. Широкий, д. 1, 283319",8 589 799 0359
935,Семен Эдгарович Федоров,1311 368355,"п. Аршан (Бурят.), пр. Громова, д. 1/5 к. 724, 516483",8 (953) 376-8418
936,Олимпий Фокич Суворов,4533 975522,"г. Осташков, алл. Гоголя, д. 8 к. 81, 033249",8 757 451 04 84
937,Алина Эдуардовна Антонова,3449 675462,"ст. Гдов, ул. Чайковского, д. 1/6 стр. 3, 079959",+77611107976
938,Радим Иосипович Калинин,9647 543814,"к. Славгород, пер. Макарова, д. 72, 485403",80984685606
939,Харлампий Гавриилович Стрелков,2821 913875,"п. Торжок, пр. Металлургов, д. 897, 795703",89626377927
940,Устинов Борислав Антонович,5720 349183,"к. Горячинск, пер. Маркса Карла, д. 12, 824323",+7 (302) 399-3446
941,Власов Алексей Матвеевич,5934 227767,"клх Агата, пер. Чайковского, д. 63 к. 9/7, 294128",8 370 064 4885
942,Самуил Измаилович Николаев,1782 350021,"д. Яхрома, ш. Комсомольское, д. 3 стр. 6, 280537",8 425 507 86 88
943,Третьякова София Никифоровна,7878 769989,"г. Киржач, пер. Мельничный, д. 41 стр. 270, 866399",+7 (879) 872-87-31
944,Глеб Ефстафьевич Ермаков,8489 165858,"п. Чебаркуль, пр. Ветеранов, д. 5, 603328",8 (807) 005-1028
945,Мартьян Артурович Алексеев,2816 977330,"клх Ессентуки, бул. Школьный, д. 575 стр. 5, 648792",+7 046 627 50 15
946,Федосеев Филимон Филатович,9189 725726,"п. Белокуриха, ш. Розы Люксембург, д. 678, 833095",8 (723) 836-8060
947,Иванна Леоновна Третьякова,9782 117233,"п. Петухово, ул. Флотская, д. 9 к. 197, 501967",87209251920
948,Шилов Герман Ильич,9443 702980,"п. Дудинка, пр. Школьный, д. 4 стр. 6/9, 915855",+7 163 971 49 20
949,Октябрина Леоновна Никонова,4963 853448,"клх Вытегра, алл. Горького, д. 4/7 к. 36, 918831",+7 (497) 736-77-24
950,Лев Герасимович Евдокимов,3352 405420,"д. Славянск-на-Кубани, пр. Тракторный, д. 6/8 стр. 556, 802990",+7 (480) 424-7960
951,Молчанова Алла Феликсовна,8032 101640,"д. Бологое, бул. 40 лет Октября, д. 4/8 к. 3/5, 662254",82036930914
952,Анастасия Болеславовна Ларионова,6780 352249,"с. Кондопога, бул. Торговый, д. 3/3, 414756",80018429335
953,Зиновьева Ираида Петровна,7825 296412,"п. Чайковский, бул. Харьковский, д. 7 стр. 8/8, 539022",8 247 365 00 32
954,Соколова Ульяна Антоновна,2402 648913,"к. Серафимович, ул. Труда, д. 3 к. 9/8, 554042",+7 (169) 792-0675
955,Ираида Филипповна Цветкова,6908 170966,"п. Цимлянск, пер. Степной, д. 6 к. 39, 287835",8 (338) 133-07-34
956,Емельян Анисимович Королев,9618 670511,"к. Вологда, алл. Кирова, д. 5/1, 372033",8 051 602 3251
957,Пелагея Богдановна Громова,9312 924613,"д. Тамбей, ш. Черемуховое, д. 342, 564119",82551253807
958,Анжела Эдуардовна Тарасова,9316 681070,"г. Нижнекамск, бул. Главный, д. 5 стр. 297, 755716",8 328 246 30 61
959,Кузьмина Анжела Тарасовна,1333 509420,"п. Моздок, ул. Советская, д. 7/2, 042059",8 (685) 697-7143
960,Шубина Наталья Алексеевна,8702 145649,"г. Балашов, наб. Марта 8, д. 303, 888818",83046163881
961,Симон Харламович Рогов,7338 491435,"д. Новая Игирма, пер. Трудовой, д. 1 к. 6/7, 672800",8 (272) 081-47-23
962,Милован Федосеевич Бобров,5155 883618,"д. Кизилюрт, бул. Кооперативный, д. 70 стр. 9/6, 454983",8 714 674 90 66
963,Владимирова Наина Петровна,1266 474440,"ст. Ухта, ш. Победа, д. 516 к. 7, 595634",+7 (180) 739-2002
964,Милан Федотович Суханов,2106 461551,"ст. Соболево, пр. Невского, д. 40 стр. 967, 192615",+78720124025
965,Кира Львовна Маркова,4950 868544,"к. Магнитогорск, ул. 9 мая, д. 999 стр. 89, 738872",+76163034383
966,Анастасия Алексеевна Новикова,2698 908977,"п. Мичуринск, пер. Дзержинского, д. 80, 179965",+76628973518
967,Мельникова Галина Вениаминовна,6447 239890,"с. Мценск, пр. Весенний, д. 422 стр. 523, 567712",8 158 904 1828
968,Агафья Львовна Виноградова,1726 469412,"с. Балашиха, пер. Донской, д. 33 стр. 9/9, 479098",8 361 527 69 58
969,Ия Кузьминична Антонова,9945 454992,"п. Ессентуки, бул. Учительский, д. 9 к. 4/2, 737145",+7 311 802 6691
970,Варвара Юльевна Фадеева,3868 970720,"г. Орел, ул. Путевая, д. 2/9, 199256",82476883410
971,Федоров Климент Бенедиктович,8612 829168,"д. Воркута, ш. Крайнее, д. 1, 132517",80447085609
972,Вишнякова Алла Натановна,8840 762423,"к. Теберда, пер. Сахалинский, д. 203 к. 6, 457227",8 794 074 0337
973,Ян Филимонович Смирнов,3986 950916,"д. Воткинск, алл. Пирогова, д. 2 стр. 56, 060326",8 (531) 805-76-31
974,Петрова Анжелика Алексеевна,3209 166165,"к. Плесецк, алл. Космонавтов, д. 16, 400474",8 (679) 486-9894
975,Михеева Ангелина Рубеновна,8498 138780,"с. Воткинск, ул. Макарова, д. 1/2, 737594",83307811171
976,Мишина Наталья Альбертовна,5807 311383,"д. Апшеронск, ул. Флотская, д. 5, 559674",+7 (338) 496-5523
977,Киселева Ольга Алексеевна,1717 929538,"к. Корсаков, ш. Горное, д. 3, 653619",8 (731) 739-46-24
978,Терентьева Виктория Геннадьевна,4268 143941,"ст. Мытищи, алл. Сенная, д. 7/9 стр. 2/5, 349317",86706055817
979,Лариса Рубеновна Кошелева,6170 425138,"клх Городовиковск, алл. Лазо, д. 969 к. 55, 463989",8 (014) 557-03-93
980,Влас Харламович Игнатов,9444 517568,"с. Черкесск, наб. Космонавтов, д. 19, 092600",+7 110 156 1619
981,Феликс Дорофеевич Устинов,9897 596395,"п. Верхний Баскунчак, ул. Коммунистическая, д. 93, 699086",8 (233) 104-48-17
982,Фокина Октябрина Ефимовна,5150 138399,"к. Пятигорск, пер. Придорожный, д. 91, 206318",8 417 613 02 36
983,Виктор Феодосьевич Кошелев,4131 400009,"д. Калач-на-Дону, бул. Песчаный, д. 8/7 к. 1, 239193",+7 (528) 267-12-69
984,Логинов Казимир Захарьевич,6848 918771,"к. Кабанск, пр. Иркутский, д. 5 стр. 4, 868111",+73306409805
985,Архипова Анжелика Леоновна,1783 787584,"д. Белый Яр (Томск.), пр. Ольховый, д. 9/8 стр. 225, 046372",+7 626 603 23 58
986,Терентий Абрамович Захаров,6438 386488,"клх Южноуральск, пер. Пожарского, д. 4/8 стр. 69, 955192",+77411173670
987,Лобанов Парамон Виленович,3039 938171,"клх Сладково, ул. Пушкинская, д. 95 к. 3, 300805",8 308 292 48 28
988,Данила Брониславович Волков,7029 558176,"г. Златоуст, пр. Угловой, д. 6/5 стр. 3, 072019",8 (084) 287-41-62
989,тов. Фадеев Епифан Тихонович,7553 879414,"п. Якутск, бул. Чернышевского, д. 6 стр. 600, 081948",+72262300360
990,г-жа Титова Жанна Леонидовна,8204 505426,"клх Тура, ул. Окружная, д. 3, 375391",8 928 091 66 31
991,Парфен Теймуразович Дьячков,6554 295892,"г. Кош-Агач, ш. Молодежное, д. 6, 410616",8 497 008 44 58
992,Суханов Валентин Эдгардович,9129 825686,"п. Челябинск, ш. Стахановское, д. 592 к. 115, 096996",+7 315 255 23 22
993,Жданова Алла Леонидовна,9151 485191,"клх Саянск, наб. Белорусская, д. 5 стр. 747, 539501",+7 152 558 62 77
994,Жданова Синклитикия Вячеславовна,9507 379676,"п. Великие Луки, наб. Степная, д. 50 к. 9, 971861",+72293554592
995,Зиновьев Милован Устинович,2353 862400,"с. Таганрог, пер. Целинный, д. 937 стр. 50, 762745",+7 160 895 89 70
996,Валентина Макаровна Прохорова,7955 182760,"г. Карачаевск, пр. Менделеева, д. 408, 761289",8 (993) 074-6113
997,Дроздова Элеонора Романовна,8055 731718,"г. Яшкуль, бул. Льва Толстого, д. 933 к. 9/9, 285898",8 818 439 76 30
998,Самсонова Татьяна Андреевна,3956 671971,"п. Тайшет, наб. Строителей, д. 6 стр. 5/5, 107692",8 265 434 75 91
999,Новикова Иванна Ефимовна,5813 436814,"д. Томари, бул. Трактовый, д. 7/6 к. 8, 756816",8 (843) 407-30-71
1000,Октябрина Рубеновна Кондратьева,2680 183958,"клх Калуга, бул. Заводской, д. 978 к. 36, 338540",+7 (369) 995-2850
